[INFO] Scanning for projects...
[INFO] 
[INFO] ----------------------< com.example:api-gateway >-----------------------
[INFO] Building api-gateway 0.0.1-SNAPSHOT
[INFO]   from pom.xml
[INFO] --------------------------------[ jar ]---------------------------------
[INFO] 
[INFO] >>> spring-boot:3.3.2:run (default-cli) > test-compile @ api-gateway >>>
[INFO] 
[INFO] --- resources:3.3.1:resources (default-resources) @ api-gateway ---
[INFO] Copying 1 resource from src\main\resources to target\classes
[INFO] Copying 0 resource from src\main\resources to target\classes
[INFO] 
[INFO] --- compiler:3.13.0:compile (default-compile) @ api-gateway ---
[INFO] Nothing to compile - all classes are up to date.
[INFO] 
[INFO] --- resources:3.3.1:testResources (default-testResources) @ api-gateway ---
[INFO] Copying 1 resource from src\test\resources to target\test-classes
[INFO] 
[INFO] --- compiler:3.13.0:testCompile (default-testCompile) @ api-gateway ---
[INFO] Nothing to compile - all classes are up to date.
[INFO] 
[INFO] <<< spring-boot:3.3.2:run (default-cli) < test-compile @ api-gateway <<<
[INFO] 
[INFO] 
[INFO] --- spring-boot:3.3.2:run (default-cli) @ api-gateway ---
[INFO] Attaching agents: []

  .   ____          _            __ _ _
 /\\ / ___'_ __ _ _(_)_ __  __ _ \ \ \ \
( ( )\___ | '_ | '_| | '_ \/ _` | \ \ \ \
 \\/  ___)| |_)| | | | | || (_| |  ) ) ) )
  '  |____| .__|_| |_|_| |_\__, | / / / /
 =========|_|==============|___/=/_/_/_/

 :: Spring Boot ::                (v3.3.2)

2026-03-01T10:01:50.711+01:00  INFO 4700 --- [api-gateway] [           main] t.e.apigateway.ApiGatewayApplication     : Starting ApiGatewayApplication using Java 17.0.10 with PID 4700 (C:\Users\yassi\OneDrive\Documents\aaa\breadandbutteruser\p-r-k\ApiGateway\ApiGateway\target\classes started by yassi in C:\Users\yassi\OneDrive\Documents\aaa\breadandbutteruser\p-r-k\ApiGateway\ApiGateway)
2026-03-01T10:01:50.714+01:00  INFO 4700 --- [api-gateway] [           main] t.e.apigateway.ApiGatewayApplication     : No active profile set, falling back to 1 default profile: "default"
2026-03-01T10:01:50.715+01:00 DEBUG 4700 --- [api-gateway] [           main] o.s.boot.SpringApplication               : Loading source class tn.esprit.apigateway.ApiGatewayApplication
2026-03-01T10:01:50.759+01:00 DEBUG 4700 --- [api-gateway] [           main] onfigReactiveWebServerApplicationContext : Refreshing org.springframework.boot.web.reactive.context.AnnotationConfigReactiveWebServerApplicationContext@2663e964
2026-03-01T10:01:51.578+01:00  INFO 4700 --- [api-gateway] [           main] o.s.cloud.context.scope.GenericScope     : BeanFactory id=eec037cc-c7fe-33d9-801c-879d2d253976
2026-03-01T10:01:51.682+01:00  WARN 4700 --- [api-gateway] [           main] trationDelegate$BeanPostProcessorChecker : Bean 'org.springframework.cloud.client.loadbalancer.LoadBalancerAutoConfiguration$DeferringLoadBalancerInterceptorConfig' of type [org.springframework.cloud.client.loadbalancer.LoadBalancerAutoConfiguration$DeferringLoadBalancerInterceptorConfig] is not eligible for getting processed by all BeanPostProcessors (for example: not eligible for auto-proxying). The currently created BeanPostProcessor [lbRestClientPostProcessor] is declared through a non-static factory method on that class; consider declaring it as static instead.
2026-03-01T10:01:51.684+01:00  WARN 4700 --- [api-gateway] [           main] trationDelegate$BeanPostProcessorChecker : Bean 'deferringLoadBalancerInterceptor' of type [org.springframework.cloud.client.loadbalancer.DeferringLoadBalancerInterceptor] is not eligible for getting processed by all BeanPostProcessors (for example: not eligible for auto-proxying). Is this bean getting eagerly injected into a currently created BeanPostProcessor [lbRestClientPostProcessor]? Check the corresponding BeanPostProcessor declaration and its dependencies.
2026-03-01T10:01:51.686+01:00  WARN 4700 --- [api-gateway] [           main] trationDelegate$BeanPostProcessorChecker : Bean 'org.springframework.cloud.client.loadbalancer.reactive.LoadBalancerBeanPostProcessorAutoConfiguration' of type [org.springframework.cloud.client.loadbalancer.reactive.LoadBalancerBeanPostProcessorAutoConfiguration] is not eligible for getting processed by all BeanPostProcessors (for example: not eligible for auto-proxying). The currently created BeanPostProcessor [loadBalancerWebClientBuilderBeanPostProcessor] is declared through a non-static factory method on that class; consider declaring it as static instead.
2026-03-01T10:01:51.686+01:00  WARN 4700 --- [api-gateway] [           main] trationDelegate$BeanPostProcessorChecker : Bean 'org.springframework.cloud.client.loadbalancer.reactive.LoadBalancerBeanPostProcessorAutoConfiguration$ReactorDeferringLoadBalancerFilterConfig' of type [org.springframework.cloud.client.loadbalancer.reactive.LoadBalancerBeanPostProcessorAutoConfiguration$ReactorDeferringLoadBalancerFilterConfig] is not eligible for getting processed by all BeanPostProcessors (for example: not eligible for auto-proxying). Is this bean getting eagerly injected into a currently created BeanPostProcessor [loadBalancerWebClientBuilderBeanPostProcessor]? Check the corresponding BeanPostProcessor declaration and its dependencies.
2026-03-01T10:01:51.688+01:00  WARN 4700 --- [api-gateway] [           main] trationDelegate$BeanPostProcessorChecker : Bean 'reactorDeferringLoadBalancerExchangeFilterFunction' of type [org.springframework.cloud.client.loadbalancer.reactive.DeferringLoadBalancerExchangeFilterFunction] is not eligible for getting processed by all BeanPostProcessors (for example: not eligible for auto-proxying). Is this bean getting eagerly injected into a currently created BeanPostProcessor [loadBalancerWebClientBuilderBeanPostProcessor]? Check the corresponding BeanPostProcessor declaration and its dependencies.
2026-03-01T10:01:52.336+01:00 DEBUG 4700 --- [api-gateway] [           main] o.s.b.a.AutoConfigurationPackages        : @EnableAutoConfiguration was declared on a class in the package 'tn.esprit.apigateway'. Automatic @Repository and @Entity scanning is enabled.
2026-03-01T10:01:53.793+01:00  INFO 4700 --- [api-gateway] [           main] o.s.cloud.commons.util.InetUtils         : Cannot determine local hostname
2026-03-01T10:01:55.337+01:00  INFO 4700 --- [api-gateway] [           main] o.s.cloud.commons.util.InetUtils         : Cannot determine local hostname
2026-03-01T10:01:55.692+01:00  INFO 4700 --- [api-gateway] [           main] o.s.c.g.r.RouteDefinitionRouteLocator    : Loaded RoutePredicateFactory [After]
2026-03-01T10:01:55.693+01:00  INFO 4700 --- [api-gateway] [           main] o.s.c.g.r.RouteDefinitionRouteLocator    : Loaded RoutePredicateFactory [Before]
2026-03-01T10:01:55.693+01:00  INFO 4700 --- [api-gateway] [           main] o.s.c.g.r.RouteDefinitionRouteLocator    : Loaded RoutePredicateFactory [Between]
2026-03-01T10:01:55.694+01:00  INFO 4700 --- [api-gateway] [           main] o.s.c.g.r.RouteDefinitionRouteLocator    : Loaded RoutePredicateFactory [Cookie]
2026-03-01T10:01:55.694+01:00  INFO 4700 --- [api-gateway] [           main] o.s.c.g.r.RouteDefinitionRouteLocator    : Loaded RoutePredicateFactory [Header]
2026-03-01T10:01:55.694+01:00  INFO 4700 --- [api-gateway] [           main] o.s.c.g.r.RouteDefinitionRouteLocator    : Loaded RoutePredicateFactory [Host]
2026-03-01T10:01:55.694+01:00  INFO 4700 --- [api-gateway] [           main] o.s.c.g.r.RouteDefinitionRouteLocator    : Loaded RoutePredicateFactory [Method]
2026-03-01T10:01:55.695+01:00  INFO 4700 --- [api-gateway] [           main] o.s.c.g.r.RouteDefinitionRouteLocator    : Loaded RoutePredicateFactory [Path]
2026-03-01T10:01:55.695+01:00  INFO 4700 --- [api-gateway] [           main] o.s.c.g.r.RouteDefinitionRouteLocator    : Loaded RoutePredicateFactory [Query]
2026-03-01T10:01:55.696+01:00  INFO 4700 --- [api-gateway] [           main] o.s.c.g.r.RouteDefinitionRouteLocator    : Loaded RoutePredicateFactory [ReadBody]
2026-03-01T10:01:55.696+01:00  INFO 4700 --- [api-gateway] [           main] o.s.c.g.r.RouteDefinitionRouteLocator    : Loaded RoutePredicateFactory [RemoteAddr]
2026-03-01T10:01:55.696+01:00  INFO 4700 --- [api-gateway] [           main] o.s.c.g.r.RouteDefinitionRouteLocator    : Loaded RoutePredicateFactory [XForwardedRemoteAddr]
2026-03-01T10:01:55.697+01:00  INFO 4700 --- [api-gateway] [           main] o.s.c.g.r.RouteDefinitionRouteLocator    : Loaded RoutePredicateFactory [Weight]
2026-03-01T10:01:55.697+01:00  INFO 4700 --- [api-gateway] [           main] o.s.c.g.r.RouteDefinitionRouteLocator    : Loaded RoutePredicateFactory [CloudFoundryRouteService]
2026-03-01T10:01:55.777+01:00 DEBUG 4700 --- [api-gateway] [           main] o.s.w.r.handler.SimpleUrlHandlerMapping  : Patterns [/webjars/**, /**] in 'resourceHandlerMapping'
2026-03-01T10:01:55.820+01:00 DEBUG 4700 --- [api-gateway] [           main] o.s.w.r.r.m.a.ControllerMethodResolver   : ControllerAdvice beans: none
2026-03-01T10:01:55.854+01:00 DEBUG 4700 --- [api-gateway] [           main] o.s.w.s.adapter.HttpWebHandlerAdapter    : enableLoggingRequestDetails='false': form data and headers will be masked to prevent unsafe logging of potentially sensitive data
2026-03-01T10:01:57.437+01:00  INFO 4700 --- [api-gateway] [           main] o.s.cloud.commons.util.InetUtils         : Cannot determine local hostname
2026-03-01T10:01:57.475+01:00  INFO 4700 --- [api-gateway] [           main] DiscoveryClientOptionalArgsConfiguration : Eureka HTTP Client uses RestTemplate.
2026-03-01T10:01:57.502+01:00  WARN 4700 --- [api-gateway] [           main] iguration$LoadBalancerCaffeineWarnLogger : Spring Cloud LoadBalancer is currently working with the default cache. While this cache implementation is useful for development and tests, it's recommended to use Caffeine cache in production.You can switch to using Caffeine cache, by adding it and org.springframework.cache.caffeine.CaffeineCacheManager to the classpath.
2026-03-01T10:01:57.538+01:00  INFO 4700 --- [api-gateway] [           main] o.s.c.n.eureka.InstanceInfoFactory       : Setting initial instance status as: STARTING
2026-03-01T10:01:57.564+01:00  INFO 4700 --- [api-gateway] [           main] com.netflix.discovery.DiscoveryClient    : Initializing Eureka in region us-east-1
2026-03-01T10:01:57.570+01:00  INFO 4700 --- [api-gateway] [           main] c.n.d.s.r.aws.ConfigClusterResolver      : Resolving eureka endpoints via configuration
2026-03-01T10:01:57.581+01:00  INFO 4700 --- [api-gateway] [           main] com.netflix.discovery.DiscoveryClient    : Disable delta property : false
2026-03-01T10:01:57.582+01:00  INFO 4700 --- [api-gateway] [           main] com.netflix.discovery.DiscoveryClient    : Single vip registry refresh property : null
2026-03-01T10:01:57.582+01:00  INFO 4700 --- [api-gateway] [           main] com.netflix.discovery.DiscoveryClient    : Force full registry fetch : false
2026-03-01T10:01:57.583+01:00  INFO 4700 --- [api-gateway] [           main] com.netflix.discovery.DiscoveryClient    : Application is null : false
2026-03-01T10:01:57.583+01:00  INFO 4700 --- [api-gateway] [           main] com.netflix.discovery.DiscoveryClient    : Registered Applications size is zero : true
2026-03-01T10:01:57.583+01:00  INFO 4700 --- [api-gateway] [           main] com.netflix.discovery.DiscoveryClient    : Application version is -1: true
2026-03-01T10:01:57.583+01:00  INFO 4700 --- [api-gateway] [           main] com.netflix.discovery.DiscoveryClient    : Getting all instance registry info from the eureka server
2026-03-01T10:01:57.803+01:00 DEBUG 4700 --- [api-gateway] [           main] o.s.web.client.RestTemplate              : HTTP GET http://localhost:8071/eureka/apps/
2026-03-01T10:01:57.918+01:00 DEBUG 4700 --- [api-gateway] [           main] o.s.web.client.RestTemplate              : Accept=[application/json, application/*+json]
2026-03-01T10:01:57.983+01:00 DEBUG 4700 --- [api-gateway] [           main] o.s.web.client.RestTemplate              : Response 200 OK
2026-03-01T10:01:57.988+01:00 DEBUG 4700 --- [api-gateway] [           main] o.s.web.client.RestTemplate              : Reading to [org.springframework.cloud.netflix.eureka.http.EurekaApplications]
2026-03-01T10:01:58.017+01:00  INFO 4700 --- [api-gateway] [           main] com.netflix.discovery.DiscoveryClient    : The response status is 200
2026-03-01T10:01:58.020+01:00  INFO 4700 --- [api-gateway] [           main] com.netflix.discovery.DiscoveryClient    : Starting heartbeat executor: renew interval is: 30
2026-03-01T10:01:58.022+01:00  INFO 4700 --- [api-gateway] [           main] c.n.discovery.InstanceInfoReplicator     : InstanceInfoReplicator onDemand update allowed rate per min is 4
2026-03-01T10:01:58.024+01:00  INFO 4700 --- [api-gateway] [           main] com.netflix.discovery.DiscoveryClient    : Discovery Client initialized at timestamp 1772355718023 with initial instances count: 1
2026-03-01T10:01:58.027+01:00  INFO 4700 --- [api-gateway] [           main] o.s.c.n.e.s.EurekaServiceRegistry        : Registering application API-GATEWAY with eureka with status UP
2026-03-01T10:01:58.028+01:00  INFO 4700 --- [api-gateway] [           main] com.netflix.discovery.DiscoveryClient    : Saw local status change event StatusChangeEvent [timestamp=1772355718028, current=UP, previous=STARTING]
2026-03-01T10:01:58.029+01:00  INFO 4700 --- [api-gateway] [foReplicator-%d] com.netflix.discovery.DiscoveryClient    : DiscoveryClient_API-GATEWAY/localhost:api-gateway:8088: registering service...
2026-03-01T10:01:58.033+01:00 DEBUG 4700 --- [api-gateway] [foReplicator-%d] o.s.web.client.RestTemplate              : HTTP POST http://localhost:8071/eureka/apps/API-GATEWAY
2026-03-01T10:01:58.036+01:00 DEBUG 4700 --- [api-gateway] [foReplicator-%d] o.s.web.client.RestTemplate              : Accept=[application/json, application/*+json]
2026-03-01T10:01:58.052+01:00 DEBUG 4700 --- [api-gateway] [foReplicator-%d] o.s.web.client.RestTemplate              : Writing [InstanceInfo [instanceId = localhost:api-gateway:8088, appName = API-GATEWAY, hostName = localhost, status = UP, ipAddr = 192.168.11.1, port = 8088, securePort = 443, dataCenterInfo = com.netflix.appinfo.MyDataCenterInfo@786bf1d1] as "application/json"
2026-03-01T10:01:58.076+01:00 DEBUG 4700 --- [api-gateway] [foReplicator-%d] o.s.web.client.RestTemplate              : Response 204 NO_CONTENT
2026-03-01T10:01:58.077+01:00  INFO 4700 --- [api-gateway] [foReplicator-%d] com.netflix.discovery.DiscoveryClient    : DiscoveryClient_API-GATEWAY/localhost:api-gateway:8088 - registration status: 204
2026-03-01T10:01:58.349+01:00  INFO 4700 --- [api-gateway] [           main] o.s.b.web.embedded.netty.NettyWebServer  : Netty started on port 8088 (http)
2026-03-01T10:01:58.350+01:00  INFO 4700 --- [api-gateway] [           main] .s.c.n.e.s.EurekaAutoServiceRegistration : Updating port to 8088
2026-03-01T10:01:58.527+01:00 DEBUG 4700 --- [api-gateway] [ctor-http-nio-2] o.s.w.s.adapter.HttpWebHandlerAdapter    : [7c5ff666-1] HTTP GET "/"
2026-03-01T10:01:58.577+01:00 DEBUG 4700 --- [api-gateway] [     parallel-1] o.s.w.s.s.DefaultWebSessionManager       : Created new WebSession.
2026-03-01T10:01:58.609+01:00 DEBUG 4700 --- [api-gateway] [     parallel-1] o.s.w.s.adapter.HttpWebHandlerAdapter    : [7c5ff666-1] Completed 401 UNAUTHORIZED
2026-03-01T10:01:59.815+01:00  INFO 4700 --- [api-gateway] [           main] o.s.cloud.commons.util.InetUtils         : Cannot determine local hostname
2026-03-01T10:02:01.213+01:00  INFO 4700 --- [api-gateway] [           main] o.s.cloud.commons.util.InetUtils         : Cannot determine local hostname
2026-03-01T10:02:01.230+01:00 DEBUG 4700 --- [api-gateway] [           main] .s.b.a.l.ConditionEvaluationReportLogger : 


============================
CONDITIONS EVALUATION REPORT
============================


Positive matches:
-----------------

   AopAutoConfiguration matched:
      - @ConditionalOnProperty (spring.aop.auto=true) matched (OnPropertyCondition)

   AopAutoConfiguration.ClassProxyingConfiguration matched:
      - @ConditionalOnMissingClass did not find unwanted class 'org.aspectj.weaver.Advice' (OnClassCondition)
      - @ConditionalOnProperty (spring.aop.proxy-target-class=true) matched (OnPropertyCondition)

   ApplicationAvailabilityAutoConfiguration#applicationAvailability matched:
      - @ConditionalOnMissingBean (types: org.springframework.boot.availability.ApplicationAvailability; SearchStrategy: all) did not find any beans (OnBeanCondition)

   AutoServiceRegistrationAutoConfiguration matched:
      - @ConditionalOnProperty (spring.cloud.service-registry.auto-registration.enabled) matched (OnPropertyCondition)

   AutoServiceRegistrationConfiguration matched:
      - @ConditionalOnProperty (spring.cloud.service-registry.auto-registration.enabled) matched (OnPropertyCondition)

   BlockingLoadBalancerClientAutoConfiguration matched:
      - @ConditionalOnProperty (spring.cloud.loadbalancer.enabled=true) matched (OnPropertyCondition)
      - AnyNestedCondition 2 matched 0 did not; NestedCondition on BlockingRestClassesPresentCondition.RestClientPresent @ConditionalOnClass found required class 'org.springframework.web.client.RestClient'; NestedCondition on BlockingRestClassesPresentCondition.RestTemplatePresent @ConditionalOnClass found required class 'org.springframework.web.client.RestTemplate' (BlockingRestClassesPresentCondition)

   BlockingLoadBalancerClientAutoConfiguration#blockingLoadBalancerClient matched:
      - @ConditionalOnBean (types: org.springframework.cloud.loadbalancer.support.LoadBalancerClientFactory; SearchStrategy: all) found bean 'loadBalancerClientFactory'; @ConditionalOnMissingBean (types: org.springframework.cloud.client.loadbalancer.LoadBalancerClient; SearchStrategy: all) did not find any beans (OnBeanCondition)

   BlockingLoadBalancerClientAutoConfiguration#loadBalancerServiceInstanceCookieTransformer matched:
      - @ConditionalOnBean (types: org.springframework.cloud.loadbalancer.support.LoadBalancerClientFactory; SearchStrategy: all) found bean 'loadBalancerClientFactory'; @ConditionalOnMissingBean (types: org.springframework.cloud.loadbalancer.core.LoadBalancerServiceInstanceCookieTransformer; SearchStrategy: all) did not find any beans (OnBeanCondition)

   BlockingLoadBalancerClientAutoConfiguration#xForwarderHeadersTransformer matched:
      - @ConditionalOnBean (types: org.springframework.cloud.loadbalancer.support.LoadBalancerClientFactory; SearchStrategy: all) found bean 'loadBalancerClientFactory'; @ConditionalOnMissingBean (types: org.springframework.cloud.loadbalancer.blocking.XForwardedHeadersTransformer; SearchStrategy: all) did not find any beans (OnBeanCondition)

   ClientHttpConnectorAutoConfiguration matched:
      - @ConditionalOnClass found required class 'org.springframework.web.reactive.function.client.WebClient' (OnClassCondition)

   ClientHttpConnectorAutoConfiguration#webClientHttpConnector matched:
      - @ConditionalOnMissingBean (types: org.springframework.http.client.reactive.ClientHttpConnector; SearchStrategy: all) did not find any beans (OnBeanCondition)

   ClientHttpConnectorAutoConfiguration#webClientHttpConnectorCustomizer matched:
      - @ConditionalOnBean (types: org.springframework.http.client.reactive.ClientHttpConnector; SearchStrategy: all) found bean 'webClientHttpConnector' (OnBeanCondition)

   ClientHttpConnectorFactoryConfiguration.ReactorNetty matched:
      - @ConditionalOnClass found required class 'reactor.netty.http.client.HttpClient' (OnClassCondition)
      - @ConditionalOnMissingBean (types: org.springframework.boot.autoconfigure.web.reactive.function.client.ClientHttpConnectorFactory; SearchStrategy: all) did not find any beans (OnBeanCondition)

   CodecsAutoConfiguration matched:
      - @ConditionalOnClass found required classes 'org.springframework.http.codec.CodecConfigurer', 'org.springframework.web.reactive.function.client.WebClient' (OnClassCondition)

   CodecsAutoConfiguration.JacksonCodecConfiguration matched:
      - @ConditionalOnClass found required class 'com.fasterxml.jackson.databind.ObjectMapper' (OnClassCondition)

   CodecsAutoConfiguration.JacksonCodecConfiguration#jacksonCodecCustomizer matched:
      - @ConditionalOnBean (types: com.fasterxml.jackson.databind.ObjectMapper; SearchStrategy: all) found bean 'jacksonObjectMapper' (OnBeanCondition)

   CompatibilityVerifierAutoConfiguration matched:
      - @ConditionalOnProperty (spring.cloud.compatibility-verifier.enabled) matched (OnPropertyCondition)

   ConfigurationPropertiesRebinderAutoConfiguration matched:
      - @ConditionalOnBean (types: org.springframework.boot.context.properties.ConfigurationPropertiesBindingPostProcessor; SearchStrategy: all) found bean 'org.springframework.boot.context.properties.ConfigurationPropertiesBindingPostProcessor' (OnBeanCondition)

   ConfigurationPropertiesRebinderAutoConfiguration#configurationPropertiesBeans matched:
      - @ConditionalOnMissingBean (types: org.springframework.cloud.context.properties.ConfigurationPropertiesBeans; SearchStrategy: current) did not find any beans (OnBeanCondition)

   ConfigurationPropertiesRebinderAutoConfiguration#configurationPropertiesRebinder matched:
      - @ConditionalOnMissingBean (types: org.springframework.cloud.context.properties.ConfigurationPropertiesRebinder; SearchStrategy: current) did not find any beans (OnBeanCondition)

   DiscoveryClientOptionalArgsConfiguration#defaultEurekaClientHttpRequestFactorySupplier matched:
      - @ConditionalOnClass found required class 'org.springframework.web.client.RestTemplate' (OnClassCondition)
      - @ConditionalOnMissingBean (types: org.springframework.cloud.netflix.eureka.http.EurekaClientHttpRequestFactorySupplier; SearchStrategy: all) did not find any beans (OnBeanCondition)

   DiscoveryClientOptionalArgsConfiguration#restTemplateDiscoveryClientOptionalArgs matched:
      - @ConditionalOnClass found required class 'org.springframework.web.client.RestTemplate' (OnClassCondition)
      - @ConditionalOnProperty (eureka.client.webclient.enabled=false) matched (OnPropertyCondition)
      - AnyNestedCondition 1 matched 1 did not; NestedCondition on DiscoveryClientOptionalArgsConfiguration.JerseyClientNotPresentOrNotEnabledCondition.OnJerseyClientDisabled @ConditionalOnProperty (eureka.client.jersey.enabled=false) did not find property 'eureka.client.jersey.enabled'; NestedCondition on DiscoveryClientOptionalArgsConfiguration.JerseyClientNotPresentOrNotEnabledCondition.OnJerseyClientMissing @ConditionalOnMissingClass did not find unwanted class 'org.glassfish.jersey.client.JerseyClient' (DiscoveryClientOptionalArgsConfiguration.JerseyClientNotPresentOrNotEnabledCondition)
      - @ConditionalOnMissingBean (types: com.netflix.discovery.AbstractDiscoveryClientOptionalArgs; SearchStrategy: current) did not find any beans (OnBeanCondition)

   DiscoveryClientOptionalArgsConfiguration#restTemplateTransportClientFactories matched:
      - @ConditionalOnClass found required class 'org.springframework.web.client.RestTemplate' (OnClassCondition)
      - @ConditionalOnProperty (eureka.client.webclient.enabled=false) matched (OnPropertyCondition)
      - AnyNestedCondition 1 matched 1 did not; NestedCondition on DiscoveryClientOptionalArgsConfiguration.JerseyClientNotPresentOrNotEnabledCondition.OnJerseyClientDisabled @ConditionalOnProperty (eureka.client.jersey.enabled=false) did not find property 'eureka.client.jersey.enabled'; NestedCondition on DiscoveryClientOptionalArgsConfiguration.JerseyClientNotPresentOrNotEnabledCondition.OnJerseyClientMissing @ConditionalOnMissingClass did not find unwanted class 'org.glassfish.jersey.client.JerseyClient' (DiscoveryClientOptionalArgsConfiguration.JerseyClientNotPresentOrNotEnabledCondition)
      - @ConditionalOnMissingBean (types: com.netflix.discovery.shared.transport.jersey.TransportClientFactories; SearchStrategy: current) did not find any beans (OnBeanCondition)

   EmbeddedWebServerFactoryCustomizerAutoConfiguration matched:
      - @ConditionalOnWebApplication (required) found ConfigurableReactiveWebEnvironment (OnWebApplicationCondition)
      - @ConditionalOnWarDeployment the application is not deployed as a WAR file. (OnWarDeploymentCondition)

   EmbeddedWebServerFactoryCustomizerAutoConfiguration.NettyWebServerFactoryCustomizerConfiguration matched:
      - @ConditionalOnClass found required class 'reactor.netty.http.server.HttpServer' (OnClassCondition)

   ErrorWebFluxAutoConfiguration matched:
      - @ConditionalOnClass found required class 'org.springframework.web.reactive.config.WebFluxConfigurer' (OnClassCondition)
      - found ConfigurableReactiveWebEnvironment (OnWebApplicationCondition)

   ErrorWebFluxAutoConfiguration#errorAttributes matched:
      - @ConditionalOnMissingBean (types: org.springframework.boot.web.reactive.error.ErrorAttributes; SearchStrategy: current) did not find any beans (OnBeanCondition)

   ErrorWebFluxAutoConfiguration#errorWebExceptionHandler matched:
      - @ConditionalOnMissingBean (types: org.springframework.boot.web.reactive.error.ErrorWebExceptionHandler; SearchStrategy: current) did not find any beans (OnBeanCondition)

   EurekaClientAutoConfiguration matched:
      - @ConditionalOnClass found required class 'com.netflix.discovery.EurekaClientConfig' (OnClassCondition)
      - @ConditionalOnProperty (eureka.client.enabled) matched; @ConditionalOnProperty (spring.cloud.discovery.enabled) matched (OnPropertyCondition)

   EurekaClientAutoConfiguration#eurekaAutoServiceRegistration matched:
      - @ConditionalOnProperty (spring.cloud.service-registry.auto-registration.enabled) matched (OnPropertyCondition)
      - @ConditionalOnBean (types: org.springframework.cloud.client.serviceregistry.AutoServiceRegistrationProperties; SearchStrategy: all) found bean 'spring.cloud.service-registry.auto-registration-org.springframework.cloud.client.serviceregistry.AutoServiceRegistrationProperties' (OnBeanCondition)

   EurekaClientAutoConfiguration#eurekaClientConfigBean matched:
      - @ConditionalOnMissingBean (types: com.netflix.discovery.EurekaClientConfig; SearchStrategy: current) did not find any beans (OnBeanCondition)

   EurekaClientAutoConfiguration#eurekaInstanceConfigBean matched:
      - @ConditionalOnMissingBean (types: com.netflix.appinfo.EurekaInstanceConfig; SearchStrategy: current) did not find any beans (OnBeanCondition)

   EurekaClientAutoConfiguration#serviceManagementMetadataProvider matched:
      - @ConditionalOnMissingBean (types: org.springframework.cloud.netflix.eureka.metadata.ManagementMetadataProvider; SearchStrategy: all) did not find any beans (OnBeanCondition)

   EurekaClientAutoConfiguration.RefreshableEurekaClientConfiguration matched:
      - @ConditionalOnClass found required class 'org.springframework.cloud.context.scope.refresh.RefreshScope' (OnClassCondition)
      - @ConditionalOnProperty (eureka.client.refresh.enable=true) matched (OnPropertyCondition)
      - @ConditionalOnBean (types: org.springframework.cloud.autoconfigure.RefreshAutoConfiguration; SearchStrategy: all) found bean 'org.springframework.cloud.autoconfigure.RefreshAutoConfiguration' (OnBeanCondition)

   EurekaClientAutoConfiguration.RefreshableEurekaClientConfiguration#eurekaApplicationInfoManager matched:
      - @ConditionalOnMissingBean (types: com.netflix.appinfo.ApplicationInfoManager; SearchStrategy: current) did not find any beans (OnBeanCondition)

   EurekaClientAutoConfiguration.RefreshableEurekaClientConfiguration#eurekaClient matched:
      - @ConditionalOnMissingBean (types: com.netflix.discovery.EurekaClient; SearchStrategy: current) did not find any beans (OnBeanCondition)

   EurekaClientAutoConfiguration.RefreshableEurekaClientConfiguration#eurekaRegistration matched:
      - @ConditionalOnProperty (spring.cloud.service-registry.auto-registration.enabled) matched (OnPropertyCondition)
      - @ConditionalOnBean (types: org.springframework.cloud.client.serviceregistry.AutoServiceRegistrationProperties; SearchStrategy: all) found bean 'spring.cloud.service-registry.auto-registration-org.springframework.cloud.client.serviceregistry.AutoServiceRegistrationProperties' (OnBeanCondition)

   EurekaDiscoveryClientConfiguration matched:
      - @ConditionalOnClass found required class 'com.netflix.discovery.EurekaClientConfig' (OnClassCondition)
      - @ConditionalOnProperty (eureka.client.enabled) matched; @ConditionalOnProperty (spring.cloud.discovery.enabled) matched; @ConditionalOnProperty (spring.cloud.discovery.blocking.enabled) matched (OnPropertyCondition)

   EurekaDiscoveryClientConfiguration#discoveryClient matched:
      - @ConditionalOnMissingBean (types: org.springframework.cloud.netflix.eureka.EurekaDiscoveryClient; SearchStrategy: all) did not find any beans (OnBeanCondition)

   EurekaDiscoveryClientConfiguration.EurekaClientConfigurationRefresher matched:
      - @ConditionalOnClass found required class 'org.springframework.cloud.context.scope.refresh.RefreshScopeRefreshedEvent' (OnClassCondition)

   EurekaReactiveDiscoveryClientConfiguration matched:
      - @ConditionalOnClass found required classes 'com.netflix.discovery.EurekaClientConfig', 'org.springframework.web.reactive.function.client.WebClient' (OnClassCondition)
      - @ConditionalOnProperty (eureka.client.enabled) matched; @ConditionalOnProperty (spring.cloud.discovery.enabled) matched; @ConditionalOnProperty (spring.cloud.discovery.reactive.enabled) matched (OnPropertyCondition)

   EurekaReactiveDiscoveryClientConfiguration#eurekaReactiveDiscoveryClient matched:
      - @ConditionalOnMissingBean (types: org.springframework.cloud.netflix.eureka.reactive.EurekaReactiveDiscoveryClient; SearchStrategy: all) did not find any beans (OnBeanCondition)

   GatewayAutoConfiguration matched:
      - @ConditionalOnClass found required class 'org.springframework.web.reactive.DispatcherHandler' (OnClassCondition)
      - @ConditionalOnProperty (spring.cloud.gateway.enabled) matched (OnPropertyCondition)

   GatewayAutoConfiguration#adaptCachedBodyGlobalFilter matched:
      - matched (OnEnabledGlobalFilter)

   GatewayAutoConfiguration#addRequestHeaderGatewayFilterFactory matched:
      - matched (OnEnabledFilter)

   GatewayAutoConfiguration#addRequestHeadersIfNotPresentGatewayFilterFactory matched:
      - matched (OnEnabledFilter)

   GatewayAutoConfiguration#addRequestParameterGatewayFilterFactory matched:
      - matched (OnEnabledFilter)

   GatewayAutoConfiguration#addResponseHeaderGatewayFilterFactory matched:
      - matched (OnEnabledFilter)

   GatewayAutoConfiguration#afterRoutePredicateFactory matched:
      - matched (OnEnabledPredicate)

   GatewayAutoConfiguration#beforeRoutePredicateFactory matched:
      - matched (OnEnabledPredicate)

   GatewayAutoConfiguration#betweenRoutePredicateFactory matched:
      - matched (OnEnabledPredicate)

   GatewayAutoConfiguration#cacheRequestBodyGatewayFilterFactory matched:
      - matched (OnEnabledFilter)

   GatewayAutoConfiguration#cachedCompositeRouteLocator matched:
      - @ConditionalOnMissingBean (names: cachedCompositeRouteLocator; SearchStrategy: all) did not find any beans (OnBeanCondition)

   GatewayAutoConfiguration#cloudFoundryRouteServiceRoutePredicateFactory matched:
      - matched (OnEnabledPredicate)

   GatewayAutoConfiguration#cookieRoutePredicateFactory matched:
      - matched (OnEnabledPredicate)

   GatewayAutoConfiguration#corsGatewayFilterApplicationListener matched:
      - @ConditionalOnProperty (spring.cloud.gateway.globalcors.enabled) matched (OnPropertyCondition)

   GatewayAutoConfiguration#dedupeResponseHeaderGatewayFilterFactory matched:
      - matched (OnEnabledFilter)

   GatewayAutoConfiguration#filteringWebHandler matched:
      - @ConditionalOnMissingBean (types: org.springframework.cloud.gateway.handler.FilteringWebHandler; SearchStrategy: all) did not find any beans (OnBeanCondition)

   GatewayAutoConfiguration#forwardPathFilter matched:
      - matched (OnEnabledGlobalFilter)

   GatewayAutoConfiguration#forwardRoutingFilter matched:
      - matched (OnEnabledGlobalFilter)

   GatewayAutoConfiguration#forwardedHeadersFilter matched:
      - @ConditionalOnProperty (spring.cloud.gateway.forwarded.enabled) matched (OnPropertyCondition)

   GatewayAutoConfiguration#gRPCRequestHeadersFilter matched:
      - @ConditionalOnProperty (server.http2.enabled) matched (OnPropertyCondition)

   GatewayAutoConfiguration#gRPCResponseHeadersFilter matched:
      - @ConditionalOnProperty (server.http2.enabled) matched (OnPropertyCondition)

   GatewayAutoConfiguration#headerRoutePredicateFactory matched:
      - matched (OnEnabledPredicate)

   GatewayAutoConfiguration#hostRoutePredicateFactory matched:
      - matched (OnEnabledPredicate)

   GatewayAutoConfiguration#inMemoryRouteDefinitionRepository matched:
      - @ConditionalOnMissingBean (types: org.springframework.cloud.gateway.route.RouteDefinitionRepository; SearchStrategy: all) did not find any beans (OnBeanCondition)

   GatewayAutoConfiguration#mapRequestHeaderGatewayFilterFactory matched:
      - matched (OnEnabledFilter)

   GatewayAutoConfiguration#methodRoutePredicateFactory matched:
      - matched (OnEnabledPredicate)

   GatewayAutoConfiguration#modifyRequestBodyGatewayFilterFactory matched:
      - matched (OnEnabledFilter)

   GatewayAutoConfiguration#modifyResponseBodyGatewayFilterFactory matched:
      - matched (OnEnabledFilter)

   GatewayAutoConfiguration#pathRoutePredicateFactory matched:
      - matched (OnEnabledPredicate)

   GatewayAutoConfiguration#prefixPathGatewayFilterFactory matched:
      - matched (OnEnabledFilter)

   GatewayAutoConfiguration#preserveHostHeaderGatewayFilterFactory matched:
      - matched (OnEnabledFilter)

   GatewayAutoConfiguration#propertiesRouteDefinitionLocator matched:
      - @ConditionalOnMissingBean (types: org.springframework.cloud.gateway.config.PropertiesRouteDefinitionLocator; SearchStrategy: all) did not find any beans (OnBeanCondition)

   GatewayAutoConfiguration#queryRoutePredicateFactory matched:
      - matched (OnEnabledPredicate)

   GatewayAutoConfiguration#readBodyPredicateFactory matched:
      - matched (OnEnabledPredicate)

   GatewayAutoConfiguration#redirectToGatewayFilterFactory matched:
      - matched (OnEnabledFilter)

   GatewayAutoConfiguration#remoteAddrRoutePredicateFactory matched:
      - matched (OnEnabledPredicate)

   GatewayAutoConfiguration#removeCachedBodyFilter matched:
      - matched (OnEnabledGlobalFilter)

   GatewayAutoConfiguration#removeJsonAttributesResponseBodyGatewayFilterFactory matched:
      - matched (OnEnabledFilter)

   GatewayAutoConfiguration#removeRequestHeaderGatewayFilterFactory matched:
      - matched (OnEnabledFilter)

   GatewayAutoConfiguration#removeRequestParameterGatewayFilterFactory matched:
      - matched (OnEnabledFilter)

   GatewayAutoConfiguration#removeResponseHeaderGatewayFilterFactory matched:
      - matched (OnEnabledFilter)

   GatewayAutoConfiguration#requestHeaderSizeGatewayFilterFactory matched:
      - matched (OnEnabledFilter)

   GatewayAutoConfiguration#requestHeaderToRequestUriGatewayFilterFactory matched:
      - matched (OnEnabledFilter)

   GatewayAutoConfiguration#requestSizeGatewayFilterFactory matched:
      - matched (OnEnabledFilter)

   GatewayAutoConfiguration#retryGatewayFilterFactory matched:
      - matched (OnEnabledFilter)

   GatewayAutoConfiguration#rewriteLocationResponseHeaderGatewayFilterFactory matched:
      - matched (OnEnabledFilter)

   GatewayAutoConfiguration#rewritePathGatewayFilterFactory matched:
      - matched (OnEnabledFilter)

   GatewayAutoConfiguration#rewriteRequestParameterGatewayFilterFactory matched:
      - matched (OnEnabledFilter)

   GatewayAutoConfiguration#rewriteResponseHeaderGatewayFilterFactory matched:
      - matched (OnEnabledFilter)

   GatewayAutoConfiguration#routePredicateHandlerMapping matched:
      - @ConditionalOnMissingBean (types: org.springframework.cloud.gateway.handler.RoutePredicateHandlerMapping; SearchStrategy: all) did not find any beans (OnBeanCondition)

   GatewayAutoConfiguration#routeRefreshListener matched:
      - @ConditionalOnClass found required class 'org.springframework.cloud.client.discovery.event.HeartbeatMonitor' (OnClassCondition)
      - @ConditionalOnProperty (spring.cloud.gateway..route-refresh-listener.enabled) matched (OnPropertyCondition)

   GatewayAutoConfiguration#routeToRequestUrlFilter matched:
      - matched (OnEnabledGlobalFilter)

   GatewayAutoConfiguration#saveSessionGatewayFilterFactory matched:
      - matched (OnEnabledFilter)

   GatewayAutoConfiguration#secureHeadersGatewayFilterFactory matched:
      - matched (OnEnabledFilter)

   GatewayAutoConfiguration#setPathGatewayFilterFactory matched:
      - matched (OnEnabledFilter)

   GatewayAutoConfiguration#setRequestHeaderGatewayFilterFactory matched:
      - matched (OnEnabledFilter)

   GatewayAutoConfiguration#setRequestHostHeaderGatewayFilterFactory matched:
      - matched (OnEnabledFilter)

   GatewayAutoConfiguration#setResponseHeaderGatewayFilterFactory matched:
      - matched (OnEnabledFilter)

   GatewayAutoConfiguration#setStatusGatewayFilterFactory matched:
      - matched (OnEnabledFilter)

   GatewayAutoConfiguration#stripPrefixGatewayFilterFactory matched:
      - matched (OnEnabledFilter)

   GatewayAutoConfiguration#webSocketService matched:
      - matched (OnEnabledGlobalFilter)

   GatewayAutoConfiguration#websocketRoutingFilter matched:
      - matched (OnEnabledGlobalFilter)

   GatewayAutoConfiguration#weightCalculatorWebFilter matched:
      - matched (OnEnabledPredicate)

   GatewayAutoConfiguration#weightRoutePredicateFactory matched:
      - matched (OnEnabledPredicate)

   GatewayAutoConfiguration#xForwardedHeadersFilter matched:
      - @ConditionalOnProperty (spring.cloud.gateway.x-forwarded.enabled) matched (OnPropertyCondition)

   GatewayAutoConfiguration#xForwardedRemoteAddrRoutePredicateFactory matched:
      - matched (OnEnabledPredicate)

   GatewayAutoConfiguration.NettyConfiguration matched:
      - @ConditionalOnClass found required class 'reactor.netty.http.client.HttpClient' (OnClassCondition)

   GatewayAutoConfiguration.NettyConfiguration#gatewayHttpClientFactory matched:
      - @ConditionalOnMissingBean (types: reactor.netty.http.client.HttpClient,org.springframework.cloud.gateway.config.HttpClientFactory; SearchStrategy: all) did not find any beans (OnBeanCondition)

   GatewayAutoConfiguration.NettyConfiguration#nettyWriteResponseFilter matched:
      - matched (OnEnabledGlobalFilter)

   GatewayAutoConfiguration.NettyConfiguration#reactorNettyRequestUpgradeStrategy matched:
      - matched (OnEnabledGlobalFilter)

   GatewayAutoConfiguration.NettyConfiguration#reactorNettyWebSocketClient matched:
      - matched (OnEnabledGlobalFilter)

   GatewayAutoConfiguration.NettyConfiguration#routingFilter matched:
      - matched (OnEnabledGlobalFilter)

   GatewayClassPathWarningAutoConfiguration matched:
      - @ConditionalOnProperty (spring.cloud.gateway.enabled) matched (OnPropertyCondition)

   GatewayDiscoveryClientAutoConfiguration matched:
      - @ConditionalOnClass found required classes 'org.springframework.web.reactive.DispatcherHandler', 'org.springframework.cloud.client.discovery.composite.CompositeDiscoveryClientAutoConfiguration' (OnClassCondition)
      - @ConditionalOnProperty (spring.cloud.gateway.enabled) matched (OnPropertyCondition)

   GatewayDiscoveryClientAutoConfiguration.ReactiveDiscoveryClientRouteDefinitionLocatorConfiguration matched:
      - @ConditionalOnProperty (spring.cloud.discovery.reactive.enabled) matched (OnPropertyCondition)

   GatewayDiscoveryClientAutoConfiguration.ReactiveDiscoveryClientRouteDefinitionLocatorConfiguration#discoveryClientRouteDefinitionLocator matched:
      - @ConditionalOnProperty (spring.cloud.gateway.discovery.locator.enabled) matched (OnPropertyCondition)

   GatewayReactiveLoadBalancerClientAutoConfiguration matched:
      - @ConditionalOnClass found required classes 'org.springframework.cloud.client.loadbalancer.reactive.ReactiveLoadBalancer', 'org.springframework.cloud.loadbalancer.config.LoadBalancerAutoConfiguration', 'org.springframework.web.reactive.DispatcherHandler' (OnClassCondition)

   GatewayReactiveLoadBalancerClientAutoConfiguration#gatewayLoadBalancerClientFilter matched:
      - @ConditionalOnBean (types: org.springframework.cloud.loadbalancer.support.LoadBalancerClientFactory; SearchStrategy: all) found bean 'loadBalancerClientFactory'; @ConditionalOnMissingBean (types: org.springframework.cloud.gateway.filter.ReactiveLoadBalancerClientFilter; SearchStrategy: all) did not find any beans (OnBeanCondition)
      - matched (OnEnabledGlobalFilter)

   GatewayReactiveLoadBalancerClientAutoConfiguration#loadBalancerServiceInstanceCookieFilter matched:
      - @ConditionalOnBean (types: org.springframework.cloud.gateway.filter.ReactiveLoadBalancerClientFilter,org.springframework.cloud.loadbalancer.support.LoadBalancerClientFactory; SearchStrategy: all) found beans 'loadBalancerClientFactory', 'gatewayLoadBalancerClientFilter'; @ConditionalOnMissingBean (types: org.springframework.cloud.gateway.filter.LoadBalancerServiceInstanceCookieFilter; SearchStrategy: all) did not find any beans (OnBeanCondition)
      - matched (OnEnabledGlobalFilter)

   GenericCacheConfiguration matched:
      - Cache org.springframework.boot.autoconfigure.cache.GenericCacheConfiguration automatic cache type (CacheCondition)

   GsonAutoConfiguration matched:
      - @ConditionalOnClass found required class 'com.google.gson.Gson' (OnClassCondition)

   GsonAutoConfiguration#gson matched:
      - @ConditionalOnMissingBean (types: com.google.gson.Gson; SearchStrategy: all) did not find any beans (OnBeanCondition)

   GsonAutoConfiguration#gsonBuilder matched:
      - @ConditionalOnMissingBean (types: com.google.gson.GsonBuilder; SearchStrategy: all) did not find any beans (OnBeanCondition)

   HttpHandlerAutoConfiguration matched:
      - @ConditionalOnClass found required classes 'org.springframework.web.reactive.DispatcherHandler', 'org.springframework.http.server.reactive.HttpHandler' (OnClassCondition)
      - found ConfigurableReactiveWebEnvironment (OnWebApplicationCondition)
      - @ConditionalOnMissingBean (types: org.springframework.http.server.reactive.HttpHandler; SearchStrategy: all) did not find any beans (OnBeanCondition)

   JacksonAutoConfiguration matched:
      - @ConditionalOnClass found required class 'com.fasterxml.jackson.databind.ObjectMapper' (OnClassCondition)

   JacksonAutoConfiguration.Jackson2ObjectMapperBuilderCustomizerConfiguration matched:
      - @ConditionalOnClass found required class 'org.springframework.http.converter.json.Jackson2ObjectMapperBuilder' (OnClassCondition)

   JacksonAutoConfiguration.JacksonObjectMapperBuilderConfiguration matched:
      - @ConditionalOnClass found required class 'org.springframework.http.converter.json.Jackson2ObjectMapperBuilder' (OnClassCondition)

   JacksonAutoConfiguration.JacksonObjectMapperBuilderConfiguration#jacksonObjectMapperBuilder matched:
      - @ConditionalOnMissingBean (types: org.springframework.http.converter.json.Jackson2ObjectMapperBuilder; SearchStrategy: all) did not find any beans (OnBeanCondition)

   JacksonAutoConfiguration.JacksonObjectMapperConfiguration matched:
      - @ConditionalOnClass found required class 'org.springframework.http.converter.json.Jackson2ObjectMapperBuilder' (OnClassCondition)

   JacksonAutoConfiguration.JacksonObjectMapperConfiguration#jacksonObjectMapper matched:
      - @ConditionalOnMissingBean (types: com.fasterxml.jackson.databind.ObjectMapper; SearchStrategy: all) did not find any beans (OnBeanCondition)

   JacksonAutoConfiguration.ParameterNamesModuleConfiguration matched:
      - @ConditionalOnClass found required class 'com.fasterxml.jackson.module.paramnames.ParameterNamesModule' (OnClassCondition)

   JacksonAutoConfiguration.ParameterNamesModuleConfiguration#parameterNamesModule matched:
      - @ConditionalOnMissingBean (types: com.fasterxml.jackson.module.paramnames.ParameterNamesModule; SearchStrategy: all) did not find any beans (OnBeanCondition)

   LifecycleAutoConfiguration#defaultLifecycleProcessor matched:
      - @ConditionalOnMissingBean (names: lifecycleProcessor; SearchStrategy: current) did not find any beans (OnBeanCondition)

   LifecycleMvcEndpointAutoConfiguration#environmentManager matched:
      - @ConditionalOnMissingBean (types: org.springframework.cloud.context.environment.EnvironmentManager; SearchStrategy: all) did not find any beans (OnBeanCondition)

   org.springframework.cloud.client.loadbalancer.LoadBalancerAutoConfiguration matched:
      - AnyNestedCondition 2 matched 0 did not; NestedCondition on BlockingRestClassesPresentCondition.RestClientPresent @ConditionalOnClass found required class 'org.springframework.web.client.RestClient'; NestedCondition on BlockingRestClassesPresentCondition.RestTemplatePresent @ConditionalOnClass found required class 'org.springframework.web.client.RestTemplate' (BlockingRestClassesPresentCondition)
      - @ConditionalOnBean (types: org.springframework.cloud.client.loadbalancer.LoadBalancerClient; SearchStrategy: all) found bean 'blockingLoadBalancerClient' (OnBeanCondition)

   org.springframework.cloud.loadbalancer.config.LoadBalancerAutoConfiguration matched:
      - @ConditionalOnProperty (spring.cloud.loadbalancer.enabled=true) matched (OnPropertyCondition)

   LoadBalancerAutoConfiguration#loadBalancerClientFactory matched:
      - @ConditionalOnMissingBean (types: org.springframework.cloud.loadbalancer.support.LoadBalancerClientFactory; SearchStrategy: all) did not find any beans (OnBeanCondition)

   LoadBalancerAutoConfiguration#loadBalancerRequestFactory matched:
      - @ConditionalOnMissingBean (types: org.springframework.cloud.client.loadbalancer.LoadBalancerRequestFactory; SearchStrategy: all) did not find any beans (OnBeanCondition)

   LoadBalancerAutoConfiguration#zoneConfig matched:
      - @ConditionalOnMissingBean (types: org.springframework.cloud.loadbalancer.config.LoadBalancerZoneConfig; SearchStrategy: all) did not find any beans (OnBeanCondition)

   LoadBalancerAutoConfiguration.DeferringLoadBalancerInterceptorConfig#deferringLoadBalancerInterceptor matched:
      - @ConditionalOnMissingBean (types: org.springframework.cloud.client.loadbalancer.DeferringLoadBalancerInterceptor; SearchStrategy: all) did not find any beans (OnBeanCondition)

   LoadBalancerAutoConfiguration.DeferringLoadBalancerInterceptorConfig#lbRestClientPostProcessor matched:
      - @ConditionalOnBean (types: org.springframework.cloud.client.loadbalancer.DeferringLoadBalancerInterceptor; SearchStrategy: all) found bean 'deferringLoadBalancerInterceptor'; @ConditionalOnMissingBean (types: org.springframework.cloud.client.loadbalancer.LoadBalancerRestClientBuilderBeanPostProcessor; SearchStrategy: all) did not find any beans (OnBeanCondition)

   LoadBalancerAutoConfiguration.LoadBalancerInterceptorConfig matched:
      - AnyNestedCondition 1 matched 1 did not; NestedCondition on LoadBalancerAutoConfiguration.RetryMissingOrDisabledCondition.RetryDisabled @ConditionalOnProperty (spring.cloud.loadbalancer.retry.enabled=false) did not find property 'spring.cloud.loadbalancer.retry.enabled'; NestedCondition on LoadBalancerAutoConfiguration.RetryMissingOrDisabledCondition.RetryTemplateMissing @ConditionalOnMissingClass did not find unwanted class 'org.springframework.retry.support.RetryTemplate' (LoadBalancerAutoConfiguration.RetryMissingOrDisabledCondition)

   LoadBalancerAutoConfiguration.LoadBalancerInterceptorConfig#restTemplateCustomizer matched:
      - @ConditionalOnMissingBean (types: org.springframework.cloud.client.loadbalancer.RestTemplateCustomizer; SearchStrategy: all) did not find any beans (OnBeanCondition)

   LoadBalancerBeanPostProcessorAutoConfiguration matched:
      - @ConditionalOnClass found required class 'org.springframework.web.reactive.function.client.WebClient' (OnClassCondition)
      - AnyNestedCondition 2 matched 0 did not; NestedCondition on LoadBalancerBeanPostProcessorAutoConfiguration.OnAnyLoadBalancerImplementationPresentCondition.LoadBalancerClientPresent @ConditionalOnBean (types: org.springframework.cloud.client.loadbalancer.LoadBalancerClient; SearchStrategy: all) found bean 'blockingLoadBalancerClient'; NestedCondition on LoadBalancerBeanPostProcessorAutoConfiguration.OnAnyLoadBalancerImplementationPresentCondition.ReactiveLoadBalancerFactoryPresent @ConditionalOnBean (types: org.springframework.cloud.client.loadbalancer.reactive.ReactiveLoadBalancer$Factory; SearchStrategy: all) found bean 'loadBalancerClientFactory' (LoadBalancerBeanPostProcessorAutoConfiguration.OnAnyLoadBalancerImplementationPresentCondition)

   LoadBalancerBeanPostProcessorAutoConfiguration.ReactorDeferringLoadBalancerFilterConfig matched:
      - @ConditionalOnBean (types: org.springframework.cloud.client.loadbalancer.reactive.ReactiveLoadBalancer$Factory; SearchStrategy: all) found bean 'loadBalancerClientFactory' (OnBeanCondition)

   LoadBalancerCacheAutoConfiguration matched:
      - @ConditionalOnClass found required classes 'org.springframework.cache.CacheManager', 'org.springframework.boot.autoconfigure.cache.CacheAutoConfiguration' (OnClassCondition)
      - AllNestedConditions 2 matched 0 did not; NestedCondition on LoadBalancerCacheAutoConfiguration.OnLoadBalancerCachingEnabledCondition.LoadBalancerCacheEnabled @ConditionalOnProperty (spring.cloud.loadbalancer.cache.enabled) matched; NestedCondition on LoadBalancerCacheAutoConfiguration.OnLoadBalancerCachingEnabledCondition.LoadBalancerEnabled @ConditionalOnProperty (spring.cloud.loadbalancer.enabled=true) matched (LoadBalancerCacheAutoConfiguration.OnLoadBalancerCachingEnabledCondition)

   LoadBalancerCacheAutoConfiguration.DefaultLoadBalancerCacheManagerConfiguration matched:
      - @ConditionalOnClass found required class 'com.stoyanr.evictor.ConcurrentMapWithTimedEviction' (OnClassCondition)
      - AnyNestedCondition 1 matched 1 did not; NestedCondition on LoadBalancerCacheAutoConfiguration.OnCaffeineCacheMissingCondition.CaffeineCacheManagerClassMissing @ConditionalOnMissingClass found unwanted class 'org.springframework.cache.caffeine.CaffeineCacheManager'; NestedCondition on LoadBalancerCacheAutoConfiguration.OnCaffeineCacheMissingCondition.CaffeineClassMissing @ConditionalOnMissingClass did not find unwanted class 'com.github.benmanes.caffeine.cache.Caffeine' (LoadBalancerCacheAutoConfiguration.OnCaffeineCacheMissingCondition)

   LoadBalancerCacheAutoConfiguration.DefaultLoadBalancerCacheManagerConfiguration#defaultLoadBalancerCacheManager matched:
      - @ConditionalOnMissingBean (types: org.springframework.cloud.loadbalancer.cache.LoadBalancerCacheManager; SearchStrategy: all) did not find any beans (OnBeanCondition)

   LoadBalancerCacheAutoConfiguration.LoadBalancerCacheManagerWarnConfiguration matched:
      - AnyNestedCondition 1 matched 1 did not; NestedCondition on LoadBalancerCacheAutoConfiguration.OnCaffeineCacheMissingCondition.CaffeineCacheManagerClassMissing @ConditionalOnMissingClass found unwanted class 'org.springframework.cache.caffeine.CaffeineCacheManager'; NestedCondition on LoadBalancerCacheAutoConfiguration.OnCaffeineCacheMissingCondition.CaffeineClassMissing @ConditionalOnMissingClass did not find unwanted class 'com.github.benmanes.caffeine.cache.Caffeine' (LoadBalancerCacheAutoConfiguration.OnCaffeineCacheMissingCondition)

   LoadBalancerEurekaAutoConfiguration matched:
      - @ConditionalOnClass found required class 'org.springframework.cloud.loadbalancer.annotation.LoadBalancerClientConfigurationRegistrar' (OnClassCondition)
      - @ConditionalOnProperty (eureka.client.enabled) matched (OnPropertyCondition)

   LoadBalancerEurekaAutoConfiguration#eurekaLoadBalancerProperties matched:
      - @ConditionalOnMissingBean (types: org.springframework.cloud.netflix.eureka.loadbalancer.EurekaLoadBalancerProperties; SearchStrategy: all) did not find any beans (OnBeanCondition)

   NettyAutoConfiguration matched:
      - @ConditionalOnClass found required class 'io.netty.util.NettyRuntime' (OnClassCondition)

   NoOpCacheConfiguration matched:
      - Cache org.springframework.boot.autoconfigure.cache.NoOpCacheConfiguration automatic cache type (CacheCondition)

   PropertyPlaceholderAutoConfiguration#propertySourcesPlaceholderConfigurer matched:
      - @ConditionalOnMissingBean (types: org.springframework.context.support.PropertySourcesPlaceholderConfigurer; SearchStrategy: current) did not find any beans (OnBeanCondition)

   ReactiveCompositeDiscoveryClientAutoConfiguration matched:
      - @ConditionalOnClass found required class 'org.springframework.web.reactive.function.client.WebClient' (OnClassCondition)
      - @ConditionalOnProperty (spring.cloud.discovery.enabled) matched; @ConditionalOnProperty (spring.cloud.discovery.reactive.enabled) matched (OnPropertyCondition)

   ReactiveMultipartAutoConfiguration matched:
      - @ConditionalOnClass found required classes 'org.springframework.http.codec.multipart.DefaultPartHttpMessageReader', 'org.springframework.web.reactive.config.WebFluxConfigurer' (OnClassCondition)
      - found ConfigurableReactiveWebEnvironment (OnWebApplicationCondition)

   ReactiveOAuth2ResourceServerAutoConfiguration matched:
      - @ConditionalOnClass found required class 'org.springframework.security.config.annotation.web.reactive.EnableWebFluxSecurity' (OnClassCondition)
      - found ConfigurableReactiveWebEnvironment (OnWebApplicationCondition)

   ReactiveOAuth2ResourceServerConfiguration.JwtConfiguration matched:
      - @ConditionalOnClass found required classes 'org.springframework.security.oauth2.server.resource.authentication.BearerTokenAuthenticationToken', 'org.springframework.security.oauth2.jwt.ReactiveJwtDecoder' (OnClassCondition)

   ReactiveOAuth2ResourceServerConfiguration.OpaqueTokenConfiguration matched:
      - @ConditionalOnClass found required classes 'org.springframework.security.oauth2.server.resource.authentication.BearerTokenAuthenticationToken', 'org.springframework.security.oauth2.server.resource.introspection.ReactiveOpaqueTokenIntrospector' (OnClassCondition)

   ReactiveOAuth2ResourceServerOpaqueTokenConfiguration.OpaqueTokenIntrospectionClientConfiguration matched:
      - @ConditionalOnMissingBean (types: org.springframework.security.oauth2.server.resource.introspection.ReactiveOpaqueTokenIntrospector; SearchStrategy: all) did not find any beans (OnBeanCondition)

   ReactiveSecurityAutoConfiguration matched:
      - @ConditionalOnClass found required classes 'reactor.core.publisher.Flux', 'org.springframework.security.config.annotation.web.reactive.EnableWebFluxSecurity', 'org.springframework.security.web.server.WebFilterChainProxy', 'org.springframework.web.reactive.config.WebFluxConfigurer' (OnClassCondition)

   ReactiveSecurityAutoConfiguration.SpringBootWebFluxSecurityConfiguration matched:
      - found ConfigurableReactiveWebEnvironment (OnWebApplicationCondition)

   ReactiveSecurityAutoConfiguration.SpringBootWebFluxSecurityConfiguration.EnableWebFluxSecurityConfiguration matched:
      - @ConditionalOnMissingBean (types: org.springframework.security.web.server.WebFilterChainProxy; SearchStrategy: all) did not find any beans (OnBeanCondition)

   ReactiveWebServerFactoryAutoConfiguration matched:
      - @ConditionalOnClass found required class 'org.springframework.http.ReactiveHttpInputMessage' (OnClassCondition)
      - found ConfigurableReactiveWebEnvironment (OnWebApplicationCondition)

   ReactiveWebServerFactoryConfiguration.EmbeddedNetty matched:
      - @ConditionalOnClass found required class 'reactor.netty.http.server.HttpServer' (OnClassCondition)
      - @ConditionalOnMissingBean (types: org.springframework.boot.web.reactive.server.ReactiveWebServerFactory; SearchStrategy: all) did not find any beans (OnBeanCondition)

   ReactorAutoConfiguration matched:
      - @ConditionalOnClass found required class 'reactor.core.publisher.Hooks' (OnClassCondition)

   ReactorLoadBalancerClientAutoConfiguration matched:
      - @ConditionalOnClass found required class 'org.springframework.web.reactive.function.client.WebClient' (OnClassCondition)
      - @ConditionalOnBean (types: org.springframework.cloud.client.loadbalancer.reactive.ReactiveLoadBalancer$Factory; SearchStrategy: all) found bean 'loadBalancerClientFactory' (OnBeanCondition)

   ReactorLoadBalancerClientAutoConfiguration#loadBalancerExchangeFilterFunction matched:
      - @ConditionalOnProperty (spring.cloud.loadbalancer.retry.enabled=false) matched (OnPropertyCondition)
      - @ConditionalOnMissingBean (types: org.springframework.cloud.client.loadbalancer.reactive.ReactorLoadBalancerExchangeFilterFunction; SearchStrategy: all) did not find any beans (OnBeanCondition)

   ReactorNettyConfigurations.ReactorResourceFactoryConfiguration#reactorResourceFactory matched:
      - @ConditionalOnMissingBean (types: org.springframework.http.client.ReactorResourceFactory; SearchStrategy: all) did not find any beans (OnBeanCondition)

   RefreshAutoConfiguration matched:
      - @ConditionalOnClass found required class 'org.springframework.cloud.context.scope.refresh.RefreshScope' (OnClassCondition)
      - @ConditionalOnProperty (spring.cloud.refresh.enabled) matched (OnPropertyCondition)

   RefreshAutoConfiguration#configDataContextRefresher matched:
      - @ConditionalOnMissingBean (types: org.springframework.cloud.context.refresh.ConfigDataContextRefresher; SearchStrategy: all) did not find any beans (OnBeanCondition)
      - NoneNestedConditions 0 matched 3 did not; NestedCondition on ConditionalOnBootstrapDisabled.OnBootstrapDisabledCondition.OnBootstrapEnabled @ConditionalOnProperty (spring.cloud.bootstrap.enabled) did not find property 'spring.cloud.bootstrap.enabled'; NestedCondition on ConditionalOnBootstrapDisabled.OnBootstrapDisabledCondition.OnUseLegacyProcessingEnabled @ConditionalOnProperty (spring.config.use-legacy-processing) did not find property 'spring.config.use-legacy-processing'; NestedCondition on ConditionalOnBootstrapDisabled.OnBootstrapDisabledCondition.OnBootstrapMarkerClassPresent @ConditionalOnClass did not find required class 'org.springframework.cloud.bootstrap.marker.Marker' (ConditionalOnBootstrapDisabled.OnBootstrapDisabledCondition)

   RefreshAutoConfiguration#loggingRebinder matched:
      - @ConditionalOnMissingBean (types: org.springframework.cloud.logging.LoggingRebinder; SearchStrategy: all) did not find any beans (OnBeanCondition)

   RefreshAutoConfiguration#refreshScope matched:
      - @ConditionalOnMissingBean (types: org.springframework.cloud.context.scope.refresh.RefreshScope; SearchStrategy: all) did not find any beans (OnBeanCondition)

   RefreshAutoConfiguration#refreshScopeLifecycle matched:
      - @ConditionalOnProperty (spring.cloud.refresh.on-restart.enabled) matched (OnPropertyCondition)

   SecurityAutoConfiguration matched:
      - @ConditionalOnClass found required class 'org.springframework.security.authentication.DefaultAuthenticationEventPublisher' (OnClassCondition)

   SecurityAutoConfiguration#authenticationEventPublisher matched:
      - @ConditionalOnMissingBean (types: org.springframework.security.authentication.AuthenticationEventPublisher; SearchStrategy: all) did not find any beans (OnBeanCondition)

   SimpleCacheConfiguration matched:
      - Cache org.springframework.boot.autoconfigure.cache.SimpleCacheConfiguration automatic cache type (CacheCondition)

   SimpleDiscoveryClientAutoConfiguration#simpleDiscoveryProperties matched:
      - @ConditionalOnMissingBean (types: org.springframework.cloud.client.discovery.simple.SimpleDiscoveryProperties; SearchStrategy: all) did not find any beans (OnBeanCondition)

   SimpleReactiveDiscoveryClientAutoConfiguration matched:
      - @ConditionalOnClass found required class 'org.springframework.web.reactive.function.client.WebClient' (OnClassCondition)
      - @ConditionalOnProperty (spring.cloud.discovery.enabled) matched; @ConditionalOnProperty (spring.cloud.discovery.reactive.enabled) matched (OnPropertyCondition)

   SqlInitializationAutoConfiguration matched:
      - @ConditionalOnProperty (spring.sql.init.enabled) matched (OnPropertyCondition)
      - NoneNestedConditions 0 matched 1 did not; NestedCondition on SqlInitializationAutoConfiguration.SqlInitializationModeCondition.ModeIsNever @ConditionalOnProperty (spring.sql.init.mode=never) did not find property 'mode' (SqlInitializationAutoConfiguration.SqlInitializationModeCondition)

   SslAutoConfiguration#sslBundleRegistry matched:
      - @ConditionalOnMissingBean (types: org.springframework.boot.ssl.SslBundleRegistry,org.springframework.boot.ssl.SslBundles; SearchStrategy: all) did not find any beans (OnBeanCondition)

   TaskExecutionAutoConfiguration matched:
      - @ConditionalOnClass found required class 'org.springframework.scheduling.concurrent.ThreadPoolTaskExecutor' (OnClassCondition)

   TaskExecutorConfigurations.SimpleAsyncTaskExecutorBuilderConfiguration#simpleAsyncTaskExecutorBuilder matched:
      - @ConditionalOnMissingBean (types: org.springframework.boot.task.SimpleAsyncTaskExecutorBuilder; SearchStrategy: all) did not find any beans (OnBeanCondition)
      - @ConditionalOnThreading found PLATFORM (OnThreadingCondition)

   TaskExecutorConfigurations.TaskExecutorBuilderConfiguration#taskExecutorBuilder matched:
      - @ConditionalOnMissingBean (types: org.springframework.boot.task.TaskExecutorBuilder; SearchStrategy: all) did not find any beans (OnBeanCondition)

   TaskExecutorConfigurations.TaskExecutorConfiguration matched:
      - @ConditionalOnMissingBean (types: java.util.concurrent.Executor; SearchStrategy: all) did not find any beans (OnBeanCondition)

   TaskExecutorConfigurations.TaskExecutorConfiguration#applicationTaskExecutor matched:
      - @ConditionalOnThreading found PLATFORM (OnThreadingCondition)

   TaskExecutorConfigurations.ThreadPoolTaskExecutorBuilderConfiguration#threadPoolTaskExecutorBuilder matched:
      - @ConditionalOnMissingBean (types: org.springframework.boot.task.TaskExecutorBuilder,org.springframework.boot.task.ThreadPoolTaskExecutorBuilder; SearchStrategy: all) did not find any beans (OnBeanCondition)

   TaskSchedulingAutoConfiguration matched:
      - @ConditionalOnClass found required class 'org.springframework.scheduling.concurrent.ThreadPoolTaskScheduler' (OnClassCondition)

   TaskSchedulingConfigurations.SimpleAsyncTaskSchedulerBuilderConfiguration#simpleAsyncTaskSchedulerBuilder matched:
      - @ConditionalOnMissingBean (types: org.springframework.boot.task.SimpleAsyncTaskSchedulerBuilder; SearchStrategy: all) did not find any beans (OnBeanCondition)
      - @ConditionalOnThreading found PLATFORM (OnThreadingCondition)

   TaskSchedulingConfigurations.TaskSchedulerBuilderConfiguration#taskSchedulerBuilder matched:
      - @ConditionalOnMissingBean (types: org.springframework.boot.task.TaskSchedulerBuilder; SearchStrategy: all) did not find any beans (OnBeanCondition)

   TaskSchedulingConfigurations.ThreadPoolTaskSchedulerBuilderConfiguration#threadPoolTaskSchedulerBuilder matched:
      - @ConditionalOnMissingBean (types: org.springframework.boot.task.TaskSchedulerBuilder,org.springframework.boot.task.ThreadPoolTaskSchedulerBuilder; SearchStrategy: all) did not find any beans (OnBeanCondition)

   UtilAutoConfiguration matched:
      - @ConditionalOnProperty (spring.cloud.util.enabled) matched (OnPropertyCondition)

   UtilAutoConfiguration#inetUtils matched:
      - @ConditionalOnMissingBean (types: org.springframework.cloud.commons.util.InetUtils; SearchStrategy: all) did not find any beans (OnBeanCondition)

   ValidationAutoConfiguration matched:
      - @ConditionalOnClass found required class 'jakarta.validation.executable.ExecutableValidator' (OnClassCondition)
      - @ConditionalOnResource found location classpath:META-INF/services/jakarta.validation.spi.ValidationProvider (OnResourceCondition)

   ValidationAutoConfiguration#defaultValidator matched:
      - @ConditionalOnMissingBean (types: jakarta.validation.Validator; SearchStrategy: all) did not find any beans (OnBeanCondition)

   ValidationAutoConfiguration#methodValidationPostProcessor matched:
      - @ConditionalOnMissingBean (types: org.springframework.validation.beanvalidation.MethodValidationPostProcessor; SearchStrategy: current) did not find any beans (OnBeanCondition)

   WebClientAutoConfiguration matched:
      - @ConditionalOnClass found required class 'org.springframework.web.reactive.function.client.WebClient' (OnClassCondition)

   WebClientAutoConfiguration#webClientBuilder matched:
      - @ConditionalOnMissingBean (types: org.springframework.web.reactive.function.client.WebClient$Builder; SearchStrategy: all) did not find any beans (OnBeanCondition)

   WebClientAutoConfiguration#webClientSsl matched:
      - @ConditionalOnBean (types: org.springframework.boot.ssl.SslBundles; SearchStrategy: all) found bean 'sslBundleRegistry'; @ConditionalOnMissingBean (types: org.springframework.boot.autoconfigure.web.reactive.function.client.WebClientSsl; SearchStrategy: all) did not find any beans (OnBeanCondition)

   WebClientAutoConfiguration.WebClientCodecsConfiguration matched:
      - @ConditionalOnBean (types: org.springframework.boot.web.codec.CodecCustomizer; SearchStrategy: all) found beans 'jacksonCodecCustomizer', 'defaultCodecCustomizer', 'defaultPartHttpMessageReaderCustomizer' (OnBeanCondition)

   WebClientAutoConfiguration.WebClientCodecsConfiguration#exchangeStrategiesCustomizer matched:
      - @ConditionalOnMissingBean (types: org.springframework.boot.autoconfigure.web.reactive.function.client.WebClientCodecCustomizer; SearchStrategy: all) did not find any beans (OnBeanCondition)

   WebFluxAutoConfiguration matched:
      - @ConditionalOnClass found required class 'org.springframework.web.reactive.config.WebFluxConfigurer' (OnClassCondition)
      - found ConfigurableReactiveWebEnvironment (OnWebApplicationCondition)
      - @ConditionalOnMissingBean (types: org.springframework.web.reactive.config.WebFluxConfigurationSupport; SearchStrategy: all) did not find any beans (OnBeanCondition)

   WebFluxAutoConfiguration.EnableWebFluxConfiguration#localeContextResolver matched:
      - @ConditionalOnMissingBean (names: localeContextResolver; SearchStrategy: all) did not find any beans (OnBeanCondition)

   WebFluxAutoConfiguration.EnableWebFluxConfiguration#webSessionManager matched:
      - @ConditionalOnMissingBean (names: webSessionManager; SearchStrategy: all) did not find any beans (OnBeanCondition)

   WebSessionIdResolverAutoConfiguration matched:
      - @ConditionalOnClass found required classes 'org.springframework.web.server.session.WebSessionManager', 'reactor.core.publisher.Mono' (OnClassCondition)
      - found ConfigurableReactiveWebEnvironment (OnWebApplicationCondition)

   WebSessionIdResolverAutoConfiguration#webSessionIdResolver matched:
      - @ConditionalOnMissingBean (types: org.springframework.web.server.session.WebSessionIdResolver; SearchStrategy: all) did not find any beans (OnBeanCondition)


Negative matches:
-----------------

   ActiveMQAutoConfiguration:
      Did not match:
         - @ConditionalOnClass did not find required class 'jakarta.jms.ConnectionFactory' (OnClassCondition)

   AopAutoConfiguration.AspectJAutoProxyingConfiguration:
      Did not match:
         - @ConditionalOnClass did not find required class 'org.aspectj.weaver.Advice' (OnClassCondition)

   ArtemisAutoConfiguration:
      Did not match:
         - @ConditionalOnClass did not find required class 'jakarta.jms.ConnectionFactory' (OnClassCondition)

   BatchAutoConfiguration:
      Did not match:
         - @ConditionalOnClass did not find required class 'org.springframework.batch.core.launch.JobLauncher' (OnClassCondition)

   BlockingLoadBalancerClientAutoConfiguration.BlockingLoadBalancerRetryConfig:
      Did not match:
         - @ConditionalOnClass did not find required class 'org.springframework.retry.support.RetryTemplate' (OnClassCondition)

   Cache2kCacheConfiguration:
      Did not match:
         - @ConditionalOnClass did not find required class 'org.cache2k.Cache2kBuilder' (OnClassCondition)

   CacheAutoConfiguration:
      Did not match:
         - @ConditionalOnBean (types: org.springframework.cache.interceptor.CacheAspectSupport; SearchStrategy: all) did not find any beans of type org.springframework.cache.interceptor.CacheAspectSupport (OnBeanCondition)
      Matched:
         - @ConditionalOnClass found required class 'org.springframework.cache.CacheManager' (OnClassCondition)

   CacheAutoConfiguration.CacheManagerEntityManagerFactoryDependsOnPostProcessor:
      Did not match:
         - @ConditionalOnClass did not find required class 'org.springframework.orm.jpa.LocalContainerEntityManagerFactoryBean' (OnClassCondition)
         - Ancestor org.springframework.boot.autoconfigure.cache.CacheAutoConfiguration did not match (ConditionEvaluationReport.AncestorsMatchedCondition)

   CaffeineCacheConfiguration:
      Did not match:
         - @ConditionalOnClass did not find required class 'com.github.benmanes.caffeine.cache.Caffeine' (OnClassCondition)

   CassandraAutoConfiguration:
      Did not match:
         - @ConditionalOnClass did not find required class 'com.datastax.oss.driver.api.core.CqlSession' (OnClassCondition)

   CassandraDataAutoConfiguration:
      Did not match:
         - @ConditionalOnClass did not find required class 'com.datastax.oss.driver.api.core.CqlSession' (OnClassCondition)

   CassandraReactiveDataAutoConfiguration:
      Did not match:
         - @ConditionalOnClass did not find required class 'com.datastax.oss.driver.api.core.CqlSession' (OnClassCondition)

   CassandraReactiveRepositoriesAutoConfiguration:
      Did not match:
         - @ConditionalOnClass did not find required class 'org.springframework.data.cassandra.ReactiveSession' (OnClassCondition)

   CassandraRepositoriesAutoConfiguration:
      Did not match:
         - @ConditionalOnClass did not find required class 'com.datastax.oss.driver.api.core.CqlSession' (OnClassCondition)

   ClientHttpConnectorFactoryConfiguration.HttpClient5:
      Did not match:
         - @ConditionalOnClass did not find required class 'org.apache.hc.core5.reactive.ReactiveResponseConsumer' (OnClassCondition)

   ClientHttpConnectorFactoryConfiguration.JdkClient:
      Did not match:
         - @ConditionalOnMissingBean (types: org.springframework.boot.autoconfigure.web.reactive.function.client.ClientHttpConnectorFactory; SearchStrategy: all) found beans of type 'org.springframework.boot.autoconfigure.web.reactive.function.client.ClientHttpConnectorFactory' reactorClientHttpConnectorFactory (OnBeanCondition)
      Matched:
         - @ConditionalOnClass found required class 'java.net.http.HttpClient' (OnClassCondition)

   CloudHypermediaAutoConfiguration:
      Did not match:
         - @ConditionalOnClass did not find required class 'org.springframework.hateoas.Link' (OnClassCondition)

   CommonsClientAutoConfiguration.ActuatorConfiguration:
      Did not match:
         - @ConditionalOnClass did not find required class 'org.springframework.boot.actuate.endpoint.annotation.Endpoint' (OnClassCondition)

   CommonsClientAutoConfiguration.DiscoveryLoadBalancerConfiguration:
      Did not match:
         - @ConditionalOnClass did not find required class 'org.springframework.boot.actuate.health.HealthIndicator' (OnClassCondition)

   CouchbaseAutoConfiguration:
      Did not match:
         - @ConditionalOnClass did not find required class 'com.couchbase.client.java.Cluster' (OnClassCondition)

   CouchbaseCacheConfiguration:
      Did not match:
         - @ConditionalOnClass did not find required class 'com.couchbase.client.java.Cluster' (OnClassCondition)

   CouchbaseDataAutoConfiguration:
      Did not match:
         - @ConditionalOnClass did not find required class 'com.couchbase.client.java.Bucket' (OnClassCondition)

   CouchbaseReactiveDataAutoConfiguration:
      Did not match:
         - @ConditionalOnClass did not find required class 'com.couchbase.client.java.Cluster' (OnClassCondition)

   CouchbaseReactiveRepositoriesAutoConfiguration:
      Did not match:
         - @ConditionalOnClass did not find required class 'com.couchbase.client.java.Cluster' (OnClassCondition)

   CouchbaseRepositoriesAutoConfiguration:
      Did not match:
         - @ConditionalOnClass did not find required class 'com.couchbase.client.java.Bucket' (OnClassCondition)

   DataSourceAutoConfiguration:
      Did not match:
         - @ConditionalOnClass did not find required class 'org.springframework.jdbc.datasource.embedded.EmbeddedDatabaseType' (OnClassCondition)

   DataSourceInitializationConfiguration:
      Did not match:
         - @ConditionalOnClass did not find required class 'org.springframework.jdbc.datasource.init.DatabasePopulator' (OnClassCondition)

   DataSourceTransactionManagerAutoConfiguration:
      Did not match:
         - @ConditionalOnClass did not find required class 'org.springframework.jdbc.core.JdbcTemplate' (OnClassCondition)

   DiscoveryClientOptionalArgsConfiguration.DiscoveryClientOptionalArgsTlsConfiguration:
      Did not match:
         - AllNestedConditions 1 matched 1 did not; NestedCondition on DiscoveryClientOptionalArgsConfiguration.JerseyClientPresentAndEnabledCondition.OnJerseyClientEnabled @ConditionalOnProperty (eureka.client.jersey.enabled) matched; NestedCondition on DiscoveryClientOptionalArgsConfiguration.JerseyClientPresentAndEnabledCondition.OnJerseyClientPresent @ConditionalOnClass did not find required class 'org.glassfish.jersey.client.JerseyClient' (DiscoveryClientOptionalArgsConfiguration.JerseyClientPresentAndEnabledCondition)

   DiscoveryClientOptionalArgsConfiguration.WebClientConfiguration:
      Did not match:
         - @ConditionalOnProperty (eureka.client.webclient.enabled=true) did not find property 'webclient.enabled' (OnPropertyCondition)
      Matched:
         - @ConditionalOnClass found required class 'org.springframework.web.reactive.function.client.WebClient' (OnClassCondition)

   DiscoveryClientOptionalArgsConfiguration.WebClientNotFoundConfiguration:
      Did not match:
         - @ConditionalOnMissingClass found unwanted class 'org.springframework.web.reactive.function.client.WebClient' (OnClassCondition)

   DispatcherServletAutoConfiguration:
      Did not match:
         - @ConditionalOnClass did not find required class 'org.springframework.web.servlet.DispatcherServlet' (OnClassCondition)

   ElasticsearchClientAutoConfiguration:
      Did not match:
         - @ConditionalOnClass did not find required class 'co.elastic.clients.elasticsearch.ElasticsearchClient' (OnClassCondition)

   ElasticsearchDataAutoConfiguration:
      Did not match:
         - @ConditionalOnClass did not find required class 'org.springframework.data.elasticsearch.client.elc.ElasticsearchTemplate' (OnClassCondition)

   ElasticsearchRepositoriesAutoConfiguration:
      Did not match:
         - @ConditionalOnClass did not find required class 'org.springframework.data.elasticsearch.repository.ElasticsearchRepository' (OnClassCondition)

   ElasticsearchRestClientAutoConfiguration:
      Did not match:
         - @ConditionalOnClass did not find required class 'org.elasticsearch.client.RestClientBuilder' (OnClassCondition)

   EmbeddedLdapAutoConfiguration:
      Did not match:
         - @ConditionalOnClass did not find required class 'com.unboundid.ldap.listener.InMemoryDirectoryServer' (OnClassCondition)

   EmbeddedWebServerFactoryCustomizerAutoConfiguration.JettyWebServerFactoryCustomizerConfiguration:
      Did not match:
         - @ConditionalOnClass did not find required classes 'org.eclipse.jetty.server.Server', 'org.eclipse.jetty.util.Loader', 'org.eclipse.jetty.ee10.webapp.WebAppContext' (OnClassCondition)

   EmbeddedWebServerFactoryCustomizerAutoConfiguration.TomcatWebServerFactoryCustomizerConfiguration:
      Did not match:
         - @ConditionalOnClass did not find required classes 'org.apache.catalina.startup.Tomcat', 'org.apache.coyote.UpgradeProtocol' (OnClassCondition)

   EmbeddedWebServerFactoryCustomizerAutoConfiguration.UndertowWebServerFactoryCustomizerConfiguration:
      Did not match:
         - @ConditionalOnClass did not find required classes 'io.undertow.Undertow', 'org.xnio.SslClientAuthMode' (OnClassCondition)

   ErrorMvcAutoConfiguration:
      Did not match:
         - @ConditionalOnClass did not find required class 'jakarta.servlet.Servlet' (OnClassCondition)

   EurekaClientAutoConfiguration.EurekaClientConfiguration:
      Did not match:
         - AnyNestedCondition 0 matched 3 did not; NestedCondition on EurekaClientAutoConfiguration.OnMissingRefreshScopeCondition.OnPropertyDisabled @ConditionalOnProperty (eureka.client.refresh.enable=false) did not find property 'eureka.client.refresh.enable'; NestedCondition on EurekaClientAutoConfiguration.OnMissingRefreshScopeCondition.MissingScope @ConditionalOnMissingBean (types: org.springframework.cloud.autoconfigure.RefreshAutoConfiguration; SearchStrategy: all) found beans of type 'org.springframework.cloud.autoconfigure.RefreshAutoConfiguration' org.springframework.cloud.autoconfigure.RefreshAutoConfiguration; NestedCondition on EurekaClientAutoConfiguration.OnMissingRefreshScopeCondition.MissingClass @ConditionalOnMissingClass found unwanted class 'org.springframework.cloud.context.scope.refresh.RefreshScope' (EurekaClientAutoConfiguration.OnMissingRefreshScopeCondition)

   EurekaClientAutoConfiguration.EurekaHealthIndicatorConfiguration:
      Did not match:
         - @ConditionalOnClass did not find required class 'org.springframework.boot.actuate.health.Health' (OnClassCondition)

   EurekaClientConfigServerAutoConfiguration:
      Did not match:
         - @ConditionalOnClass did not find required class 'org.springframework.cloud.config.server.config.ConfigServerProperties' (OnClassCondition)

   EurekaDiscoveryClientConfiguration.EurekaHealthCheckHandlerConfiguration:
      Did not match:
         - @ConditionalOnProperty (eureka.client.healthcheck.enabled) did not find property 'eureka.client.healthcheck.enabled' (OnPropertyCondition)

   EurekaReactiveDiscoveryClientConfiguration#eurekaReactiveDiscoveryClientHealthIndicator:
      Did not match:
         - @ConditionalOnClass did not find required class 'org.springframework.boot.actuate.health.ReactiveHealthIndicator' (OnClassCondition)

   FlywayAutoConfiguration:
      Did not match:
         - @ConditionalOnClass did not find required class 'org.flywaydb.core.Flyway' (OnClassCondition)

   FreeMarkerAutoConfiguration:
      Did not match:
         - @ConditionalOnClass did not find required class 'freemarker.template.Configuration' (OnClassCondition)

   GatewayAutoConfiguration#grpcSslConfigurer:
      Did not match:
         - @ConditionalOnClass did not find required class 'io.grpc.Channel' (OnClassCondition)

   GatewayAutoConfiguration#jsonToGRPCFilterFactory:
      Did not match:
         - @ConditionalOnClass did not find required class 'io.grpc.Channel' (OnClassCondition)

   GatewayAutoConfiguration#principalNameKeyResolver:
      Did not match:
         - @ConditionalOnBean (types: org.springframework.cloud.gateway.filter.ratelimit.RateLimiter; SearchStrategy: all) did not find any beans of type org.springframework.cloud.gateway.filter.ratelimit.RateLimiter (OnBeanCondition)

   GatewayAutoConfiguration#requestRateLimiterGatewayFilterFactory:
      Did not match:
         - @ConditionalOnBean (types: org.springframework.cloud.gateway.filter.ratelimit.RateLimiter,org.springframework.cloud.gateway.filter.ratelimit.KeyResolver; SearchStrategy: all) did not find any beans of type org.springframework.cloud.gateway.filter.ratelimit.RateLimiter, org.springframework.cloud.gateway.filter.ratelimit.KeyResolver (OnBeanCondition)

   GatewayAutoConfiguration.GatewayActuatorConfiguration:
      Did not match:
         - @ConditionalOnClass did not find required class 'org.springframework.boot.actuate.health.Health' (OnClassCondition)

   GatewayAutoConfiguration.NettyConfiguration#nettyServerWiretapCustomizer:
      Did not match:
         - @ConditionalOnProperty (spring.cloud.gateway.httpserver.wiretap) did not find property 'spring.cloud.gateway.httpserver.wiretap' (OnPropertyCondition)

   GatewayAutoConfiguration.TokenRelayConfiguration:
      Did not match:
         - @ConditionalOnClass did not find required class 'org.springframework.security.oauth2.client.OAuth2AuthorizedClient' (OnClassCondition)

   GatewayClassPathWarningAutoConfiguration.SpringMvcFoundOnClasspathConfiguration:
      Did not match:
         - @ConditionalOnClass did not find required class 'org.springframework.web.servlet.DispatcherServlet' (OnClassCondition)

   GatewayClassPathWarningAutoConfiguration.WebfluxMissingFromClasspathConfiguration:
      Did not match:
         - @ConditionalOnMissingClass found unwanted class 'org.springframework.web.reactive.DispatcherHandler' (OnClassCondition)

   GatewayMetricsAutoConfiguration:
      Did not match:
         - @ConditionalOnClass did not find required class 'io.micrometer.core.instrument.MeterRegistry' (OnClassCondition)

   GatewayNoLoadBalancerClientAutoConfiguration:
      Did not match:
         - @ConditionalOnMissingClass found unwanted class 'org.springframework.cloud.loadbalancer.core.ReactorLoadBalancer' (OnClassCondition)

   GatewayReactiveOAuth2AutoConfiguration:
      Did not match:
         - @ConditionalOnClass did not find required class 'org.springframework.security.oauth2.client.OAuth2AuthorizedClient' (OnClassCondition)

   GatewayRedisAutoConfiguration:
      Did not match:
         - @ConditionalOnClass did not find required class 'org.springframework.data.redis.core.RedisTemplate' (OnClassCondition)

   GatewayResilience4JCircuitBreakerAutoConfiguration:
      Did not match:
         - @ConditionalOnClass did not find required class 'org.springframework.cloud.circuitbreaker.resilience4j.ReactiveResilience4JAutoConfiguration' (OnClassCondition)

   GraphQlAutoConfiguration:
      Did not match:
         - @ConditionalOnClass did not find required class 'graphql.GraphQL' (OnClassCondition)

   GraphQlQueryByExampleAutoConfiguration:
      Did not match:
         - @ConditionalOnClass did not find required class 'graphql.GraphQL' (OnClassCondition)

   GraphQlQuerydslAutoConfiguration:
      Did not match:
         - @ConditionalOnClass did not find required class 'com.querydsl.core.Query' (OnClassCondition)

   GraphQlRSocketAutoConfiguration:
      Did not match:
         - @ConditionalOnClass did not find required class 'graphql.GraphQL' (OnClassCondition)

   GraphQlReactiveQueryByExampleAutoConfiguration:
      Did not match:
         - @ConditionalOnClass did not find required class 'graphql.GraphQL' (OnClassCondition)

   GraphQlReactiveQuerydslAutoConfiguration:
      Did not match:
         - @ConditionalOnClass did not find required class 'com.querydsl.core.Query' (OnClassCondition)

   GraphQlWebFluxAutoConfiguration:
      Did not match:
         - @ConditionalOnClass did not find required class 'graphql.GraphQL' (OnClassCondition)

   GraphQlWebFluxSecurityAutoConfiguration:
      Did not match:
         - @ConditionalOnClass did not find required class 'graphql.GraphQL' (OnClassCondition)

   GraphQlWebMvcAutoConfiguration:
      Did not match:
         - @ConditionalOnClass did not find required class 'graphql.GraphQL' (OnClassCondition)

   GraphQlWebMvcSecurityAutoConfiguration:
      Did not match:
         - @ConditionalOnClass did not find required class 'graphql.GraphQL' (OnClassCondition)

   GroovyTemplateAutoConfiguration:
      Did not match:
         - @ConditionalOnClass did not find required class 'groovy.text.markup.MarkupTemplateEngine' (OnClassCondition)

   H2ConsoleAutoConfiguration:
      Did not match:
         - @ConditionalOnClass did not find required class 'org.h2.server.web.JakartaWebServlet' (OnClassCondition)

   HazelcastAutoConfiguration:
      Did not match:
         - @ConditionalOnClass did not find required class 'com.hazelcast.core.HazelcastInstance' (OnClassCondition)

   HazelcastCacheConfiguration:
      Did not match:
         - @ConditionalOnClass did not find required class 'com.hazelcast.core.HazelcastInstance' (OnClassCondition)

   HazelcastJpaDependencyAutoConfiguration:
      Did not match:
         - @ConditionalOnClass did not find required class 'com.hazelcast.core.HazelcastInstance' (OnClassCondition)

   HibernateJpaAutoConfiguration:
      Did not match:
         - @ConditionalOnClass did not find required class 'jakarta.persistence.EntityManager' (OnClassCondition)

   HttpEncodingAutoConfiguration:
      Did not match:
         - @ConditionalOnClass did not find required class 'org.springframework.web.filter.CharacterEncodingFilter' (OnClassCondition)

   HttpMessageConvertersAutoConfiguration:
      Did not match:
         - NoneNestedConditions 1 matched 0 did not; NestedCondition on HttpMessageConvertersAutoConfiguration.NotReactiveWebApplicationCondition.ReactiveWebApplication found ConfigurableReactiveWebEnvironment (HttpMessageConvertersAutoConfiguration.NotReactiveWebApplicationCondition)
      Matched:
         - @ConditionalOnClass found required class 'org.springframework.http.converter.HttpMessageConverter' (OnClassCondition)

   HypermediaAutoConfiguration:
      Did not match:
         - @ConditionalOnClass did not find required class 'org.springframework.hateoas.EntityModel' (OnClassCondition)

   InfinispanCacheConfiguration:
      Did not match:
         - @ConditionalOnClass did not find required class 'org.infinispan.spring.embedded.provider.SpringEmbeddedCacheManager' (OnClassCondition)

   InfluxDbAutoConfiguration:
      Did not match:
         - @ConditionalOnClass did not find required class 'org.influxdb.InfluxDB' (OnClassCondition)

   IntegrationAutoConfiguration:
      Did not match:
         - @ConditionalOnClass did not find required class 'org.springframework.integration.config.EnableIntegration' (OnClassCondition)

   JCacheCacheConfiguration:
      Did not match:
         - @ConditionalOnClass did not find required class 'javax.cache.Caching' (OnClassCondition)

   JdbcClientAutoConfiguration:
      Did not match:
         - @ConditionalOnSingleCandidate did not find required type 'org.springframework.jdbc.core.namedparam.NamedParameterJdbcTemplate' (OnBeanCondition)

   JdbcRepositoriesAutoConfiguration:
      Did not match:
         - @ConditionalOnClass did not find required class 'org.springframework.data.jdbc.repository.config.AbstractJdbcConfiguration' (OnClassCondition)

   JdbcTemplateAutoConfiguration:
      Did not match:
         - @ConditionalOnClass did not find required class 'org.springframework.jdbc.core.JdbcTemplate' (OnClassCondition)

   JerseyAutoConfiguration:
      Did not match:
         - @ConditionalOnClass did not find required class 'jakarta.servlet.ServletRegistration' (OnClassCondition)

   JmsAutoConfiguration:
      Did not match:
         - @ConditionalOnClass did not find required class 'jakarta.jms.Message' (OnClassCondition)

   JmxAutoConfiguration:
      Did not match:
         - @ConditionalOnProperty (spring.jmx.enabled=true) did not find property 'enabled' (OnPropertyCondition)
      Matched:
         - @ConditionalOnClass found required class 'org.springframework.jmx.export.MBeanExporter' (OnClassCondition)

   JndiConnectionFactoryAutoConfiguration:
      Did not match:
         - @ConditionalOnClass did not find required class 'org.springframework.jms.core.JmsTemplate' (OnClassCondition)

   JndiDataSourceAutoConfiguration:
      Did not match:
         - @ConditionalOnClass did not find required class 'org.springframework.jdbc.datasource.embedded.EmbeddedDatabaseType' (OnClassCondition)

   JooqAutoConfiguration:
      Did not match:
         - @ConditionalOnClass did not find required class 'org.jooq.DSLContext' (OnClassCondition)

   JpaRepositoriesAutoConfiguration:
      Did not match:
         - @ConditionalOnClass did not find required class 'org.springframework.data.jpa.repository.JpaRepository' (OnClassCondition)

   JsonbAutoConfiguration:
      Did not match:
         - @ConditionalOnClass did not find required class 'jakarta.json.bind.Jsonb' (OnClassCondition)

   JtaAutoConfiguration:
      Did not match:
         - @ConditionalOnClass did not find required class 'jakarta.transaction.Transaction' (OnClassCondition)

   KafkaAutoConfiguration:
      Did not match:
         - @ConditionalOnClass did not find required class 'org.springframework.kafka.core.KafkaTemplate' (OnClassCondition)

   LdapAutoConfiguration:
      Did not match:
         - @ConditionalOnClass did not find required class 'org.springframework.ldap.core.ContextSource' (OnClassCondition)

   LdapRepositoriesAutoConfiguration:
      Did not match:
         - @ConditionalOnClass did not find required class 'org.springframework.data.ldap.repository.LdapRepository' (OnClassCondition)

   LiquibaseAutoConfiguration:
      Did not match:
         - @ConditionalOnClass did not find required class 'liquibase.change.DatabaseChange' (OnClassCondition)

   LoadBalancerAutoConfiguration.RetryAutoConfiguration:
      Did not match:
         - @ConditionalOnClass did not find required class 'org.springframework.retry.support.RetryTemplate' (OnClassCondition)

   LoadBalancerAutoConfiguration.RetryInterceptorAutoConfiguration:
      Did not match:
         - @ConditionalOnClass did not find required class 'org.springframework.retry.support.RetryTemplate' (OnClassCondition)

   LoadBalancerCacheAutoConfiguration.CaffeineLoadBalancerCacheManagerConfiguration:
      Did not match:
         - @ConditionalOnClass did not find required class 'com.github.benmanes.caffeine.cache.Caffeine' (OnClassCondition)

   LoadBalancerEurekaAutoConfiguration#zoneConfig:
      Did not match:
         - @ConditionalOnMissingBean (types: org.springframework.cloud.loadbalancer.config.LoadBalancerZoneConfig; SearchStrategy: all) found beans of type 'org.springframework.cloud.loadbalancer.config.LoadBalancerZoneConfig' zoneConfig (OnBeanCondition)

   LoadBalancerStatsAutoConfiguration:
      Did not match:
         - @ConditionalOnClass did not find required class 'io.micrometer.core.instrument.MeterRegistry' (OnClassCondition)

   LocalResponseCacheAutoConfiguration:
      Did not match:
         - @ConditionalOnClass did not find required class 'com.github.benmanes.caffeine.cache.Caffeine' (OnClassCondition)

   MailSenderAutoConfiguration:
      Did not match:
         - @ConditionalOnClass did not find required class 'jakarta.activation.MimeType' (OnClassCondition)

   MailSenderValidatorAutoConfiguration:
      Did not match:
         - @ConditionalOnProperty (spring.mail.test-connection) did not find property 'test-connection' (OnPropertyCondition)

   MessageSourceAutoConfiguration:
      Did not match:
         - ResourceBundle did not find bundle with basename messages (MessageSourceAutoConfiguration.ResourceBundleCondition)

   MongoAutoConfiguration:
      Did not match:
         - @ConditionalOnClass did not find required class 'com.mongodb.client.MongoClient' (OnClassCondition)

   MongoDataAutoConfiguration:
      Did not match:
         - @ConditionalOnClass did not find required class 'com.mongodb.client.MongoClient' (OnClassCondition)

   MongoReactiveAutoConfiguration:
      Did not match:
         - @ConditionalOnClass did not find required class 'com.mongodb.reactivestreams.client.MongoClient' (OnClassCondition)

   MongoReactiveDataAutoConfiguration:
      Did not match:
         - @ConditionalOnClass did not find required class 'com.mongodb.reactivestreams.client.MongoClient' (OnClassCondition)

   MongoReactiveRepositoriesAutoConfiguration:
      Did not match:
         - @ConditionalOnClass did not find required class 'com.mongodb.reactivestreams.client.MongoClient' (OnClassCondition)

   MongoRepositoriesAutoConfiguration:
      Did not match:
         - @ConditionalOnClass did not find required class 'com.mongodb.client.MongoClient' (OnClassCondition)

   MultipartAutoConfiguration:
      Did not match:
         - @ConditionalOnClass did not find required class 'jakarta.servlet.MultipartConfigElement' (OnClassCondition)

   MustacheAutoConfiguration:
      Did not match:
         - @ConditionalOnClass did not find required class 'com.samskivert.mustache.Mustache' (OnClassCondition)

   Neo4jAutoConfiguration:
      Did not match:
         - @ConditionalOnClass did not find required class 'org.neo4j.driver.Driver' (OnClassCondition)

   Neo4jDataAutoConfiguration:
      Did not match:
         - @ConditionalOnClass did not find required class 'org.neo4j.driver.Driver' (OnClassCondition)

   Neo4jReactiveDataAutoConfiguration:
      Did not match:
         - @ConditionalOnClass did not find required class 'org.neo4j.driver.Driver' (OnClassCondition)

   Neo4jReactiveRepositoriesAutoConfiguration:
      Did not match:
         - @ConditionalOnClass did not find required class 'org.neo4j.driver.Driver' (OnClassCondition)

   Neo4jRepositoriesAutoConfiguration:
      Did not match:
         - @ConditionalOnClass did not find required class 'org.neo4j.driver.Driver' (OnClassCondition)

   OAuth2AuthorizationServerAutoConfiguration:
      Did not match:
         - @ConditionalOnClass did not find required class 'org.springframework.security.oauth2.server.authorization.OAuth2Authorization' (OnClassCondition)

   OAuth2AuthorizationServerJwtAutoConfiguration:
      Did not match:
         - @ConditionalOnClass did not find required class 'org.springframework.security.oauth2.server.authorization.OAuth2Authorization' (OnClassCondition)

   OAuth2ClientAutoConfiguration:
      Did not match:
         - @ConditionalOnClass did not find required class 'org.springframework.security.oauth2.client.registration.ClientRegistration' (OnClassCondition)

   OAuth2LoadBalancerClientAutoConfiguration:
      Did not match:
         - @ConditionalOnProperty (spring.cloud.oauth2.load-balanced.enabled) did not find property 'spring.cloud.oauth2.load-balanced.enabled' (OnPropertyCondition)

   OAuth2ResourceServerAutoConfiguration:
      Did not match:
         - not a servlet web application (OnWebApplicationCondition)
      Matched:
         - @ConditionalOnClass found required class 'org.springframework.security.oauth2.server.resource.authentication.BearerTokenAuthenticationToken' (OnClassCondition)

   PersistenceExceptionTranslationAutoConfiguration:
      Did not match:
         - @ConditionalOnClass did not find required class 'org.springframework.dao.annotation.PersistenceExceptionTranslationPostProcessor' (OnClassCondition)

   ProjectInfoAutoConfiguration#buildProperties:
      Did not match:
         - @ConditionalOnResource did not find resource '${spring.info.build.location:classpath:META-INF/build-info.properties}' (OnResourceCondition)

   ProjectInfoAutoConfiguration#gitProperties:
      Did not match:
         - GitResource did not find git info at classpath:git.properties (ProjectInfoAutoConfiguration.GitResourceAvailableCondition)

   PulsarAutoConfiguration:
      Did not match:
         - @ConditionalOnClass did not find required class 'org.apache.pulsar.client.api.PulsarClient' (OnClassCondition)

   PulsarReactiveAutoConfiguration:
      Did not match:
         - @ConditionalOnClass did not find required class 'org.apache.pulsar.client.api.PulsarClient' (OnClassCondition)

   QuartzAutoConfiguration:
      Did not match:
         - @ConditionalOnClass did not find required class 'org.quartz.Scheduler' (OnClassCondition)

   R2dbcAutoConfiguration:
      Did not match:
         - @ConditionalOnClass did not find required class 'io.r2dbc.spi.ConnectionFactory' (OnClassCondition)

   R2dbcDataAutoConfiguration:
      Did not match:
         - @ConditionalOnClass did not find required class 'org.springframework.data.r2dbc.core.R2dbcEntityTemplate' (OnClassCondition)

   R2dbcInitializationConfiguration:
      Did not match:
         - @ConditionalOnClass did not find required classes 'io.r2dbc.spi.ConnectionFactory', 'org.springframework.r2dbc.connection.init.DatabasePopulator' (OnClassCondition)

   R2dbcRepositoriesAutoConfiguration:
      Did not match:
         - @ConditionalOnClass did not find required class 'io.r2dbc.spi.ConnectionFactory' (OnClassCondition)

   R2dbcTransactionManagerAutoConfiguration:
      Did not match:
         - @ConditionalOnClass did not find required class 'org.springframework.r2dbc.connection.R2dbcTransactionManager' (OnClassCondition)

   RSocketGraphQlClientAutoConfiguration:
      Did not match:
         - @ConditionalOnClass did not find required class 'graphql.GraphQL' (OnClassCondition)

   RSocketMessagingAutoConfiguration:
      Did not match:
         - @ConditionalOnClass did not find required class 'io.rsocket.RSocket' (OnClassCondition)

   RSocketRequesterAutoConfiguration:
      Did not match:
         - @ConditionalOnClass did not find required class 'io.rsocket.RSocket' (OnClassCondition)

   RSocketSecurityAutoConfiguration:
      Did not match:
         - @ConditionalOnClass did not find required class 'org.springframework.security.rsocket.core.SecuritySocketAcceptorInterceptor' (OnClassCondition)

   RSocketServerAutoConfiguration:
      Did not match:
         - @ConditionalOnClass did not find required class 'io.rsocket.core.RSocketServer' (OnClassCondition)

   RSocketStrategiesAutoConfiguration:
      Did not match:
         - @ConditionalOnClass did not find required class 'io.rsocket.RSocket' (OnClassCondition)

   RabbitAutoConfiguration:
      Did not match:
         - @ConditionalOnClass did not find required class 'com.rabbitmq.client.Channel' (OnClassCondition)

   ReactiveCommonsClientAutoConfiguration.ReactiveDiscoveryLoadBalancerConfiguration:
      Did not match:
         - @ConditionalOnClass did not find required class 'org.springframework.boot.actuate.health.ReactiveHealthIndicator' (OnClassCondition)

   ReactiveElasticsearchClientAutoConfiguration:
      Did not match:
         - @ConditionalOnClass did not find required class 'co.elastic.clients.transport.ElasticsearchTransport' (OnClassCondition)

   ReactiveElasticsearchRepositoriesAutoConfiguration:
      Did not match:
         - @ConditionalOnClass did not find required class 'org.springframework.data.elasticsearch.client.elc.ReactiveElasticsearchClient' (OnClassCondition)

   ReactiveOAuth2ClientAutoConfiguration:
      Did not match:
         - @ConditionalOnClass did not find required class 'org.springframework.security.oauth2.client.registration.ClientRegistration' (OnClassCondition)

   ReactiveOAuth2ResourceServerJwkConfiguration.JwtConfiguration:
      Did not match:
         - @ConditionalOnMissingBean (types: org.springframework.security.oauth2.jwt.ReactiveJwtDecoder; SearchStrategy: all) found beans of type 'org.springframework.security.oauth2.jwt.ReactiveJwtDecoder' jwtDecoder (OnBeanCondition)

   ReactiveOAuth2ResourceServerJwkConfiguration.JwtConverterConfiguration:
      Did not match:
         - AnyNestedCondition 0 matched 3 did not; NestedCondition on ReactiveOAuth2ResourceServerJwkConfiguration.JwtConverterPropertiesCondition.OnAuthoritiesClaimName @ConditionalOnProperty (spring.security.oauth2.resourceserver.jwt.authorities-claim-name) did not find property 'authorities-claim-name'; NestedCondition on ReactiveOAuth2ResourceServerJwkConfiguration.JwtConverterPropertiesCondition.OnPrincipalClaimName @ConditionalOnProperty (spring.security.oauth2.resourceserver.jwt.principal-claim-name) did not find property 'principal-claim-name'; NestedCondition on ReactiveOAuth2ResourceServerJwkConfiguration.JwtConverterPropertiesCondition.OnAuthorityPrefix @ConditionalOnProperty (spring.security.oauth2.resourceserver.jwt.authority-prefix) did not find property 'authority-prefix' (ReactiveOAuth2ResourceServerJwkConfiguration.JwtConverterPropertiesCondition)

   ReactiveOAuth2ResourceServerJwkConfiguration.WebSecurityConfiguration:
      Did not match:
         - @ConditionalOnMissingBean (types: org.springframework.security.web.server.SecurityWebFilterChain; SearchStrategy: all) found beans of type 'org.springframework.security.web.server.SecurityWebFilterChain' springSecurityFilterChain (OnBeanCondition)

   ReactiveOAuth2ResourceServerOpaqueTokenConfiguration.OpaqueTokenIntrospectionClientConfiguration#opaqueTokenIntrospector:
      Did not match:
         - @ConditionalOnProperty (spring.security.oauth2.resourceserver.opaquetoken.introspection-uri) did not find property 'spring.security.oauth2.resourceserver.opaquetoken.introspection-uri' (OnPropertyCondition)

   ReactiveOAuth2ResourceServerOpaqueTokenConfiguration.WebSecurityConfiguration:
      Did not match:
         - @ConditionalOnMissingBean (types: org.springframework.security.web.server.SecurityWebFilterChain; SearchStrategy: all) found beans of type 'org.springframework.security.web.server.SecurityWebFilterChain' springSecurityFilterChain (OnBeanCondition)

   ReactiveSecurityAutoConfiguration.SpringBootWebFluxSecurityConfiguration#denyAllAuthenticationManager:
      Did not match:
         - @ConditionalOnMissingBean (types: org.springframework.security.authentication.ReactiveAuthenticationManager,org.springframework.security.core.userdetails.ReactiveUserDetailsService,org.springframework.security.web.server.SecurityWebFilterChain; SearchStrategy: all) found beans of type 'org.springframework.security.web.server.SecurityWebFilterChain' springSecurityFilterChain (OnBeanCondition)

   ReactiveUserDetailsServiceAutoConfiguration:
      Did not match:
         - AnyNestedCondition 0 matched 3 did not; NestedCondition on ReactiveUserDetailsServiceAutoConfiguration.MissingAlternativeOrUserPropertiesConfigured.PasswordConfigured @ConditionalOnProperty (spring.security.user.password) did not find property 'password'; NestedCondition on ReactiveUserDetailsServiceAutoConfiguration.MissingAlternativeOrUserPropertiesConfigured.NameConfigured @ConditionalOnProperty (spring.security.user.name) did not find property 'name'; NestedCondition on ReactiveUserDetailsServiceAutoConfiguration.MissingAlternativeOrUserPropertiesConfigured.MissingAlternative @ConditionalOnMissingClass found unwanted class 'org.springframework.security.oauth2.server.resource.introspection.ReactiveOpaqueTokenIntrospector' (ReactiveUserDetailsServiceAutoConfiguration.MissingAlternativeOrUserPropertiesConfigured)
      Matched:
         - @ConditionalOnClass found required class 'org.springframework.security.authentication.ReactiveAuthenticationManager' (OnClassCondition)

   ReactiveWebServerFactoryAutoConfiguration#forwardedHeaderTransformer:
      Did not match:
         - @ConditionalOnProperty (server.forward-headers-strategy=framework) did not find property 'server.forward-headers-strategy' (OnPropertyCondition)

   ReactiveWebServerFactoryAutoConfiguration#tomcatReactiveWebServerFactoryCustomizer:
      Did not match:
         - @ConditionalOnClass did not find required class 'org.apache.catalina.startup.Tomcat' (OnClassCondition)

   ReactiveWebServerFactoryConfiguration.EmbeddedJetty:
      Did not match:
         - @ConditionalOnClass did not find required classes 'org.eclipse.jetty.server.Server', 'org.eclipse.jetty.ee10.servlet.ServletHolder' (OnClassCondition)

   ReactiveWebServerFactoryConfiguration.EmbeddedTomcat:
      Did not match:
         - @ConditionalOnClass did not find required class 'org.apache.catalina.startup.Tomcat' (OnClassCondition)

   ReactiveWebServerFactoryConfiguration.EmbeddedUndertow:
      Did not match:
         - @ConditionalOnClass did not find required class 'io.undertow.Undertow' (OnClassCondition)

   ReactorLoadBalancerClientAutoConfiguration#loadBalancerRetryPolicy:
      Did not match:
         - @ConditionalOnProperty (spring.cloud.loadbalancer.retry.enabled=true) did not find property 'spring.cloud.loadbalancer.retry.enabled' (OnPropertyCondition)

   ReactorLoadBalancerClientAutoConfiguration#retryableLoadBalancerExchangeFilterFunction:
      Did not match:
         - @ConditionalOnProperty (spring.cloud.loadbalancer.retry.enabled=true) did not find property 'spring.cloud.loadbalancer.retry.enabled' (OnPropertyCondition)

   RedisAutoConfiguration:
      Did not match:
         - @ConditionalOnClass did not find required class 'org.springframework.data.redis.core.RedisOperations' (OnClassCondition)

   RedisCacheConfiguration:
      Did not match:
         - @ConditionalOnClass did not find required class 'org.springframework.data.redis.connection.RedisConnectionFactory' (OnClassCondition)

   RedisReactiveAutoConfiguration:
      Did not match:
         - @ConditionalOnClass did not find required class 'org.springframework.data.redis.connection.ReactiveRedisConnectionFactory' (OnClassCondition)

   RedisRepositoriesAutoConfiguration:
      Did not match:
         - @ConditionalOnClass did not find required class 'org.springframework.data.redis.repository.configuration.EnableRedisRepositories' (OnClassCondition)

   RefreshAutoConfiguration#legacyContextRefresher:
      Did not match:
         - AnyNestedCondition 0 matched 3 did not; NestedCondition on ConditionalOnBootstrapEnabled.OnBootstrapEnabledCondition.OnBootstrapEnabled @ConditionalOnProperty (spring.cloud.bootstrap.enabled) did not find property 'spring.cloud.bootstrap.enabled'; NestedCondition on ConditionalOnBootstrapEnabled.OnBootstrapEnabledCondition.OnUseLegacyProcessingEnabled @ConditionalOnProperty (spring.config.use-legacy-processing) did not find property 'spring.config.use-legacy-processing'; NestedCondition on ConditionalOnBootstrapEnabled.OnBootstrapEnabledCondition.OnBootstrapMarkerClassPresent @ConditionalOnClass did not find required class 'org.springframework.cloud.bootstrap.marker.Marker' (ConditionalOnBootstrapEnabled.OnBootstrapEnabledCondition)

   RefreshAutoConfiguration.JpaInvokerConfiguration:
      Did not match:
         - @ConditionalOnClass did not find required class 'javax.persistence.EntityManagerFactory' (OnClassCondition)

   RefreshEndpointAutoConfiguration:
      Did not match:
         - @ConditionalOnClass did not find required class 'org.springframework.boot.actuate.autoconfigure.endpoint.EndpointAutoConfiguration' (OnClassCondition)

   RepositoryRestMvcAutoConfiguration:
      Did not match:
         - @ConditionalOnClass did not find required class 'org.springframework.data.rest.webmvc.config.RepositoryRestMvcConfiguration' (OnClassCondition)

   ResourceServerTokenRelayAutoConfiguration:
      Did not match:
         - @ConditionalOnClass did not find required class 'org.springframework.web.servlet.config.annotation.WebMvcConfigurer' (OnClassCondition)

   RestClientAutoConfiguration:
      Did not match:
         - NoneNestedConditions 1 matched 0 did not; NestedCondition on NotReactiveWebApplicationCondition.ReactiveWebApplication found ConfigurableReactiveWebEnvironment (NotReactiveWebApplicationCondition)
      Matched:
         - @ConditionalOnClass found required class 'org.springframework.web.client.RestClient' (OnClassCondition)

   RestTemplateAutoConfiguration:
      Did not match:
         - NoneNestedConditions 1 matched 0 did not; NestedCondition on NotReactiveWebApplicationCondition.ReactiveWebApplication found ConfigurableReactiveWebEnvironment (NotReactiveWebApplicationCondition)
      Matched:
         - @ConditionalOnClass found required class 'org.springframework.web.client.RestTemplate' (OnClassCondition)

   Saml2RelyingPartyAutoConfiguration:
      Did not match:
         - @ConditionalOnClass did not find required class 'org.springframework.security.saml2.provider.service.registration.RelyingPartyRegistrationRepository' (OnClassCondition)

   SecurityDataConfiguration:
      Did not match:
         - @ConditionalOnClass did not find required class 'org.springframework.security.data.repository.query.SecurityEvaluationContextExtension' (OnClassCondition)

   SecurityFilterAutoConfiguration:
      Did not match:
         - not a servlet web application (OnWebApplicationCondition)
      Matched:
         - @ConditionalOnClass found required classes 'org.springframework.security.web.context.AbstractSecurityWebApplicationInitializer', 'org.springframework.security.config.http.SessionCreationPolicy' (OnClassCondition)

   SendGridAutoConfiguration:
      Did not match:
         - @ConditionalOnClass did not find required class 'com.sendgrid.SendGrid' (OnClassCondition)

   ServiceRegistryAutoConfiguration.ServiceRegistryEndpointConfiguration:
      Did not match:
         - @ConditionalOnClass did not find required class 'org.springframework.boot.actuate.endpoint.annotation.Endpoint' (OnClassCondition)

   ServletWebServerFactoryAutoConfiguration:
      Did not match:
         - @ConditionalOnClass did not find required class 'jakarta.servlet.ServletRequest' (OnClassCondition)

   SessionAutoConfiguration:
      Did not match:
         - @ConditionalOnClass did not find required class 'org.springframework.session.Session' (OnClassCondition)

   SimpleReactiveDiscoveryClientAutoConfiguration.HealthConfiguration:
      Did not match:
         - @ConditionalOnClass did not find required class 'org.springframework.boot.actuate.health.ReactiveHealthIndicator' (OnClassCondition)

   SimpleUrlHandlerMappingGlobalCorsAutoConfiguration:
      Did not match:
         - @ConditionalOnProperty (spring.cloud.gateway.globalcors.add-to-simple-url-handler-mapping) did not find property 'spring.cloud.gateway.globalcors.add-to-simple-url-handler-mapping' (OnPropertyCondition)
      Matched:
         - @ConditionalOnClass found required class 'org.springframework.web.reactive.handler.SimpleUrlHandlerMapping' (OnClassCondition)

   SpringApplicationAdminJmxAutoConfiguration:
      Did not match:
         - @ConditionalOnProperty (spring.application.admin.enabled=true) did not find property 'enabled' (OnPropertyCondition)

   SpringBootWebSecurityConfiguration:
      Did not match:
         - not a servlet web application (OnWebApplicationCondition)

   SpringDataWebAutoConfiguration:
      Did not match:
         - @ConditionalOnClass did not find required class 'org.springframework.data.web.PageableHandlerMethodArgumentResolver' (OnClassCondition)

   TaskExecutorConfigurations.SimpleAsyncTaskExecutorBuilderConfiguration#simpleAsyncTaskExecutorBuilderVirtualThreads:
      Did not match:
         - @ConditionalOnMissingBean (types: org.springframework.boot.task.SimpleAsyncTaskExecutorBuilder; SearchStrategy: all) found beans of type 'org.springframework.boot.task.SimpleAsyncTaskExecutorBuilder' simpleAsyncTaskExecutorBuilder (OnBeanCondition)

   TaskExecutorConfigurations.TaskExecutorConfiguration#applicationTaskExecutorVirtualThreads:
      Did not match:
         - @ConditionalOnThreading did not find VIRTUAL (OnThreadingCondition)

   TaskSchedulingAutoConfiguration#scheduledBeanLazyInitializationExcludeFilter:
      Did not match:
         - @ConditionalOnBean (names: org.springframework.context.annotation.internalScheduledAnnotationProcessor; SearchStrategy: all) did not find any beans named org.springframework.context.annotation.internalScheduledAnnotationProcessor (OnBeanCondition)

   TaskSchedulingConfigurations.SimpleAsyncTaskSchedulerBuilderConfiguration#simpleAsyncTaskSchedulerBuilderVirtualThreads:
      Did not match:
         - @ConditionalOnMissingBean (types: org.springframework.boot.task.SimpleAsyncTaskSchedulerBuilder; SearchStrategy: all) found beans of type 'org.springframework.boot.task.SimpleAsyncTaskSchedulerBuilder' simpleAsyncTaskSchedulerBuilder (OnBeanCondition)

   TaskSchedulingConfigurations.TaskSchedulerConfiguration:
      Did not match:
         - @ConditionalOnBean (names: org.springframework.context.annotation.internalScheduledAnnotationProcessor; SearchStrategy: all) did not find any beans named org.springframework.context.annotation.internalScheduledAnnotationProcessor (OnBeanCondition)

   ThymeleafAutoConfiguration:
      Did not match:
         - @ConditionalOnClass did not find required class 'org.thymeleaf.spring6.SpringTemplateEngine' (OnClassCondition)

   TransactionAutoConfiguration:
      Did not match:
         - @ConditionalOnClass did not find required class 'org.springframework.transaction.PlatformTransactionManager' (OnClassCondition)

   TransactionManagerCustomizationAutoConfiguration:
      Did not match:
         - @ConditionalOnClass did not find required class 'org.springframework.transaction.PlatformTransactionManager' (OnClassCondition)

   UserDetailsServiceAutoConfiguration:
      Did not match:
         - AnyNestedCondition 0 matched 3 did not; NestedCondition on UserDetailsServiceAutoConfiguration.MissingAlternativeOrUserPropertiesConfigured.PasswordConfigured @ConditionalOnProperty (spring.security.user.password) did not find property 'password'; NestedCondition on UserDetailsServiceAutoConfiguration.MissingAlternativeOrUserPropertiesConfigured.NameConfigured @ConditionalOnProperty (spring.security.user.name) did not find property 'name'; NestedCondition on UserDetailsServiceAutoConfiguration.MissingAlternativeOrUserPropertiesConfigured.MissingAlternative @ConditionalOnMissingClass found unwanted class 'org.springframework.security.oauth2.server.resource.introspection.OpaqueTokenIntrospector' (UserDetailsServiceAutoConfiguration.MissingAlternativeOrUserPropertiesConfigured)
      Matched:
         - @ConditionalOnClass found required class 'org.springframework.security.authentication.AuthenticationManager' (OnClassCondition)

   WebFluxAutoConfiguration#hiddenHttpMethodFilter:
      Did not match:
         - @ConditionalOnProperty (spring.webflux.hiddenmethod.filter.enabled) found different value in property 'enabled' (OnPropertyCondition)

   WebFluxAutoConfiguration.ProblemDetailsErrorHandlingConfiguration:
      Did not match:
         - @ConditionalOnProperty (spring.webflux.problemdetails.enabled=true) did not find property 'enabled' (OnPropertyCondition)

   WebFluxAutoConfiguration.ResourceChainCustomizerConfiguration:
      Did not match:
         - @ConditionalOnEnabledResourceChain did not find class org.webjars.WebJarAssetLocator (OnEnabledResourceChainCondition)

   WebMvcAutoConfiguration:
      Did not match:
         - @ConditionalOnClass did not find required class 'jakarta.servlet.Servlet' (OnClassCondition)

   WebServiceTemplateAutoConfiguration:
      Did not match:
         - @ConditionalOnClass did not find required class 'org.springframework.oxm.Marshaller' (OnClassCondition)

   WebServicesAutoConfiguration:
      Did not match:
         - @ConditionalOnClass did not find required class 'org.springframework.ws.transport.http.MessageDispatcherServlet' (OnClassCondition)

   WebSocketMessagingAutoConfiguration:
      Did not match:
         - @ConditionalOnClass did not find required class 'org.springframework.web.socket.config.annotation.WebSocketMessageBrokerConfigurer' (OnClassCondition)

   WebSocketReactiveAutoConfiguration:
      Did not match:
         - @ConditionalOnClass did not find required class 'jakarta.servlet.Servlet' (OnClassCondition)

   WebSocketServletAutoConfiguration:
      Did not match:
         - @ConditionalOnClass did not find required class 'jakarta.servlet.Servlet' (OnClassCondition)

   WritableEnvironmentEndpointAutoConfiguration:
      Did not match:
         - @ConditionalOnClass did not find required class 'org.springframework.boot.actuate.autoconfigure.env.EnvironmentEndpointProperties' (OnClassCondition)

   XADataSourceAutoConfiguration:
      Did not match:
         - @ConditionalOnClass did not find required class 'jakarta.transaction.TransactionManager' (OnClassCondition)


Exclusions:
-----------

    None


Unconditional classes:
----------------------

    org.springframework.boot.autoconfigure.context.ConfigurationPropertiesAutoConfiguration

    org.springframework.cloud.client.ReactiveCommonsClientAutoConfiguration

    org.springframework.boot.autoconfigure.ssl.SslAutoConfiguration

    org.springframework.cloud.client.discovery.simple.SimpleDiscoveryClientAutoConfiguration

    org.springframework.boot.autoconfigure.context.PropertyPlaceholderAutoConfiguration

    org.springframework.boot.autoconfigure.context.LifecycleAutoConfiguration

    org.springframework.cloud.client.CommonsClientAutoConfiguration

    org.springframework.cloud.commons.config.CommonsConfigAutoConfiguration

    org.springframework.cloud.netflix.eureka.config.DiscoveryClientOptionalArgsConfiguration

    org.springframework.cloud.client.loadbalancer.LoadBalancerDefaultMappingsProviderAutoConfiguration

    org.springframework.cloud.client.discovery.composite.CompositeDiscoveryClientAutoConfiguration

    org.springframework.cloud.client.serviceregistry.ServiceRegistryAutoConfiguration

    org.springframework.cloud.autoconfigure.LifecycleMvcEndpointAutoConfiguration

    org.springframework.boot.autoconfigure.availability.ApplicationAvailabilityAutoConfiguration

    org.springframework.boot.autoconfigure.info.ProjectInfoAutoConfiguration



2026-03-01T10:02:01.249+01:00  INFO 4700 --- [api-gateway] [           main] t.e.apigateway.ApiGatewayApplication     : Started ApiGatewayApplication in 12.214 seconds (process running for 12.73)
2026-03-01T10:02:01.251+01:00 DEBUG 4700 --- [api-gateway] [           main] o.s.b.a.ApplicationAvailabilityBean      : Application availability state LivenessState changed to CORRECT
2026-03-01T10:02:01.254+01:00 DEBUG 4700 --- [api-gateway] [           main] o.s.b.a.ApplicationAvailabilityBean      : Application availability state ReadinessState changed to ACCEPTING_TRAFFIC
2026-03-01T10:02:28.035+01:00 DEBUG 4700 --- [api-gateway] [reshExecutor-%d] o.s.web.client.RestTemplate              : HTTP GET http://localhost:8071/eureka/apps/delta
2026-03-01T10:02:28.035+01:00 DEBUG 4700 --- [api-gateway] [reshExecutor-%d] o.s.web.client.RestTemplate              : Accept=[application/json, application/*+json]
2026-03-01T10:02:28.040+01:00 DEBUG 4700 --- [api-gateway] [beatExecutor-%d] o.s.web.client.RestTemplate              : HTTP PUT http://localhost:8071/eureka/apps/API-GATEWAY/localhost:api-gateway:8088?status=UP&lastDirtyTimestamp=1772355718027
2026-03-01T10:02:28.055+01:00 DEBUG 4700 --- [api-gateway] [reshExecutor-%d] o.s.web.client.RestTemplate              : Response 200 OK
2026-03-01T10:02:28.055+01:00 DEBUG 4700 --- [api-gateway] [reshExecutor-%d] o.s.web.client.RestTemplate              : Reading to [org.springframework.cloud.netflix.eureka.http.EurekaApplications]
2026-03-01T10:02:28.060+01:00 DEBUG 4700 --- [api-gateway] [beatExecutor-%d] o.s.web.client.RestTemplate              : Accept=[application/json, application/*+json]
2026-03-01T10:02:28.068+01:00 DEBUG 4700 --- [api-gateway] [beatExecutor-%d] o.s.web.client.RestTemplate              : Response 200 OK
2026-03-01T10:02:58.081+01:00 DEBUG 4700 --- [api-gateway] [reshExecutor-%d] o.s.web.client.RestTemplate              : HTTP GET http://localhost:8071/eureka/apps/delta
2026-03-01T10:02:58.081+01:00 DEBUG 4700 --- [api-gateway] [beatExecutor-%d] o.s.web.client.RestTemplate              : HTTP PUT http://localhost:8071/eureka/apps/API-GATEWAY/localhost:api-gateway:8088?status=UP&lastDirtyTimestamp=1772355718027
2026-03-01T10:02:58.091+01:00 DEBUG 4700 --- [api-gateway] [reshExecutor-%d] o.s.web.client.RestTemplate              : Accept=[application/json, application/*+json]
2026-03-01T10:02:58.091+01:00 DEBUG 4700 --- [api-gateway] [beatExecutor-%d] o.s.web.client.RestTemplate              : Accept=[application/json, application/*+json]
2026-03-01T10:02:58.099+01:00 DEBUG 4700 --- [api-gateway] [beatExecutor-%d] o.s.web.client.RestTemplate              : Response 200 OK
2026-03-01T10:02:58.099+01:00 DEBUG 4700 --- [api-gateway] [reshExecutor-%d] o.s.web.client.RestTemplate              : Response 200 OK
2026-03-01T10:02:58.100+01:00 DEBUG 4700 --- [api-gateway] [reshExecutor-%d] o.s.web.client.RestTemplate              : Reading to [org.springframework.cloud.netflix.eureka.http.EurekaApplications]
2026-03-01T10:03:28.114+01:00 DEBUG 4700 --- [api-gateway] [reshExecutor-%d] o.s.web.client.RestTemplate              : HTTP GET http://localhost:8071/eureka/apps/delta
2026-03-01T10:03:28.114+01:00 DEBUG 4700 --- [api-gateway] [beatExecutor-%d] o.s.web.client.RestTemplate              : HTTP PUT http://localhost:8071/eureka/apps/API-GATEWAY/localhost:api-gateway:8088?status=UP&lastDirtyTimestamp=1772355718027
2026-03-01T10:03:28.115+01:00 DEBUG 4700 --- [api-gateway] [reshExecutor-%d] o.s.web.client.RestTemplate              : Accept=[application/json, application/*+json]
2026-03-01T10:03:28.116+01:00 DEBUG 4700 --- [api-gateway] [beatExecutor-%d] o.s.web.client.RestTemplate              : Accept=[application/json, application/*+json]
2026-03-01T10:03:28.133+01:00 DEBUG 4700 --- [api-gateway] [beatExecutor-%d] o.s.web.client.RestTemplate              : Response 200 OK
2026-03-01T10:03:28.133+01:00 DEBUG 4700 --- [api-gateway] [reshExecutor-%d] o.s.web.client.RestTemplate              : Response 200 OK
2026-03-01T10:03:28.134+01:00 DEBUG 4700 --- [api-gateway] [reshExecutor-%d] o.s.web.client.RestTemplate              : Reading to [org.springframework.cloud.netflix.eureka.http.EurekaApplications]
2026-03-01T10:03:58.139+01:00 DEBUG 4700 --- [api-gateway] [beatExecutor-%d] o.s.web.client.RestTemplate              : HTTP PUT http://localhost:8071/eureka/apps/API-GATEWAY/localhost:api-gateway:8088?status=UP&lastDirtyTimestamp=1772355718027
2026-03-01T10:03:58.149+01:00 DEBUG 4700 --- [api-gateway] [beatExecutor-%d] o.s.web.client.RestTemplate              : Accept=[application/json, application/*+json]
2026-03-01T10:03:58.154+01:00 DEBUG 4700 --- [api-gateway] [reshExecutor-%d] o.s.web.client.RestTemplate              : HTTP GET http://localhost:8071/eureka/apps/delta
2026-03-01T10:03:58.155+01:00 DEBUG 4700 --- [api-gateway] [reshExecutor-%d] o.s.web.client.RestTemplate              : Accept=[application/json, application/*+json]
2026-03-01T10:03:58.157+01:00 DEBUG 4700 --- [api-gateway] [beatExecutor-%d] o.s.web.client.RestTemplate              : Response 200 OK
2026-03-01T10:03:58.172+01:00 DEBUG 4700 --- [api-gateway] [reshExecutor-%d] o.s.web.client.RestTemplate              : Response 200 OK
2026-03-01T10:03:58.173+01:00 DEBUG 4700 --- [api-gateway] [reshExecutor-%d] o.s.web.client.RestTemplate              : Reading to [org.springframework.cloud.netflix.eureka.http.EurekaApplications]
2026-03-01T10:04:28.164+01:00 DEBUG 4700 --- [api-gateway] [beatExecutor-%d] o.s.web.client.RestTemplate              : HTTP PUT http://localhost:8071/eureka/apps/API-GATEWAY/localhost:api-gateway:8088?status=UP&lastDirtyTimestamp=1772355718027
2026-03-01T10:04:28.165+01:00 DEBUG 4700 --- [api-gateway] [beatExecutor-%d] o.s.web.client.RestTemplate              : Accept=[application/json, application/*+json]
2026-03-01T10:04:28.183+01:00 DEBUG 4700 --- [api-gateway] [beatExecutor-%d] o.s.web.client.RestTemplate              : Response 200 OK
2026-03-01T10:04:28.183+01:00 DEBUG 4700 --- [api-gateway] [reshExecutor-%d] o.s.web.client.RestTemplate              : HTTP GET http://localhost:8071/eureka/apps/delta
2026-03-01T10:04:28.184+01:00 DEBUG 4700 --- [api-gateway] [reshExecutor-%d] o.s.web.client.RestTemplate              : Accept=[application/json, application/*+json]
2026-03-01T10:04:28.199+01:00 DEBUG 4700 --- [api-gateway] [reshExecutor-%d] o.s.web.client.RestTemplate              : Response 200 OK
2026-03-01T10:04:28.199+01:00 DEBUG 4700 --- [api-gateway] [reshExecutor-%d] o.s.web.client.RestTemplate              : Reading to [org.springframework.cloud.netflix.eureka.http.EurekaApplications]
2026-03-01T10:04:58.194+01:00 DEBUG 4700 --- [api-gateway] [beatExecutor-%d] o.s.web.client.RestTemplate              : HTTP PUT http://localhost:8071/eureka/apps/API-GATEWAY/localhost:api-gateway:8088?status=UP&lastDirtyTimestamp=1772355718027
2026-03-01T10:04:58.196+01:00 DEBUG 4700 --- [api-gateway] [beatExecutor-%d] o.s.web.client.RestTemplate              : Accept=[application/json, application/*+json]
2026-03-01T10:04:58.209+01:00 DEBUG 4700 --- [api-gateway] [reshExecutor-%d] o.s.web.client.RestTemplate              : HTTP GET http://localhost:8071/eureka/apps/delta
2026-03-01T10:04:58.210+01:00 DEBUG 4700 --- [api-gateway] [reshExecutor-%d] o.s.web.client.RestTemplate              : Accept=[application/json, application/*+json]
2026-03-01T10:04:58.215+01:00 DEBUG 4700 --- [api-gateway] [beatExecutor-%d] o.s.web.client.RestTemplate              : Response 200 OK
2026-03-01T10:04:58.231+01:00 DEBUG 4700 --- [api-gateway] [reshExecutor-%d] o.s.web.client.RestTemplate              : Response 200 OK
2026-03-01T10:04:58.231+01:00 DEBUG 4700 --- [api-gateway] [reshExecutor-%d] o.s.web.client.RestTemplate              : Reading to [org.springframework.cloud.netflix.eureka.http.EurekaApplications]
2026-03-01T10:05:28.223+01:00 DEBUG 4700 --- [api-gateway] [beatExecutor-%d] o.s.web.client.RestTemplate              : HTTP PUT http://localhost:8071/eureka/apps/API-GATEWAY/localhost:api-gateway:8088?status=UP&lastDirtyTimestamp=1772355718027
2026-03-01T10:05:28.223+01:00 DEBUG 4700 --- [api-gateway] [beatExecutor-%d] o.s.web.client.RestTemplate              : Accept=[application/json, application/*+json]
2026-03-01T10:05:28.242+01:00 DEBUG 4700 --- [api-gateway] [beatExecutor-%d] o.s.web.client.RestTemplate              : Response 200 OK
2026-03-01T10:05:28.254+01:00 DEBUG 4700 --- [api-gateway] [reshExecutor-%d] o.s.web.client.RestTemplate              : HTTP GET http://localhost:8071/eureka/apps/delta
2026-03-01T10:05:28.255+01:00 DEBUG 4700 --- [api-gateway] [reshExecutor-%d] o.s.web.client.RestTemplate              : Accept=[application/json, application/*+json]
2026-03-01T10:05:28.271+01:00 DEBUG 4700 --- [api-gateway] [reshExecutor-%d] o.s.web.client.RestTemplate              : Response 200 OK
2026-03-01T10:05:28.272+01:00 DEBUG 4700 --- [api-gateway] [reshExecutor-%d] o.s.web.client.RestTemplate              : Reading to [org.springframework.cloud.netflix.eureka.http.EurekaApplications]
2026-03-01T10:05:58.253+01:00 DEBUG 4700 --- [api-gateway] [beatExecutor-%d] o.s.web.client.RestTemplate              : HTTP PUT http://localhost:8071/eureka/apps/API-GATEWAY/localhost:api-gateway:8088?status=UP&lastDirtyTimestamp=1772355718027
2026-03-01T10:05:58.253+01:00 DEBUG 4700 --- [api-gateway] [beatExecutor-%d] o.s.web.client.RestTemplate              : Accept=[application/json, application/*+json]
2026-03-01T10:05:58.273+01:00 DEBUG 4700 --- [api-gateway] [beatExecutor-%d] o.s.web.client.RestTemplate              : Response 200 OK
2026-03-01T10:05:58.285+01:00 DEBUG 4700 --- [api-gateway] [reshExecutor-%d] o.s.web.client.RestTemplate              : HTTP GET http://localhost:8071/eureka/apps/delta
2026-03-01T10:05:58.286+01:00 DEBUG 4700 --- [api-gateway] [reshExecutor-%d] o.s.web.client.RestTemplate              : Accept=[application/json, application/*+json]
2026-03-01T10:05:58.303+01:00 DEBUG 4700 --- [api-gateway] [reshExecutor-%d] o.s.web.client.RestTemplate              : Response 200 OK
2026-03-01T10:05:58.303+01:00 DEBUG 4700 --- [api-gateway] [reshExecutor-%d] o.s.web.client.RestTemplate              : Reading to [org.springframework.cloud.netflix.eureka.http.EurekaApplications]
2026-03-01T10:06:28.275+01:00 DEBUG 4700 --- [api-gateway] [beatExecutor-%d] o.s.web.client.RestTemplate              : HTTP PUT http://localhost:8071/eureka/apps/API-GATEWAY/localhost:api-gateway:8088?status=UP&lastDirtyTimestamp=1772355718027
2026-03-01T10:06:28.275+01:00 DEBUG 4700 --- [api-gateway] [beatExecutor-%d] o.s.web.client.RestTemplate              : Accept=[application/json, application/*+json]
2026-03-01T10:06:28.295+01:00 DEBUG 4700 --- [api-gateway] [beatExecutor-%d] o.s.web.client.RestTemplate              : Response 200 OK
2026-03-01T10:06:28.324+01:00 DEBUG 4700 --- [api-gateway] [reshExecutor-%d] o.s.web.client.RestTemplate              : HTTP GET http://localhost:8071/eureka/apps/delta
2026-03-01T10:06:28.324+01:00 DEBUG 4700 --- [api-gateway] [reshExecutor-%d] o.s.web.client.RestTemplate              : Accept=[application/json, application/*+json]
2026-03-01T10:06:28.341+01:00 DEBUG 4700 --- [api-gateway] [reshExecutor-%d] o.s.web.client.RestTemplate              : Response 200 OK
2026-03-01T10:06:28.342+01:00 DEBUG 4700 --- [api-gateway] [reshExecutor-%d] o.s.web.client.RestTemplate              : Reading to [org.springframework.cloud.netflix.eureka.http.EurekaApplications]
2026-03-01T10:06:57.600+01:00  INFO 4700 --- [api-gateway] [rap-executor-%d] c.n.d.s.r.aws.ConfigClusterResolver      : Resolving eureka endpoints via configuration
2026-03-01T10:06:58.317+01:00 DEBUG 4700 --- [api-gateway] [beatExecutor-%d] o.s.web.client.RestTemplate              : HTTP PUT http://localhost:8071/eureka/apps/API-GATEWAY/localhost:api-gateway:8088?status=UP&lastDirtyTimestamp=1772355718027
2026-03-01T10:06:58.324+01:00 DEBUG 4700 --- [api-gateway] [beatExecutor-%d] o.s.web.client.RestTemplate              : Accept=[application/json, application/*+json]
2026-03-01T10:06:58.335+01:00 DEBUG 4700 --- [api-gateway] [beatExecutor-%d] o.s.web.client.RestTemplate              : Response 200 OK
2026-03-01T10:06:58.362+01:00 DEBUG 4700 --- [api-gateway] [reshExecutor-%d] o.s.web.client.RestTemplate              : HTTP GET http://localhost:8071/eureka/apps/delta
2026-03-01T10:06:58.369+01:00 DEBUG 4700 --- [api-gateway] [reshExecutor-%d] o.s.web.client.RestTemplate              : Accept=[application/json, application/*+json]
2026-03-01T10:06:58.382+01:00 DEBUG 4700 --- [api-gateway] [reshExecutor-%d] o.s.web.client.RestTemplate              : Response 200 OK
2026-03-01T10:06:58.383+01:00 DEBUG 4700 --- [api-gateway] [reshExecutor-%d] o.s.web.client.RestTemplate              : Reading to [org.springframework.cloud.netflix.eureka.http.EurekaApplications]
2026-03-01T10:07:28.354+01:00 DEBUG 4700 --- [api-gateway] [beatExecutor-%d] o.s.web.client.RestTemplate              : HTTP PUT http://localhost:8071/eureka/apps/API-GATEWAY/localhost:api-gateway:8088?status=UP&lastDirtyTimestamp=1772355718027
2026-03-01T10:07:28.354+01:00 DEBUG 4700 --- [api-gateway] [beatExecutor-%d] o.s.web.client.RestTemplate              : Accept=[application/json, application/*+json]
2026-03-01T10:07:28.371+01:00 DEBUG 4700 --- [api-gateway] [beatExecutor-%d] o.s.web.client.RestTemplate              : Response 200 OK
2026-03-01T10:07:28.400+01:00 DEBUG 4700 --- [api-gateway] [reshExecutor-%d] o.s.web.client.RestTemplate              : HTTP GET http://localhost:8071/eureka/apps/delta
2026-03-01T10:07:28.400+01:00 DEBUG 4700 --- [api-gateway] [reshExecutor-%d] o.s.web.client.RestTemplate              : Accept=[application/json, application/*+json]
2026-03-01T10:07:28.418+01:00 DEBUG 4700 --- [api-gateway] [reshExecutor-%d] o.s.web.client.RestTemplate              : Response 200 OK
2026-03-01T10:07:28.419+01:00 DEBUG 4700 --- [api-gateway] [reshExecutor-%d] o.s.web.client.RestTemplate              : Reading to [org.springframework.cloud.netflix.eureka.http.EurekaApplications]
2026-03-01T10:07:58.376+01:00 DEBUG 4700 --- [api-gateway] [beatExecutor-%d] o.s.web.client.RestTemplate              : HTTP PUT http://localhost:8071/eureka/apps/API-GATEWAY/localhost:api-gateway:8088?status=UP&lastDirtyTimestamp=1772355718027
2026-03-01T10:07:58.376+01:00 DEBUG 4700 --- [api-gateway] [beatExecutor-%d] o.s.web.client.RestTemplate              : Accept=[application/json, application/*+json]
2026-03-01T10:07:58.394+01:00 DEBUG 4700 --- [api-gateway] [beatExecutor-%d] o.s.web.client.RestTemplate              : Response 200 OK
2026-03-01T10:07:58.438+01:00 DEBUG 4700 --- [api-gateway] [reshExecutor-%d] o.s.web.client.RestTemplate              : HTTP GET http://localhost:8071/eureka/apps/delta
2026-03-01T10:07:58.439+01:00 DEBUG 4700 --- [api-gateway] [reshExecutor-%d] o.s.web.client.RestTemplate              : Accept=[application/json, application/*+json]
2026-03-01T10:07:58.456+01:00 DEBUG 4700 --- [api-gateway] [reshExecutor-%d] o.s.web.client.RestTemplate              : Response 200 OK
2026-03-01T10:07:58.456+01:00 DEBUG 4700 --- [api-gateway] [reshExecutor-%d] o.s.web.client.RestTemplate              : Reading to [org.springframework.cloud.netflix.eureka.http.EurekaApplications]
2026-03-01T10:08:28.403+01:00 DEBUG 4700 --- [api-gateway] [beatExecutor-%d] o.s.web.client.RestTemplate              : HTTP PUT http://localhost:8071/eureka/apps/API-GATEWAY/localhost:api-gateway:8088?status=UP&lastDirtyTimestamp=1772355718027
2026-03-01T10:08:28.403+01:00 DEBUG 4700 --- [api-gateway] [beatExecutor-%d] o.s.web.client.RestTemplate              : Accept=[application/json, application/*+json]
2026-03-01T10:08:28.421+01:00 DEBUG 4700 --- [api-gateway] [beatExecutor-%d] o.s.web.client.RestTemplate              : Response 200 OK
2026-03-01T10:08:28.480+01:00 DEBUG 4700 --- [api-gateway] [reshExecutor-%d] o.s.web.client.RestTemplate              : HTTP GET http://localhost:8071/eureka/apps/delta
2026-03-01T10:08:28.480+01:00 DEBUG 4700 --- [api-gateway] [reshExecutor-%d] o.s.web.client.RestTemplate              : Accept=[application/json, application/*+json]
2026-03-01T10:08:28.498+01:00 DEBUG 4700 --- [api-gateway] [reshExecutor-%d] o.s.web.client.RestTemplate              : Response 200 OK
2026-03-01T10:08:28.498+01:00 DEBUG 4700 --- [api-gateway] [reshExecutor-%d] o.s.web.client.RestTemplate              : Reading to [org.springframework.cloud.netflix.eureka.http.EurekaApplications]
2026-03-01T10:08:58.424+01:00 DEBUG 4700 --- [api-gateway] [beatExecutor-%d] o.s.web.client.RestTemplate              : HTTP PUT http://localhost:8071/eureka/apps/API-GATEWAY/localhost:api-gateway:8088?status=UP&lastDirtyTimestamp=1772355718027
2026-03-01T10:08:58.425+01:00 DEBUG 4700 --- [api-gateway] [beatExecutor-%d] o.s.web.client.RestTemplate              : Accept=[application/json, application/*+json]
2026-03-01T10:08:58.442+01:00 DEBUG 4700 --- [api-gateway] [beatExecutor-%d] o.s.web.client.RestTemplate              : Response 200 OK
2026-03-01T10:08:58.516+01:00 DEBUG 4700 --- [api-gateway] [reshExecutor-%d] o.s.web.client.RestTemplate              : HTTP GET http://localhost:8071/eureka/apps/delta
2026-03-01T10:08:58.516+01:00 DEBUG 4700 --- [api-gateway] [reshExecutor-%d] o.s.web.client.RestTemplate              : Accept=[application/json, application/*+json]
2026-03-01T10:08:58.534+01:00 DEBUG 4700 --- [api-gateway] [reshExecutor-%d] o.s.web.client.RestTemplate              : Response 200 OK
2026-03-01T10:08:58.535+01:00 DEBUG 4700 --- [api-gateway] [reshExecutor-%d] o.s.web.client.RestTemplate              : Reading to [org.springframework.cloud.netflix.eureka.http.EurekaApplications]
2026-03-01T10:09:28.454+01:00 DEBUG 4700 --- [api-gateway] [beatExecutor-%d] o.s.web.client.RestTemplate              : HTTP PUT http://localhost:8071/eureka/apps/API-GATEWAY/localhost:api-gateway:8088?status=UP&lastDirtyTimestamp=1772355718027
2026-03-01T10:09:28.454+01:00 DEBUG 4700 --- [api-gateway] [beatExecutor-%d] o.s.web.client.RestTemplate              : Accept=[application/json, application/*+json]
2026-03-01T10:09:28.472+01:00 DEBUG 4700 --- [api-gateway] [beatExecutor-%d] o.s.web.client.RestTemplate              : Response 200 OK
2026-03-01T10:09:28.546+01:00 DEBUG 4700 --- [api-gateway] [reshExecutor-%d] o.s.web.client.RestTemplate              : HTTP GET http://localhost:8071/eureka/apps/delta
2026-03-01T10:09:28.546+01:00 DEBUG 4700 --- [api-gateway] [reshExecutor-%d] o.s.web.client.RestTemplate              : Accept=[application/json, application/*+json]
2026-03-01T10:09:28.565+01:00 DEBUG 4700 --- [api-gateway] [reshExecutor-%d] o.s.web.client.RestTemplate              : Response 200 OK
2026-03-01T10:09:28.565+01:00 DEBUG 4700 --- [api-gateway] [reshExecutor-%d] o.s.web.client.RestTemplate              : Reading to [org.springframework.cloud.netflix.eureka.http.EurekaApplications]
2026-03-01T10:09:58.485+01:00 DEBUG 4700 --- [api-gateway] [beatExecutor-%d] o.s.web.client.RestTemplate              : HTTP PUT http://localhost:8071/eureka/apps/API-GATEWAY/localhost:api-gateway:8088?status=UP&lastDirtyTimestamp=1772355718027
2026-03-01T10:09:58.486+01:00 DEBUG 4700 --- [api-gateway] [beatExecutor-%d] o.s.web.client.RestTemplate              : Accept=[application/json, application/*+json]
2026-03-01T10:09:58.503+01:00 DEBUG 4700 --- [api-gateway] [beatExecutor-%d] o.s.web.client.RestTemplate              : Response 200 OK
2026-03-01T10:09:58.577+01:00 DEBUG 4700 --- [api-gateway] [reshExecutor-%d] o.s.web.client.RestTemplate              : HTTP GET http://localhost:8071/eureka/apps/delta
2026-03-01T10:09:58.577+01:00 DEBUG 4700 --- [api-gateway] [reshExecutor-%d] o.s.web.client.RestTemplate              : Accept=[application/json, application/*+json]
2026-03-01T10:09:58.595+01:00 DEBUG 4700 --- [api-gateway] [reshExecutor-%d] o.s.web.client.RestTemplate              : Response 200 OK
2026-03-01T10:09:58.595+01:00 DEBUG 4700 --- [api-gateway] [reshExecutor-%d] o.s.web.client.RestTemplate              : Reading to [org.springframework.cloud.netflix.eureka.http.EurekaApplications]
2026-03-01T10:10:28.516+01:00 DEBUG 4700 --- [api-gateway] [beatExecutor-%d] o.s.web.client.RestTemplate              : HTTP PUT http://localhost:8071/eureka/apps/API-GATEWAY/localhost:api-gateway:8088?status=UP&lastDirtyTimestamp=1772355718027
2026-03-01T10:10:28.517+01:00 DEBUG 4700 --- [api-gateway] [beatExecutor-%d] o.s.web.client.RestTemplate              : Accept=[application/json, application/*+json]
2026-03-01T10:10:28.535+01:00 DEBUG 4700 --- [api-gateway] [beatExecutor-%d] o.s.web.client.RestTemplate              : Response 200 OK
2026-03-01T10:10:28.609+01:00 DEBUG 4700 --- [api-gateway] [reshExecutor-%d] o.s.web.client.RestTemplate              : HTTP GET http://localhost:8071/eureka/apps/delta
2026-03-01T10:10:28.610+01:00 DEBUG 4700 --- [api-gateway] [reshExecutor-%d] o.s.web.client.RestTemplate              : Accept=[application/json, application/*+json]
2026-03-01T10:10:28.628+01:00 DEBUG 4700 --- [api-gateway] [reshExecutor-%d] o.s.web.client.RestTemplate              : Response 200 OK
2026-03-01T10:10:28.629+01:00 DEBUG 4700 --- [api-gateway] [reshExecutor-%d] o.s.web.client.RestTemplate              : Reading to [org.springframework.cloud.netflix.eureka.http.EurekaApplications]
2026-03-01T10:10:58.538+01:00 DEBUG 4700 --- [api-gateway] [beatExecutor-%d] o.s.web.client.RestTemplate              : HTTP PUT http://localhost:8071/eureka/apps/API-GATEWAY/localhost:api-gateway:8088?status=UP&lastDirtyTimestamp=1772355718027
2026-03-01T10:10:58.539+01:00 DEBUG 4700 --- [api-gateway] [beatExecutor-%d] o.s.web.client.RestTemplate              : Accept=[application/json, application/*+json]
2026-03-01T10:10:58.557+01:00 DEBUG 4700 --- [api-gateway] [beatExecutor-%d] o.s.web.client.RestTemplate              : Response 200 OK
2026-03-01T10:10:58.646+01:00 DEBUG 4700 --- [api-gateway] [reshExecutor-%d] o.s.web.client.RestTemplate              : HTTP GET http://localhost:8071/eureka/apps/delta
2026-03-01T10:10:58.646+01:00 DEBUG 4700 --- [api-gateway] [reshExecutor-%d] o.s.web.client.RestTemplate              : Accept=[application/json, application/*+json]
2026-03-01T10:10:58.665+01:00 DEBUG 4700 --- [api-gateway] [reshExecutor-%d] o.s.web.client.RestTemplate              : Response 200 OK
2026-03-01T10:10:58.665+01:00 DEBUG 4700 --- [api-gateway] [reshExecutor-%d] o.s.web.client.RestTemplate              : Reading to [org.springframework.cloud.netflix.eureka.http.EurekaApplications]
2026-03-01T10:11:28.565+01:00 DEBUG 4700 --- [api-gateway] [beatExecutor-%d] o.s.web.client.RestTemplate              : HTTP PUT http://localhost:8071/eureka/apps/API-GATEWAY/localhost:api-gateway:8088?status=UP&lastDirtyTimestamp=1772355718027
2026-03-01T10:11:28.565+01:00 DEBUG 4700 --- [api-gateway] [beatExecutor-%d] o.s.web.client.RestTemplate              : Accept=[application/json, application/*+json]
2026-03-01T10:11:28.583+01:00 DEBUG 4700 --- [api-gateway] [beatExecutor-%d] o.s.web.client.RestTemplate              : Response 200 OK
2026-03-01T10:11:28.690+01:00 DEBUG 4700 --- [api-gateway] [reshExecutor-%d] o.s.web.client.RestTemplate              : HTTP GET http://localhost:8071/eureka/apps/delta
2026-03-01T10:11:28.690+01:00 DEBUG 4700 --- [api-gateway] [reshExecutor-%d] o.s.web.client.RestTemplate              : Accept=[application/json, application/*+json]
2026-03-01T10:11:28.708+01:00 DEBUG 4700 --- [api-gateway] [reshExecutor-%d] o.s.web.client.RestTemplate              : Response 200 OK
2026-03-01T10:11:28.709+01:00 DEBUG 4700 --- [api-gateway] [reshExecutor-%d] o.s.web.client.RestTemplate              : Reading to [org.springframework.cloud.netflix.eureka.http.EurekaApplications]
2026-03-01T10:11:57.605+01:00  INFO 4700 --- [api-gateway] [rap-executor-%d] c.n.d.s.r.aws.ConfigClusterResolver      : Resolving eureka endpoints via configuration
2026-03-01T10:11:58.588+01:00 DEBUG 4700 --- [api-gateway] [beatExecutor-%d] o.s.web.client.RestTemplate              : HTTP PUT http://localhost:8071/eureka/apps/API-GATEWAY/localhost:api-gateway:8088?status=UP&lastDirtyTimestamp=1772355718027
2026-03-01T10:11:58.588+01:00 DEBUG 4700 --- [api-gateway] [beatExecutor-%d] o.s.web.client.RestTemplate              : Accept=[application/json, application/*+json]
2026-03-01T10:11:58.606+01:00 DEBUG 4700 --- [api-gateway] [beatExecutor-%d] o.s.web.client.RestTemplate              : Response 200 OK
2026-03-01T10:11:58.728+01:00 DEBUG 4700 --- [api-gateway] [reshExecutor-%d] o.s.web.client.RestTemplate              : HTTP GET http://localhost:8071/eureka/apps/delta
2026-03-01T10:11:58.729+01:00 DEBUG 4700 --- [api-gateway] [reshExecutor-%d] o.s.web.client.RestTemplate              : Accept=[application/json, application/*+json]
2026-03-01T10:11:58.746+01:00 DEBUG 4700 --- [api-gateway] [reshExecutor-%d] o.s.web.client.RestTemplate              : Response 200 OK
2026-03-01T10:11:58.747+01:00 DEBUG 4700 --- [api-gateway] [reshExecutor-%d] o.s.web.client.RestTemplate              : Reading to [org.springframework.cloud.netflix.eureka.http.EurekaApplications]
2026-03-01T10:12:28.609+01:00 DEBUG 4700 --- [api-gateway] [beatExecutor-%d] o.s.web.client.RestTemplate              : HTTP PUT http://localhost:8071/eureka/apps/API-GATEWAY/localhost:api-gateway:8088?status=UP&lastDirtyTimestamp=1772355718027
2026-03-01T10:12:28.610+01:00 DEBUG 4700 --- [api-gateway] [beatExecutor-%d] o.s.web.client.RestTemplate              : Accept=[application/json, application/*+json]
2026-03-01T10:12:28.627+01:00 DEBUG 4700 --- [api-gateway] [beatExecutor-%d] o.s.web.client.RestTemplate              : Response 200 OK
2026-03-01T10:12:28.765+01:00 DEBUG 4700 --- [api-gateway] [reshExecutor-%d] o.s.web.client.RestTemplate              : HTTP GET http://localhost:8071/eureka/apps/delta
2026-03-01T10:12:28.766+01:00 DEBUG 4700 --- [api-gateway] [reshExecutor-%d] o.s.web.client.RestTemplate              : Accept=[application/json, application/*+json]
2026-03-01T10:12:28.783+01:00 DEBUG 4700 --- [api-gateway] [reshExecutor-%d] o.s.web.client.RestTemplate              : Response 200 OK
2026-03-01T10:12:28.784+01:00 DEBUG 4700 --- [api-gateway] [reshExecutor-%d] o.s.web.client.RestTemplate              : Reading to [org.springframework.cloud.netflix.eureka.http.EurekaApplications]
2026-03-01T10:12:58.636+01:00 DEBUG 4700 --- [api-gateway] [beatExecutor-%d] o.s.web.client.RestTemplate              : HTTP PUT http://localhost:8071/eureka/apps/API-GATEWAY/localhost:api-gateway:8088?status=UP&lastDirtyTimestamp=1772355718027
2026-03-01T10:12:58.636+01:00 DEBUG 4700 --- [api-gateway] [beatExecutor-%d] o.s.web.client.RestTemplate              : Accept=[application/json, application/*+json]
2026-03-01T10:12:58.655+01:00 DEBUG 4700 --- [api-gateway] [beatExecutor-%d] o.s.web.client.RestTemplate              : Response 200 OK
2026-03-01T10:12:58.806+01:00 DEBUG 4700 --- [api-gateway] [reshExecutor-%d] o.s.web.client.RestTemplate              : HTTP GET http://localhost:8071/eureka/apps/delta
2026-03-01T10:12:58.806+01:00 DEBUG 4700 --- [api-gateway] [reshExecutor-%d] o.s.web.client.RestTemplate              : Accept=[application/json, application/*+json]
2026-03-01T10:12:58.824+01:00 DEBUG 4700 --- [api-gateway] [reshExecutor-%d] o.s.web.client.RestTemplate              : Response 200 OK
2026-03-01T10:12:58.825+01:00 DEBUG 4700 --- [api-gateway] [reshExecutor-%d] o.s.web.client.RestTemplate              : Reading to [org.springframework.cloud.netflix.eureka.http.EurekaApplications]
2026-03-01T10:13:28.667+01:00 DEBUG 4700 --- [api-gateway] [beatExecutor-%d] o.s.web.client.RestTemplate              : HTTP PUT http://localhost:8071/eureka/apps/API-GATEWAY/localhost:api-gateway:8088?status=UP&lastDirtyTimestamp=1772355718027
2026-03-01T10:13:28.667+01:00 DEBUG 4700 --- [api-gateway] [beatExecutor-%d] o.s.web.client.RestTemplate              : Accept=[application/json, application/*+json]
2026-03-01T10:13:28.685+01:00 DEBUG 4700 --- [api-gateway] [beatExecutor-%d] o.s.web.client.RestTemplate              : Response 200 OK
2026-03-01T10:13:28.838+01:00 DEBUG 4700 --- [api-gateway] [reshExecutor-%d] o.s.web.client.RestTemplate              : HTTP GET http://localhost:8071/eureka/apps/delta
2026-03-01T10:13:28.839+01:00 DEBUG 4700 --- [api-gateway] [reshExecutor-%d] o.s.web.client.RestTemplate              : Accept=[application/json, application/*+json]
2026-03-01T10:13:28.856+01:00 DEBUG 4700 --- [api-gateway] [reshExecutor-%d] o.s.web.client.RestTemplate              : Response 200 OK
2026-03-01T10:13:28.857+01:00 DEBUG 4700 --- [api-gateway] [reshExecutor-%d] o.s.web.client.RestTemplate              : Reading to [org.springframework.cloud.netflix.eureka.http.EurekaApplications]
2026-03-01T10:13:58.697+01:00 DEBUG 4700 --- [api-gateway] [beatExecutor-%d] o.s.web.client.RestTemplate              : HTTP PUT http://localhost:8071/eureka/apps/API-GATEWAY/localhost:api-gateway:8088?status=UP&lastDirtyTimestamp=1772355718027
2026-03-01T10:13:58.698+01:00 DEBUG 4700 --- [api-gateway] [beatExecutor-%d] o.s.web.client.RestTemplate              : Accept=[application/json, application/*+json]
2026-03-01T10:13:58.716+01:00 DEBUG 4700 --- [api-gateway] [beatExecutor-%d] o.s.web.client.RestTemplate              : Response 200 OK
2026-03-01T10:13:58.868+01:00 DEBUG 4700 --- [api-gateway] [reshExecutor-%d] o.s.web.client.RestTemplate              : HTTP GET http://localhost:8071/eureka/apps/delta
2026-03-01T10:13:58.868+01:00 DEBUG 4700 --- [api-gateway] [reshExecutor-%d] o.s.web.client.RestTemplate              : Accept=[application/json, application/*+json]
2026-03-01T10:13:58.886+01:00 DEBUG 4700 --- [api-gateway] [reshExecutor-%d] o.s.web.client.RestTemplate              : Response 200 OK
2026-03-01T10:13:58.886+01:00 DEBUG 4700 --- [api-gateway] [reshExecutor-%d] o.s.web.client.RestTemplate              : Reading to [org.springframework.cloud.netflix.eureka.http.EurekaApplications]
2026-03-01T10:14:28.719+01:00 DEBUG 4700 --- [api-gateway] [beatExecutor-%d] o.s.web.client.RestTemplate              : HTTP PUT http://localhost:8071/eureka/apps/API-GATEWAY/localhost:api-gateway:8088?status=UP&lastDirtyTimestamp=1772355718027
2026-03-01T10:14:28.729+01:00 DEBUG 4700 --- [api-gateway] [beatExecutor-%d] o.s.web.client.RestTemplate              : Accept=[application/json, application/*+json]
2026-03-01T10:14:28.738+01:00 DEBUG 4700 --- [api-gateway] [beatExecutor-%d] o.s.web.client.RestTemplate              : Response 200 OK
2026-03-01T10:14:28.906+01:00 DEBUG 4700 --- [api-gateway] [reshExecutor-%d] o.s.web.client.RestTemplate              : HTTP GET http://localhost:8071/eureka/apps/delta
2026-03-01T10:14:28.907+01:00 DEBUG 4700 --- [api-gateway] [reshExecutor-%d] o.s.web.client.RestTemplate              : Accept=[application/json, application/*+json]
2026-03-01T10:14:28.924+01:00 DEBUG 4700 --- [api-gateway] [reshExecutor-%d] o.s.web.client.RestTemplate              : Response 200 OK
2026-03-01T10:14:28.924+01:00 DEBUG 4700 --- [api-gateway] [reshExecutor-%d] o.s.web.client.RestTemplate              : Reading to [org.springframework.cloud.netflix.eureka.http.EurekaApplications]
2026-03-01T10:14:58.754+01:00 DEBUG 4700 --- [api-gateway] [beatExecutor-%d] o.s.web.client.RestTemplate              : HTTP PUT http://localhost:8071/eureka/apps/API-GATEWAY/localhost:api-gateway:8088?status=UP&lastDirtyTimestamp=1772355718027
2026-03-01T10:14:58.754+01:00 DEBUG 4700 --- [api-gateway] [beatExecutor-%d] o.s.web.client.RestTemplate              : Accept=[application/json, application/*+json]
2026-03-01T10:14:58.773+01:00 DEBUG 4700 --- [api-gateway] [beatExecutor-%d] o.s.web.client.RestTemplate              : Response 200 OK
2026-03-01T10:14:58.941+01:00 DEBUG 4700 --- [api-gateway] [reshExecutor-%d] o.s.web.client.RestTemplate              : HTTP GET http://localhost:8071/eureka/apps/delta
2026-03-01T10:14:58.942+01:00 DEBUG 4700 --- [api-gateway] [reshExecutor-%d] o.s.web.client.RestTemplate              : Accept=[application/json, application/*+json]
2026-03-01T10:14:58.959+01:00 DEBUG 4700 --- [api-gateway] [reshExecutor-%d] o.s.web.client.RestTemplate              : Response 200 OK
2026-03-01T10:14:58.960+01:00 DEBUG 4700 --- [api-gateway] [reshExecutor-%d] o.s.web.client.RestTemplate              : Reading to [org.springframework.cloud.netflix.eureka.http.EurekaApplications]
2026-03-01T10:15:28.785+01:00 DEBUG 4700 --- [api-gateway] [beatExecutor-%d] o.s.web.client.RestTemplate              : HTTP PUT http://localhost:8071/eureka/apps/API-GATEWAY/localhost:api-gateway:8088?status=UP&lastDirtyTimestamp=1772355718027
2026-03-01T10:15:28.785+01:00 DEBUG 4700 --- [api-gateway] [beatExecutor-%d] o.s.web.client.RestTemplate              : Accept=[application/json, application/*+json]
2026-03-01T10:15:28.803+01:00 DEBUG 4700 --- [api-gateway] [beatExecutor-%d] o.s.web.client.RestTemplate              : Response 200 OK
2026-03-01T10:15:28.984+01:00 DEBUG 4700 --- [api-gateway] [reshExecutor-%d] o.s.web.client.RestTemplate              : HTTP GET http://localhost:8071/eureka/apps/delta
2026-03-01T10:15:28.985+01:00 DEBUG 4700 --- [api-gateway] [reshExecutor-%d] o.s.web.client.RestTemplate              : Accept=[application/json, application/*+json]
2026-03-01T10:15:29.003+01:00 DEBUG 4700 --- [api-gateway] [reshExecutor-%d] o.s.web.client.RestTemplate              : Response 200 OK
2026-03-01T10:15:29.004+01:00 DEBUG 4700 --- [api-gateway] [reshExecutor-%d] o.s.web.client.RestTemplate              : Reading to [org.springframework.cloud.netflix.eureka.http.EurekaApplications]
2026-03-01T10:15:58.817+01:00 DEBUG 4700 --- [api-gateway] [beatExecutor-%d] o.s.web.client.RestTemplate              : HTTP PUT http://localhost:8071/eureka/apps/API-GATEWAY/localhost:api-gateway:8088?status=UP&lastDirtyTimestamp=1772355718027
2026-03-01T10:15:58.817+01:00 DEBUG 4700 --- [api-gateway] [beatExecutor-%d] o.s.web.client.RestTemplate              : Accept=[application/json, application/*+json]
2026-03-01T10:15:58.836+01:00 DEBUG 4700 --- [api-gateway] [beatExecutor-%d] o.s.web.client.RestTemplate              : Response 200 OK
2026-03-01T10:15:59.033+01:00 DEBUG 4700 --- [api-gateway] [reshExecutor-%d] o.s.web.client.RestTemplate              : HTTP GET http://localhost:8071/eureka/apps/delta
2026-03-01T10:15:59.034+01:00 DEBUG 4700 --- [api-gateway] [reshExecutor-%d] o.s.web.client.RestTemplate              : Accept=[application/json, application/*+json]
2026-03-01T10:15:59.053+01:00 DEBUG 4700 --- [api-gateway] [reshExecutor-%d] o.s.web.client.RestTemplate              : Response 200 OK
2026-03-01T10:15:59.053+01:00 DEBUG 4700 --- [api-gateway] [reshExecutor-%d] o.s.web.client.RestTemplate              : Reading to [org.springframework.cloud.netflix.eureka.http.EurekaApplications]
2026-03-01T10:16:28.852+01:00 DEBUG 4700 --- [api-gateway] [beatExecutor-%d] o.s.web.client.RestTemplate              : HTTP PUT http://localhost:8071/eureka/apps/API-GATEWAY/localhost:api-gateway:8088?status=UP&lastDirtyTimestamp=1772355718027
2026-03-01T10:16:28.853+01:00 DEBUG 4700 --- [api-gateway] [beatExecutor-%d] o.s.web.client.RestTemplate              : Accept=[application/json, application/*+json]
2026-03-01T10:16:28.872+01:00 DEBUG 4700 --- [api-gateway] [beatExecutor-%d] o.s.web.client.RestTemplate              : Response 200 OK
2026-03-01T10:16:29.070+01:00 DEBUG 4700 --- [api-gateway] [reshExecutor-%d] o.s.web.client.RestTemplate              : HTTP GET http://localhost:8071/eureka/apps/delta
2026-03-01T10:16:29.071+01:00 DEBUG 4700 --- [api-gateway] [reshExecutor-%d] o.s.web.client.RestTemplate              : Accept=[application/json, application/*+json]
2026-03-01T10:16:29.089+01:00 DEBUG 4700 --- [api-gateway] [reshExecutor-%d] o.s.web.client.RestTemplate              : Response 200 OK
2026-03-01T10:16:29.090+01:00 DEBUG 4700 --- [api-gateway] [reshExecutor-%d] o.s.web.client.RestTemplate              : Reading to [org.springframework.cloud.netflix.eureka.http.EurekaApplications]
2026-03-01T10:16:57.607+01:00  INFO 4700 --- [api-gateway] [rap-executor-%d] c.n.d.s.r.aws.ConfigClusterResolver      : Resolving eureka endpoints via configuration
2026-03-01T10:16:58.880+01:00 DEBUG 4700 --- [api-gateway] [beatExecutor-%d] o.s.web.client.RestTemplate              : HTTP PUT http://localhost:8071/eureka/apps/API-GATEWAY/localhost:api-gateway:8088?status=UP&lastDirtyTimestamp=1772355718027
2026-03-01T10:16:58.880+01:00 DEBUG 4700 --- [api-gateway] [beatExecutor-%d] o.s.web.client.RestTemplate              : Accept=[application/json, application/*+json]
2026-03-01T10:16:58.899+01:00 DEBUG 4700 --- [api-gateway] [beatExecutor-%d] o.s.web.client.RestTemplate              : Response 200 OK
2026-03-01T10:16:59.111+01:00 DEBUG 4700 --- [api-gateway] [reshExecutor-%d] o.s.web.client.RestTemplate              : HTTP GET http://localhost:8071/eureka/apps/delta
2026-03-01T10:16:59.112+01:00 DEBUG 4700 --- [api-gateway] [reshExecutor-%d] o.s.web.client.RestTemplate              : Accept=[application/json, application/*+json]
2026-03-01T10:16:59.130+01:00 DEBUG 4700 --- [api-gateway] [reshExecutor-%d] o.s.web.client.RestTemplate              : Response 200 OK
2026-03-01T10:16:59.131+01:00 DEBUG 4700 --- [api-gateway] [reshExecutor-%d] o.s.web.client.RestTemplate              : Reading to [org.springframework.cloud.netflix.eureka.http.EurekaApplications]
2026-03-01T10:17:28.903+01:00 DEBUG 4700 --- [api-gateway] [beatExecutor-%d] o.s.web.client.RestTemplate              : HTTP PUT http://localhost:8071/eureka/apps/API-GATEWAY/localhost:api-gateway:8088?status=UP&lastDirtyTimestamp=1772355718027
2026-03-01T10:17:28.915+01:00 DEBUG 4700 --- [api-gateway] [beatExecutor-%d] o.s.web.client.RestTemplate              : Accept=[application/json, application/*+json]
2026-03-01T10:17:28.921+01:00 DEBUG 4700 --- [api-gateway] [beatExecutor-%d] o.s.web.client.RestTemplate              : Response 200 OK
2026-03-01T10:17:29.154+01:00 DEBUG 4700 --- [api-gateway] [reshExecutor-%d] o.s.web.client.RestTemplate              : HTTP GET http://localhost:8071/eureka/apps/delta
2026-03-01T10:17:29.166+01:00 DEBUG 4700 --- [api-gateway] [reshExecutor-%d] o.s.web.client.RestTemplate              : Accept=[application/json, application/*+json]
2026-03-01T10:17:29.175+01:00 DEBUG 4700 --- [api-gateway] [reshExecutor-%d] o.s.web.client.RestTemplate              : Response 200 OK
2026-03-01T10:17:29.176+01:00 DEBUG 4700 --- [api-gateway] [reshExecutor-%d] o.s.web.client.RestTemplate              : Reading to [org.springframework.cloud.netflix.eureka.http.EurekaApplications]
2026-03-01T10:17:58.978+01:00 DEBUG 4700 --- [api-gateway] [beatExecutor-%d] o.s.web.client.RestTemplate              : HTTP PUT http://localhost:8071/eureka/apps/API-GATEWAY/localhost:api-gateway:8088?status=UP&lastDirtyTimestamp=1772355718027
2026-03-01T10:17:58.998+01:00 DEBUG 4700 --- [api-gateway] [beatExecutor-%d] o.s.web.client.RestTemplate              : Accept=[application/json, application/*+json]
2026-03-01T10:17:59.013+01:00 DEBUG 4700 --- [api-gateway] [beatExecutor-%d] o.s.web.client.RestTemplate              : Response 200 OK
2026-03-01T10:17:59.208+01:00 DEBUG 4700 --- [api-gateway] [reshExecutor-%d] o.s.web.client.RestTemplate              : HTTP GET http://localhost:8071/eureka/apps/delta
2026-03-01T10:17:59.209+01:00 DEBUG 4700 --- [api-gateway] [reshExecutor-%d] o.s.web.client.RestTemplate              : Accept=[application/json, application/*+json]
2026-03-01T10:17:59.226+01:00 DEBUG 4700 --- [api-gateway] [reshExecutor-%d] o.s.web.client.RestTemplate              : Response 200 OK
2026-03-01T10:17:59.226+01:00 DEBUG 4700 --- [api-gateway] [reshExecutor-%d] o.s.web.client.RestTemplate              : Reading to [org.springframework.cloud.netflix.eureka.http.EurekaApplications]
2026-03-01T10:18:29.025+01:00 DEBUG 4700 --- [api-gateway] [beatExecutor-%d] o.s.web.client.RestTemplate              : HTTP PUT http://localhost:8071/eureka/apps/API-GATEWAY/localhost:api-gateway:8088?status=UP&lastDirtyTimestamp=1772355718027
2026-03-01T10:18:29.025+01:00 DEBUG 4700 --- [api-gateway] [beatExecutor-%d] o.s.web.client.RestTemplate              : Accept=[application/json, application/*+json]
2026-03-01T10:18:29.043+01:00 DEBUG 4700 --- [api-gateway] [beatExecutor-%d] o.s.web.client.RestTemplate              : Response 200 OK
2026-03-01T10:18:29.241+01:00 DEBUG 4700 --- [api-gateway] [reshExecutor-%d] o.s.web.client.RestTemplate              : HTTP GET http://localhost:8071/eureka/apps/delta
2026-03-01T10:18:29.243+01:00 DEBUG 4700 --- [api-gateway] [reshExecutor-%d] o.s.web.client.RestTemplate              : Accept=[application/json, application/*+json]
2026-03-01T10:18:29.261+01:00 DEBUG 4700 --- [api-gateway] [reshExecutor-%d] o.s.web.client.RestTemplate              : Response 200 OK
2026-03-01T10:18:29.262+01:00 DEBUG 4700 --- [api-gateway] [reshExecutor-%d] o.s.web.client.RestTemplate              : Reading to [org.springframework.cloud.netflix.eureka.http.EurekaApplications]
2026-03-01T10:18:59.051+01:00 DEBUG 4700 --- [api-gateway] [beatExecutor-%d] o.s.web.client.RestTemplate              : HTTP PUT http://localhost:8071/eureka/apps/API-GATEWAY/localhost:api-gateway:8088?status=UP&lastDirtyTimestamp=1772355718027
2026-03-01T10:18:59.062+01:00 DEBUG 4700 --- [api-gateway] [beatExecutor-%d] o.s.web.client.RestTemplate              : Accept=[application/json, application/*+json]
2026-03-01T10:18:59.069+01:00 DEBUG 4700 --- [api-gateway] [beatExecutor-%d] o.s.web.client.RestTemplate              : Response 200 OK
2026-03-01T10:18:59.290+01:00 DEBUG 4700 --- [api-gateway] [reshExecutor-%d] o.s.web.client.RestTemplate              : HTTP GET http://localhost:8071/eureka/apps/delta
2026-03-01T10:18:59.322+01:00 DEBUG 4700 --- [api-gateway] [reshExecutor-%d] o.s.web.client.RestTemplate              : Accept=[application/json, application/*+json]
2026-03-01T10:18:59.329+01:00 DEBUG 4700 --- [api-gateway] [reshExecutor-%d] o.s.web.client.RestTemplate              : Response 200 OK
2026-03-01T10:18:59.330+01:00 DEBUG 4700 --- [api-gateway] [reshExecutor-%d] o.s.web.client.RestTemplate              : Reading to [org.springframework.cloud.netflix.eureka.http.EurekaApplications]
2026-03-01T10:19:29.082+01:00 DEBUG 4700 --- [api-gateway] [beatExecutor-%d] o.s.web.client.RestTemplate              : HTTP PUT http://localhost:8071/eureka/apps/API-GATEWAY/localhost:api-gateway:8088?status=UP&lastDirtyTimestamp=1772355718027
2026-03-01T10:19:29.095+01:00 DEBUG 4700 --- [api-gateway] [beatExecutor-%d] o.s.web.client.RestTemplate              : Accept=[application/json, application/*+json]
2026-03-01T10:19:29.115+01:00 DEBUG 4700 --- [api-gateway] [beatExecutor-%d] o.s.web.client.RestTemplate              : Response 200 OK
2026-03-01T10:19:29.345+01:00 DEBUG 4700 --- [api-gateway] [reshExecutor-%d] o.s.web.client.RestTemplate              : HTTP GET http://localhost:8071/eureka/apps/delta
2026-03-01T10:19:29.346+01:00 DEBUG 4700 --- [api-gateway] [reshExecutor-%d] o.s.web.client.RestTemplate              : Accept=[application/json, application/*+json]
2026-03-01T10:19:29.362+01:00 DEBUG 4700 --- [api-gateway] [reshExecutor-%d] o.s.web.client.RestTemplate              : Response 200 OK
2026-03-01T10:19:29.362+01:00 DEBUG 4700 --- [api-gateway] [reshExecutor-%d] o.s.web.client.RestTemplate              : Reading to [org.springframework.cloud.netflix.eureka.http.EurekaApplications]
2026-03-01T10:19:59.129+01:00 DEBUG 4700 --- [api-gateway] [beatExecutor-%d] o.s.web.client.RestTemplate              : HTTP PUT http://localhost:8071/eureka/apps/API-GATEWAY/localhost:api-gateway:8088?status=UP&lastDirtyTimestamp=1772355718027
2026-03-01T10:19:59.139+01:00 DEBUG 4700 --- [api-gateway] [beatExecutor-%d] o.s.web.client.RestTemplate              : Accept=[application/json, application/*+json]
2026-03-01T10:19:59.147+01:00 DEBUG 4700 --- [api-gateway] [beatExecutor-%d] o.s.web.client.RestTemplate              : Response 200 OK
2026-03-01T10:19:59.375+01:00 DEBUG 4700 --- [api-gateway] [reshExecutor-%d] o.s.web.client.RestTemplate              : HTTP GET http://localhost:8071/eureka/apps/delta
2026-03-01T10:19:59.376+01:00 DEBUG 4700 --- [api-gateway] [reshExecutor-%d] o.s.web.client.RestTemplate              : Accept=[application/json, application/*+json]
2026-03-01T10:19:59.393+01:00 DEBUG 4700 --- [api-gateway] [reshExecutor-%d] o.s.web.client.RestTemplate              : Response 200 OK
2026-03-01T10:19:59.393+01:00 DEBUG 4700 --- [api-gateway] [reshExecutor-%d] o.s.web.client.RestTemplate              : Reading to [org.springframework.cloud.netflix.eureka.http.EurekaApplications]
2026-03-01T10:20:29.156+01:00 DEBUG 4700 --- [api-gateway] [beatExecutor-%d] o.s.web.client.RestTemplate              : HTTP PUT http://localhost:8071/eureka/apps/API-GATEWAY/localhost:api-gateway:8088?status=UP&lastDirtyTimestamp=1772355718027
2026-03-01T10:20:29.166+01:00 DEBUG 4700 --- [api-gateway] [beatExecutor-%d] o.s.web.client.RestTemplate              : Accept=[application/json, application/*+json]
2026-03-01T10:20:29.173+01:00 DEBUG 4700 --- [api-gateway] [beatExecutor-%d] o.s.web.client.RestTemplate              : Response 200 OK
2026-03-01T10:20:29.404+01:00 DEBUG 4700 --- [api-gateway] [reshExecutor-%d] o.s.web.client.RestTemplate              : HTTP GET http://localhost:8071/eureka/apps/delta
2026-03-01T10:20:29.405+01:00 DEBUG 4700 --- [api-gateway] [reshExecutor-%d] o.s.web.client.RestTemplate              : Accept=[application/json, application/*+json]
2026-03-01T10:20:29.422+01:00 DEBUG 4700 --- [api-gateway] [reshExecutor-%d] o.s.web.client.RestTemplate              : Response 200 OK
2026-03-01T10:20:29.422+01:00 DEBUG 4700 --- [api-gateway] [reshExecutor-%d] o.s.web.client.RestTemplate              : Reading to [org.springframework.cloud.netflix.eureka.http.EurekaApplications]
2026-03-01T10:20:59.183+01:00 DEBUG 4700 --- [api-gateway] [beatExecutor-%d] o.s.web.client.RestTemplate              : HTTP PUT http://localhost:8071/eureka/apps/API-GATEWAY/localhost:api-gateway:8088?status=UP&lastDirtyTimestamp=1772355718027
2026-03-01T10:20:59.184+01:00 DEBUG 4700 --- [api-gateway] [beatExecutor-%d] o.s.web.client.RestTemplate              : Accept=[application/json, application/*+json]
2026-03-01T10:20:59.202+01:00 DEBUG 4700 --- [api-gateway] [beatExecutor-%d] o.s.web.client.RestTemplate              : Response 200 OK
2026-03-01T10:20:59.445+01:00 DEBUG 4700 --- [api-gateway] [reshExecutor-%d] o.s.web.client.RestTemplate              : HTTP GET http://localhost:8071/eureka/apps/delta
2026-03-01T10:20:59.446+01:00 DEBUG 4700 --- [api-gateway] [reshExecutor-%d] o.s.web.client.RestTemplate              : Accept=[application/json, application/*+json]
2026-03-01T10:20:59.464+01:00 DEBUG 4700 --- [api-gateway] [reshExecutor-%d] o.s.web.client.RestTemplate              : Response 200 OK
2026-03-01T10:20:59.464+01:00 DEBUG 4700 --- [api-gateway] [reshExecutor-%d] o.s.web.client.RestTemplate              : Reading to [org.springframework.cloud.netflix.eureka.http.EurekaApplications]
2026-03-01T10:21:29.218+01:00 DEBUG 4700 --- [api-gateway] [beatExecutor-%d] o.s.web.client.RestTemplate              : HTTP PUT http://localhost:8071/eureka/apps/API-GATEWAY/localhost:api-gateway:8088?status=UP&lastDirtyTimestamp=1772355718027
2026-03-01T10:21:29.228+01:00 DEBUG 4700 --- [api-gateway] [beatExecutor-%d] o.s.web.client.RestTemplate              : Accept=[application/json, application/*+json]
2026-03-01T10:21:29.235+01:00 DEBUG 4700 --- [api-gateway] [beatExecutor-%d] o.s.web.client.RestTemplate              : Response 200 OK
2026-03-01T10:21:29.480+01:00 DEBUG 4700 --- [api-gateway] [reshExecutor-%d] o.s.web.client.RestTemplate              : HTTP GET http://localhost:8071/eureka/apps/delta
2026-03-01T10:21:29.481+01:00 DEBUG 4700 --- [api-gateway] [reshExecutor-%d] o.s.web.client.RestTemplate              : Accept=[application/json, application/*+json]
2026-03-01T10:21:29.497+01:00 DEBUG 4700 --- [api-gateway] [reshExecutor-%d] o.s.web.client.RestTemplate              : Response 200 OK
2026-03-01T10:21:29.498+01:00 DEBUG 4700 --- [api-gateway] [reshExecutor-%d] o.s.web.client.RestTemplate              : Reading to [org.springframework.cloud.netflix.eureka.http.EurekaApplications]
2026-03-01T10:21:57.615+01:00  INFO 4700 --- [api-gateway] [rap-executor-%d] c.n.d.s.r.aws.ConfigClusterResolver      : Resolving eureka endpoints via configuration
2026-03-01T10:21:59.244+01:00 DEBUG 4700 --- [api-gateway] [beatExecutor-%d] o.s.web.client.RestTemplate              : HTTP PUT http://localhost:8071/eureka/apps/API-GATEWAY/localhost:api-gateway:8088?status=UP&lastDirtyTimestamp=1772355718027
2026-03-01T10:21:59.245+01:00 DEBUG 4700 --- [api-gateway] [beatExecutor-%d] o.s.web.client.RestTemplate              : Accept=[application/json, application/*+json]
2026-03-01T10:21:59.262+01:00 DEBUG 4700 --- [api-gateway] [beatExecutor-%d] o.s.web.client.RestTemplate              : Response 200 OK
2026-03-01T10:21:59.522+01:00 DEBUG 4700 --- [api-gateway] [reshExecutor-%d] o.s.web.client.RestTemplate              : HTTP GET http://localhost:8071/eureka/apps/delta
2026-03-01T10:21:59.523+01:00 DEBUG 4700 --- [api-gateway] [reshExecutor-%d] o.s.web.client.RestTemplate              : Accept=[application/json, application/*+json]
2026-03-01T10:21:59.545+01:00 DEBUG 4700 --- [api-gateway] [reshExecutor-%d] o.s.web.client.RestTemplate              : Response 200 OK
2026-03-01T10:21:59.545+01:00 DEBUG 4700 --- [api-gateway] [reshExecutor-%d] o.s.web.client.RestTemplate              : Reading to [org.springframework.cloud.netflix.eureka.http.EurekaApplications]
2026-03-01T10:22:29.277+01:00 DEBUG 4700 --- [api-gateway] [beatExecutor-%d] o.s.web.client.RestTemplate              : HTTP PUT http://localhost:8071/eureka/apps/API-GATEWAY/localhost:api-gateway:8088?status=UP&lastDirtyTimestamp=1772355718027
2026-03-01T10:22:29.277+01:00 DEBUG 4700 --- [api-gateway] [beatExecutor-%d] o.s.web.client.RestTemplate              : Accept=[application/json, application/*+json]
2026-03-01T10:22:29.296+01:00 DEBUG 4700 --- [api-gateway] [beatExecutor-%d] o.s.web.client.RestTemplate              : Response 200 OK
2026-03-01T10:22:29.569+01:00 DEBUG 4700 --- [api-gateway] [reshExecutor-%d] o.s.web.client.RestTemplate              : HTTP GET http://localhost:8071/eureka/apps/delta
2026-03-01T10:22:29.569+01:00 DEBUG 4700 --- [api-gateway] [reshExecutor-%d] o.s.web.client.RestTemplate              : Accept=[application/json, application/*+json]
2026-03-01T10:22:29.587+01:00 DEBUG 4700 --- [api-gateway] [reshExecutor-%d] o.s.web.client.RestTemplate              : Response 200 OK
2026-03-01T10:22:29.587+01:00 DEBUG 4700 --- [api-gateway] [reshExecutor-%d] o.s.web.client.RestTemplate              : Reading to [org.springframework.cloud.netflix.eureka.http.EurekaApplications]
2026-03-01T10:22:59.299+01:00 DEBUG 4700 --- [api-gateway] [beatExecutor-%d] o.s.web.client.RestTemplate              : HTTP PUT http://localhost:8071/eureka/apps/API-GATEWAY/localhost:api-gateway:8088?status=UP&lastDirtyTimestamp=1772355718027
2026-03-01T10:22:59.309+01:00 DEBUG 4700 --- [api-gateway] [beatExecutor-%d] o.s.web.client.RestTemplate              : Accept=[application/json, application/*+json]
2026-03-01T10:22:59.316+01:00 DEBUG 4700 --- [api-gateway] [beatExecutor-%d] o.s.web.client.RestTemplate              : Response 200 OK
2026-03-01T10:22:59.608+01:00 DEBUG 4700 --- [api-gateway] [reshExecutor-%d] o.s.web.client.RestTemplate              : HTTP GET http://localhost:8071/eureka/apps/delta
2026-03-01T10:22:59.609+01:00 DEBUG 4700 --- [api-gateway] [reshExecutor-%d] o.s.web.client.RestTemplate              : Accept=[application/json, application/*+json]
2026-03-01T10:22:59.626+01:00 DEBUG 4700 --- [api-gateway] [reshExecutor-%d] o.s.web.client.RestTemplate              : Response 200 OK
2026-03-01T10:22:59.626+01:00 DEBUG 4700 --- [api-gateway] [reshExecutor-%d] o.s.web.client.RestTemplate              : Reading to [org.springframework.cloud.netflix.eureka.http.EurekaApplications]
2026-03-01T10:23:29.320+01:00 DEBUG 4700 --- [api-gateway] [beatExecutor-%d] o.s.web.client.RestTemplate              : HTTP PUT http://localhost:8071/eureka/apps/API-GATEWAY/localhost:api-gateway:8088?status=UP&lastDirtyTimestamp=1772355718027
2026-03-01T10:23:29.320+01:00 DEBUG 4700 --- [api-gateway] [beatExecutor-%d] o.s.web.client.RestTemplate              : Accept=[application/json, application/*+json]
2026-03-01T10:23:29.339+01:00 DEBUG 4700 --- [api-gateway] [beatExecutor-%d] o.s.web.client.RestTemplate              : Response 200 OK
2026-03-01T10:23:29.647+01:00 DEBUG 4700 --- [api-gateway] [reshExecutor-%d] o.s.web.client.RestTemplate              : HTTP GET http://localhost:8071/eureka/apps/delta
2026-03-01T10:23:29.647+01:00 DEBUG 4700 --- [api-gateway] [reshExecutor-%d] o.s.web.client.RestTemplate              : Accept=[application/json, application/*+json]
2026-03-01T10:23:29.664+01:00 DEBUG 4700 --- [api-gateway] [reshExecutor-%d] o.s.web.client.RestTemplate              : Response 200 OK
2026-03-01T10:23:29.667+01:00 DEBUG 4700 --- [api-gateway] [reshExecutor-%d] o.s.web.client.RestTemplate              : Reading to [org.springframework.cloud.netflix.eureka.http.EurekaApplications]
2026-03-01T10:23:59.354+01:00 DEBUG 4700 --- [api-gateway] [beatExecutor-%d] o.s.web.client.RestTemplate              : HTTP PUT http://localhost:8071/eureka/apps/API-GATEWAY/localhost:api-gateway:8088?status=UP&lastDirtyTimestamp=1772355718027
2026-03-01T10:23:59.354+01:00 DEBUG 4700 --- [api-gateway] [beatExecutor-%d] o.s.web.client.RestTemplate              : Accept=[application/json, application/*+json]
2026-03-01T10:23:59.371+01:00 DEBUG 4700 --- [api-gateway] [beatExecutor-%d] o.s.web.client.RestTemplate              : Response 200 OK
2026-03-01T10:23:59.680+01:00 DEBUG 4700 --- [api-gateway] [reshExecutor-%d] o.s.web.client.RestTemplate              : HTTP GET http://localhost:8071/eureka/apps/delta
2026-03-01T10:23:59.681+01:00 DEBUG 4700 --- [api-gateway] [reshExecutor-%d] o.s.web.client.RestTemplate              : Accept=[application/json, application/*+json]
2026-03-01T10:23:59.699+01:00 DEBUG 4700 --- [api-gateway] [reshExecutor-%d] o.s.web.client.RestTemplate              : Response 200 OK
2026-03-01T10:23:59.699+01:00 DEBUG 4700 --- [api-gateway] [reshExecutor-%d] o.s.web.client.RestTemplate              : Reading to [org.springframework.cloud.netflix.eureka.http.EurekaApplications]
2026-03-01T10:24:29.374+01:00 DEBUG 4700 --- [api-gateway] [beatExecutor-%d] o.s.web.client.RestTemplate              : HTTP PUT http://localhost:8071/eureka/apps/API-GATEWAY/localhost:api-gateway:8088?status=UP&lastDirtyTimestamp=1772355718027
2026-03-01T10:24:29.375+01:00 DEBUG 4700 --- [api-gateway] [beatExecutor-%d] o.s.web.client.RestTemplate              : Accept=[application/json, application/*+json]
2026-03-01T10:24:29.392+01:00 DEBUG 4700 --- [api-gateway] [beatExecutor-%d] o.s.web.client.RestTemplate              : Response 200 OK
2026-03-01T10:24:29.717+01:00 DEBUG 4700 --- [api-gateway] [reshExecutor-%d] o.s.web.client.RestTemplate              : HTTP GET http://localhost:8071/eureka/apps/delta
2026-03-01T10:24:29.718+01:00 DEBUG 4700 --- [api-gateway] [reshExecutor-%d] o.s.web.client.RestTemplate              : Accept=[application/json, application/*+json]
2026-03-01T10:24:29.735+01:00 DEBUG 4700 --- [api-gateway] [reshExecutor-%d] o.s.web.client.RestTemplate              : Response 200 OK
2026-03-01T10:24:29.735+01:00 DEBUG 4700 --- [api-gateway] [reshExecutor-%d] o.s.web.client.RestTemplate              : Reading to [org.springframework.cloud.netflix.eureka.http.EurekaApplications]
2026-03-01T10:24:59.401+01:00 DEBUG 4700 --- [api-gateway] [beatExecutor-%d] o.s.web.client.RestTemplate              : HTTP PUT http://localhost:8071/eureka/apps/API-GATEWAY/localhost:api-gateway:8088?status=UP&lastDirtyTimestamp=1772355718027
2026-03-01T10:24:59.402+01:00 DEBUG 4700 --- [api-gateway] [beatExecutor-%d] o.s.web.client.RestTemplate              : Accept=[application/json, application/*+json]
2026-03-01T10:24:59.419+01:00 DEBUG 4700 --- [api-gateway] [beatExecutor-%d] o.s.web.client.RestTemplate              : Response 200 OK
2026-03-01T10:24:59.755+01:00 DEBUG 4700 --- [api-gateway] [reshExecutor-%d] o.s.web.client.RestTemplate              : HTTP GET http://localhost:8071/eureka/apps/delta
2026-03-01T10:24:59.755+01:00 DEBUG 4700 --- [api-gateway] [reshExecutor-%d] o.s.web.client.RestTemplate              : Accept=[application/json, application/*+json]
2026-03-01T10:24:59.773+01:00 DEBUG 4700 --- [api-gateway] [reshExecutor-%d] o.s.web.client.RestTemplate              : Response 200 OK
2026-03-01T10:24:59.773+01:00 DEBUG 4700 --- [api-gateway] [reshExecutor-%d] o.s.web.client.RestTemplate              : Reading to [org.springframework.cloud.netflix.eureka.http.EurekaApplications]
2026-03-01T10:25:29.427+01:00 DEBUG 4700 --- [api-gateway] [beatExecutor-%d] o.s.web.client.RestTemplate              : HTTP PUT http://localhost:8071/eureka/apps/API-GATEWAY/localhost:api-gateway:8088?status=UP&lastDirtyTimestamp=1772355718027
2026-03-01T10:25:29.427+01:00 DEBUG 4700 --- [api-gateway] [beatExecutor-%d] o.s.web.client.RestTemplate              : Accept=[application/json, application/*+json]
2026-03-01T10:25:29.444+01:00 DEBUG 4700 --- [api-gateway] [beatExecutor-%d] o.s.web.client.RestTemplate              : Response 200 OK
2026-03-01T10:25:29.784+01:00 DEBUG 4700 --- [api-gateway] [reshExecutor-%d] o.s.web.client.RestTemplate              : HTTP GET http://localhost:8071/eureka/apps/delta
2026-03-01T10:25:29.785+01:00 DEBUG 4700 --- [api-gateway] [reshExecutor-%d] o.s.web.client.RestTemplate              : Accept=[application/json, application/*+json]
2026-03-01T10:25:29.802+01:00 DEBUG 4700 --- [api-gateway] [reshExecutor-%d] o.s.web.client.RestTemplate              : Response 200 OK
2026-03-01T10:25:29.802+01:00 DEBUG 4700 --- [api-gateway] [reshExecutor-%d] o.s.web.client.RestTemplate              : Reading to [org.springframework.cloud.netflix.eureka.http.EurekaApplications]
2026-03-01T10:25:59.459+01:00 DEBUG 4700 --- [api-gateway] [beatExecutor-%d] o.s.web.client.RestTemplate              : HTTP PUT http://localhost:8071/eureka/apps/API-GATEWAY/localhost:api-gateway:8088?status=UP&lastDirtyTimestamp=1772355718027
2026-03-01T10:25:59.469+01:00 DEBUG 4700 --- [api-gateway] [beatExecutor-%d] o.s.web.client.RestTemplate              : Accept=[application/json, application/*+json]
2026-03-01T10:25:59.477+01:00 DEBUG 4700 --- [api-gateway] [beatExecutor-%d] o.s.web.client.RestTemplate              : Response 200 OK
2026-03-01T10:25:59.816+01:00 DEBUG 4700 --- [api-gateway] [reshExecutor-%d] o.s.web.client.RestTemplate              : HTTP GET http://localhost:8071/eureka/apps/delta
2026-03-01T10:25:59.817+01:00 DEBUG 4700 --- [api-gateway] [reshExecutor-%d] o.s.web.client.RestTemplate              : Accept=[application/json, application/*+json]
2026-03-01T10:25:59.835+01:00 DEBUG 4700 --- [api-gateway] [reshExecutor-%d] o.s.web.client.RestTemplate              : Response 200 OK
2026-03-01T10:25:59.835+01:00 DEBUG 4700 --- [api-gateway] [reshExecutor-%d] o.s.web.client.RestTemplate              : Reading to [org.springframework.cloud.netflix.eureka.http.EurekaApplications]
2026-03-01T10:26:29.484+01:00 DEBUG 4700 --- [api-gateway] [beatExecutor-%d] o.s.web.client.RestTemplate              : HTTP PUT http://localhost:8071/eureka/apps/API-GATEWAY/localhost:api-gateway:8088?status=UP&lastDirtyTimestamp=1772355718027
2026-03-01T10:26:29.484+01:00 DEBUG 4700 --- [api-gateway] [beatExecutor-%d] o.s.web.client.RestTemplate              : Accept=[application/json, application/*+json]
2026-03-01T10:26:29.501+01:00 DEBUG 4700 --- [api-gateway] [beatExecutor-%d] o.s.web.client.RestTemplate              : Response 200 OK
2026-03-01T10:26:29.856+01:00 DEBUG 4700 --- [api-gateway] [reshExecutor-%d] o.s.web.client.RestTemplate              : HTTP GET http://localhost:8071/eureka/apps/delta
2026-03-01T10:26:29.867+01:00 DEBUG 4700 --- [api-gateway] [reshExecutor-%d] o.s.web.client.RestTemplate              : Accept=[application/json, application/*+json]
2026-03-01T10:26:29.874+01:00 DEBUG 4700 --- [api-gateway] [reshExecutor-%d] o.s.web.client.RestTemplate              : Response 200 OK
2026-03-01T10:26:29.875+01:00 DEBUG 4700 --- [api-gateway] [reshExecutor-%d] o.s.web.client.RestTemplate              : Reading to [org.springframework.cloud.netflix.eureka.http.EurekaApplications]
2026-03-01T10:26:57.629+01:00  INFO 4700 --- [api-gateway] [rap-executor-%d] c.n.d.s.r.aws.ConfigClusterResolver      : Resolving eureka endpoints via configuration
2026-03-01T10:26:59.517+01:00 DEBUG 4700 --- [api-gateway] [beatExecutor-%d] o.s.web.client.RestTemplate              : HTTP PUT http://localhost:8071/eureka/apps/API-GATEWAY/localhost:api-gateway:8088?status=UP&lastDirtyTimestamp=1772355718027
2026-03-01T10:26:59.517+01:00 DEBUG 4700 --- [api-gateway] [beatExecutor-%d] o.s.web.client.RestTemplate              : Accept=[application/json, application/*+json]
2026-03-01T10:26:59.534+01:00 DEBUG 4700 --- [api-gateway] [beatExecutor-%d] o.s.web.client.RestTemplate              : Response 200 OK
2026-03-01T10:26:59.887+01:00 DEBUG 4700 --- [api-gateway] [reshExecutor-%d] o.s.web.client.RestTemplate              : HTTP GET http://localhost:8071/eureka/apps/delta
2026-03-01T10:26:59.887+01:00 DEBUG 4700 --- [api-gateway] [reshExecutor-%d] o.s.web.client.RestTemplate              : Accept=[application/json, application/*+json]
2026-03-01T10:26:59.904+01:00 DEBUG 4700 --- [api-gateway] [reshExecutor-%d] o.s.web.client.RestTemplate              : Response 200 OK
2026-03-01T10:26:59.904+01:00 DEBUG 4700 --- [api-gateway] [reshExecutor-%d] o.s.web.client.RestTemplate              : Reading to [org.springframework.cloud.netflix.eureka.http.EurekaApplications]
2026-03-01T10:27:29.544+01:00 DEBUG 4700 --- [api-gateway] [beatExecutor-%d] o.s.web.client.RestTemplate              : HTTP PUT http://localhost:8071/eureka/apps/API-GATEWAY/localhost:api-gateway:8088?status=UP&lastDirtyTimestamp=1772355718027
2026-03-01T10:27:29.545+01:00 DEBUG 4700 --- [api-gateway] [beatExecutor-%d] o.s.web.client.RestTemplate              : Accept=[application/json, application/*+json]
2026-03-01T10:27:29.562+01:00 DEBUG 4700 --- [api-gateway] [beatExecutor-%d] o.s.web.client.RestTemplate              : Response 200 OK
2026-03-01T10:27:29.915+01:00 DEBUG 4700 --- [api-gateway] [reshExecutor-%d] o.s.web.client.RestTemplate              : HTTP GET http://localhost:8071/eureka/apps/delta
2026-03-01T10:27:29.915+01:00 DEBUG 4700 --- [api-gateway] [reshExecutor-%d] o.s.web.client.RestTemplate              : Accept=[application/json, application/*+json]
2026-03-01T10:27:29.933+01:00 DEBUG 4700 --- [api-gateway] [reshExecutor-%d] o.s.web.client.RestTemplate              : Response 200 OK
2026-03-01T10:27:29.933+01:00 DEBUG 4700 --- [api-gateway] [reshExecutor-%d] o.s.web.client.RestTemplate              : Reading to [org.springframework.cloud.netflix.eureka.http.EurekaApplications]
2026-03-01T10:27:59.576+01:00 DEBUG 4700 --- [api-gateway] [beatExecutor-%d] o.s.web.client.RestTemplate              : HTTP PUT http://localhost:8071/eureka/apps/API-GATEWAY/localhost:api-gateway:8088?status=UP&lastDirtyTimestamp=1772355718027
2026-03-01T10:27:59.577+01:00 DEBUG 4700 --- [api-gateway] [beatExecutor-%d] o.s.web.client.RestTemplate              : Accept=[application/json, application/*+json]
2026-03-01T10:27:59.595+01:00 DEBUG 4700 --- [api-gateway] [beatExecutor-%d] o.s.web.client.RestTemplate              : Response 200 OK
2026-03-01T10:27:59.948+01:00 DEBUG 4700 --- [api-gateway] [reshExecutor-%d] o.s.web.client.RestTemplate              : HTTP GET http://localhost:8071/eureka/apps/delta
2026-03-01T10:27:59.948+01:00 DEBUG 4700 --- [api-gateway] [reshExecutor-%d] o.s.web.client.RestTemplate              : Accept=[application/json, application/*+json]
2026-03-01T10:27:59.966+01:00 DEBUG 4700 --- [api-gateway] [reshExecutor-%d] o.s.web.client.RestTemplate              : Response 200 OK
2026-03-01T10:27:59.966+01:00 DEBUG 4700 --- [api-gateway] [reshExecutor-%d] o.s.web.client.RestTemplate              : Reading to [org.springframework.cloud.netflix.eureka.http.EurekaApplications]
2026-03-01T10:28:29.608+01:00 DEBUG 4700 --- [api-gateway] [beatExecutor-%d] o.s.web.client.RestTemplate              : HTTP PUT http://localhost:8071/eureka/apps/API-GATEWAY/localhost:api-gateway:8088?status=UP&lastDirtyTimestamp=1772355718027
2026-03-01T10:28:29.608+01:00 DEBUG 4700 --- [api-gateway] [beatExecutor-%d] o.s.web.client.RestTemplate              : Accept=[application/json, application/*+json]
2026-03-01T10:28:29.629+01:00 DEBUG 4700 --- [api-gateway] [beatExecutor-%d] o.s.web.client.RestTemplate              : Response 200 OK
2026-03-01T10:28:29.976+01:00 DEBUG 4700 --- [api-gateway] [reshExecutor-%d] o.s.web.client.RestTemplate              : HTTP GET http://localhost:8071/eureka/apps/delta
2026-03-01T10:28:29.976+01:00 DEBUG 4700 --- [api-gateway] [reshExecutor-%d] o.s.web.client.RestTemplate              : Accept=[application/json, application/*+json]
2026-03-01T10:28:29.993+01:00 DEBUG 4700 --- [api-gateway] [reshExecutor-%d] o.s.web.client.RestTemplate              : Response 200 OK
2026-03-01T10:28:29.994+01:00 DEBUG 4700 --- [api-gateway] [reshExecutor-%d] o.s.web.client.RestTemplate              : Reading to [org.springframework.cloud.netflix.eureka.http.EurekaApplications]
2026-03-01T10:28:59.634+01:00 DEBUG 4700 --- [api-gateway] [beatExecutor-%d] o.s.web.client.RestTemplate              : HTTP PUT http://localhost:8071/eureka/apps/API-GATEWAY/localhost:api-gateway:8088?status=UP&lastDirtyTimestamp=1772355718027
2026-03-01T10:28:59.634+01:00 DEBUG 4700 --- [api-gateway] [beatExecutor-%d] o.s.web.client.RestTemplate              : Accept=[application/json, application/*+json]
2026-03-01T10:28:59.652+01:00 DEBUG 4700 --- [api-gateway] [beatExecutor-%d] o.s.web.client.RestTemplate              : Response 200 OK
2026-03-01T10:29:00.019+01:00 DEBUG 4700 --- [api-gateway] [reshExecutor-%d] o.s.web.client.RestTemplate              : HTTP GET http://localhost:8071/eureka/apps/delta
2026-03-01T10:29:00.020+01:00 DEBUG 4700 --- [api-gateway] [reshExecutor-%d] o.s.web.client.RestTemplate              : Accept=[application/json, application/*+json]
2026-03-01T10:29:00.038+01:00 DEBUG 4700 --- [api-gateway] [reshExecutor-%d] o.s.web.client.RestTemplate              : Response 200 OK
2026-03-01T10:29:00.038+01:00 DEBUG 4700 --- [api-gateway] [reshExecutor-%d] o.s.web.client.RestTemplate              : Reading to [org.springframework.cloud.netflix.eureka.http.EurekaApplications]
2026-03-01T10:29:29.659+01:00 DEBUG 4700 --- [api-gateway] [beatExecutor-%d] o.s.web.client.RestTemplate              : HTTP PUT http://localhost:8071/eureka/apps/API-GATEWAY/localhost:api-gateway:8088?status=UP&lastDirtyTimestamp=1772355718027
2026-03-01T10:29:29.660+01:00 DEBUG 4700 --- [api-gateway] [beatExecutor-%d] o.s.web.client.RestTemplate              : Accept=[application/json, application/*+json]
2026-03-01T10:29:29.678+01:00 DEBUG 4700 --- [api-gateway] [beatExecutor-%d] o.s.web.client.RestTemplate              : Response 200 OK
2026-03-01T10:29:30.060+01:00 DEBUG 4700 --- [api-gateway] [reshExecutor-%d] o.s.web.client.RestTemplate              : HTTP GET http://localhost:8071/eureka/apps/delta
2026-03-01T10:29:30.061+01:00 DEBUG 4700 --- [api-gateway] [reshExecutor-%d] o.s.web.client.RestTemplate              : Accept=[application/json, application/*+json]
2026-03-01T10:29:30.078+01:00 DEBUG 4700 --- [api-gateway] [reshExecutor-%d] o.s.web.client.RestTemplate              : Response 200 OK
2026-03-01T10:29:30.080+01:00 DEBUG 4700 --- [api-gateway] [reshExecutor-%d] o.s.web.client.RestTemplate              : Reading to [org.springframework.cloud.netflix.eureka.http.EurekaApplications]
2026-03-01T10:29:59.691+01:00 DEBUG 4700 --- [api-gateway] [beatExecutor-%d] o.s.web.client.RestTemplate              : HTTP PUT http://localhost:8071/eureka/apps/API-GATEWAY/localhost:api-gateway:8088?status=UP&lastDirtyTimestamp=1772355718027
2026-03-01T10:29:59.691+01:00 DEBUG 4700 --- [api-gateway] [beatExecutor-%d] o.s.web.client.RestTemplate              : Accept=[application/json, application/*+json]
2026-03-01T10:29:59.708+01:00 DEBUG 4700 --- [api-gateway] [beatExecutor-%d] o.s.web.client.RestTemplate              : Response 200 OK
2026-03-01T10:30:00.093+01:00 DEBUG 4700 --- [api-gateway] [reshExecutor-%d] o.s.web.client.RestTemplate              : HTTP GET http://localhost:8071/eureka/apps/delta
2026-03-01T10:30:00.093+01:00 DEBUG 4700 --- [api-gateway] [reshExecutor-%d] o.s.web.client.RestTemplate              : Accept=[application/json, application/*+json]
2026-03-01T10:30:00.109+01:00 DEBUG 4700 --- [api-gateway] [reshExecutor-%d] o.s.web.client.RestTemplate              : Response 200 OK
2026-03-01T10:30:00.109+01:00 DEBUG 4700 --- [api-gateway] [reshExecutor-%d] o.s.web.client.RestTemplate              : Reading to [org.springframework.cloud.netflix.eureka.http.EurekaApplications]
2026-03-01T10:30:29.723+01:00 DEBUG 4700 --- [api-gateway] [beatExecutor-%d] o.s.web.client.RestTemplate              : HTTP PUT http://localhost:8071/eureka/apps/API-GATEWAY/localhost:api-gateway:8088?status=UP&lastDirtyTimestamp=1772355718027
2026-03-01T10:30:29.724+01:00 DEBUG 4700 --- [api-gateway] [beatExecutor-%d] o.s.web.client.RestTemplate              : Accept=[application/json, application/*+json]
2026-03-01T10:30:29.741+01:00 DEBUG 4700 --- [api-gateway] [beatExecutor-%d] o.s.web.client.RestTemplate              : Response 200 OK
2026-03-01T10:30:30.125+01:00 DEBUG 4700 --- [api-gateway] [reshExecutor-%d] o.s.web.client.RestTemplate              : HTTP GET http://localhost:8071/eureka/apps/delta
2026-03-01T10:30:30.126+01:00 DEBUG 4700 --- [api-gateway] [reshExecutor-%d] o.s.web.client.RestTemplate              : Accept=[application/json, application/*+json]
2026-03-01T10:30:30.142+01:00 DEBUG 4700 --- [api-gateway] [reshExecutor-%d] o.s.web.client.RestTemplate              : Response 200 OK
2026-03-01T10:30:30.143+01:00 DEBUG 4700 --- [api-gateway] [reshExecutor-%d] o.s.web.client.RestTemplate              : Reading to [org.springframework.cloud.netflix.eureka.http.EurekaApplications]
2026-03-01T10:30:59.743+01:00 DEBUG 4700 --- [api-gateway] [beatExecutor-%d] o.s.web.client.RestTemplate              : HTTP PUT http://localhost:8071/eureka/apps/API-GATEWAY/localhost:api-gateway:8088?status=UP&lastDirtyTimestamp=1772355718027
2026-03-01T10:30:59.744+01:00 DEBUG 4700 --- [api-gateway] [beatExecutor-%d] o.s.web.client.RestTemplate              : Accept=[application/json, application/*+json]
2026-03-01T10:30:59.760+01:00 DEBUG 4700 --- [api-gateway] [beatExecutor-%d] o.s.web.client.RestTemplate              : Response 200 OK
2026-03-01T10:31:00.164+01:00 DEBUG 4700 --- [api-gateway] [reshExecutor-%d] o.s.web.client.RestTemplate              : HTTP GET http://localhost:8071/eureka/apps/delta
2026-03-01T10:31:00.165+01:00 DEBUG 4700 --- [api-gateway] [reshExecutor-%d] o.s.web.client.RestTemplate              : Accept=[application/json, application/*+json]
2026-03-01T10:31:00.182+01:00 DEBUG 4700 --- [api-gateway] [reshExecutor-%d] o.s.web.client.RestTemplate              : Response 200 OK
2026-03-01T10:31:00.182+01:00 DEBUG 4700 --- [api-gateway] [reshExecutor-%d] o.s.web.client.RestTemplate              : Reading to [org.springframework.cloud.netflix.eureka.http.EurekaApplications]
2026-03-01T10:31:20.936+01:00 DEBUG 4700 --- [api-gateway] [ctor-http-nio-3] o.s.w.s.adapter.HttpWebHandlerAdapter    : [080a01ad-2] HTTP OPTIONS "/api/users/email/yassinbouras90%40gmail.com"
2026-03-01T10:31:20.954+01:00 DEBUG 4700 --- [api-gateway] [     parallel-2] o.s.w.s.s.DefaultWebSessionManager       : Created new WebSession.
2026-03-01T10:31:20.972+01:00 DEBUG 4700 --- [api-gateway] [     parallel-2] o.s.w.s.adapter.HttpWebHandlerAdapter    : [080a01ad-2] Completed 200 OK
2026-03-01T10:31:20.986+01:00 DEBUG 4700 --- [api-gateway] [ctor-http-nio-3] o.s.w.s.adapter.HttpWebHandlerAdapter    : [080a01ad-3] HTTP GET "/api/users/email/yassinbouras90%40gmail.com"
2026-03-01T10:31:21.221+01:00 DEBUG 4700 --- [api-gateway] [ctor-http-nio-3] o.s.w.r.f.client.ExchangeFunctions       : [5beea06d] HTTP GET http://localhost:9190/realms/microservices/protocol/openid-connect/certs
2026-03-01T10:31:21.468+01:00 DEBUG 4700 --- [api-gateway] [ctor-http-nio-3] o.s.w.r.f.client.ExchangeFunctions       : [5beea06d] [0925f9a6-1, L:/127.0.0.1:59447 - R:localhost/127.0.0.1:9190] Response 200 OK
2026-03-01T10:31:21.502+01:00 DEBUG 4700 --- [api-gateway] [ctor-http-nio-3] o.s.core.codec.StringDecoder             : [5beea06d] [0925f9a6-1, L:/127.0.0.1:59447 - R:localhost/127.0.0.1:9190] Decoded "{"keys":[{"kid":"p5Mnt7lp34hIkIf3u3IM7yz-_WA41w1B8HnNj9QdTI8","kty":"RSA","alg":"RSA-OAEP","use":"en (truncated)..."
2026-03-01T10:31:21.536+01:00 DEBUG 4700 --- [api-gateway] [     parallel-3] o.s.w.s.s.DefaultWebSessionManager       : Created new WebSession.
2026-03-01T10:31:22.371+01:00 DEBUG 4700 --- [api-gateway] [ctor-http-nio-3] o.s.w.s.adapter.HttpWebHandlerAdapter    : [080a01ad-3] Completed 200 OK
2026-03-01T10:31:22.384+01:00 DEBUG 4700 --- [api-gateway] [ctor-http-nio-3] o.s.w.s.adapter.HttpWebHandlerAdapter    : [080a01ad-4] HTTP OPTIONS "/api/warnings/user/30"
2026-03-01T10:31:22.385+01:00 DEBUG 4700 --- [api-gateway] [     parallel-5] o.s.w.s.s.DefaultWebSessionManager       : Created new WebSession.
2026-03-01T10:31:22.387+01:00 DEBUG 4700 --- [api-gateway] [     parallel-5] o.s.w.s.adapter.HttpWebHandlerAdapter    : [080a01ad-4] Completed 200 OK
2026-03-01T10:31:22.387+01:00 DEBUG 4700 --- [api-gateway] [ctor-http-nio-5] o.s.w.s.adapter.HttpWebHandlerAdapter    : [db3b863f-5] HTTP OPTIONS "/api/ban-appeals/user/30"
2026-03-01T10:31:22.389+01:00 DEBUG 4700 --- [api-gateway] [     parallel-6] o.s.w.s.s.DefaultWebSessionManager       : Created new WebSession.
2026-03-01T10:31:22.390+01:00 DEBUG 4700 --- [api-gateway] [     parallel-6] o.s.w.s.adapter.HttpWebHandlerAdapter    : [db3b863f-5] Completed 200 OK
2026-03-01T10:31:22.392+01:00 DEBUG 4700 --- [api-gateway] [ctor-http-nio-3] o.s.w.s.adapter.HttpWebHandlerAdapter    : [080a01ad-6] HTTP GET "/api/warnings/user/30"
2026-03-01T10:31:22.395+01:00 DEBUG 4700 --- [api-gateway] [ctor-http-nio-5] o.s.w.s.adapter.HttpWebHandlerAdapter    : [db3b863f-7] HTTP GET "/api/ban-appeals/user/30"
2026-03-01T10:31:22.397+01:00 DEBUG 4700 --- [api-gateway] [     parallel-7] o.s.w.s.s.DefaultWebSessionManager       : Created new WebSession.
2026-03-01T10:31:22.400+01:00 DEBUG 4700 --- [api-gateway] [     parallel-8] o.s.w.s.s.DefaultWebSessionManager       : Created new WebSession.
2026-03-01T10:31:22.438+01:00 DEBUG 4700 --- [api-gateway] [ctor-http-nio-5] o.s.w.s.adapter.HttpWebHandlerAdapter    : [db3b863f-7] Completed 200 OK
2026-03-01T10:31:22.439+01:00 DEBUG 4700 --- [api-gateway] [ctor-http-nio-3] o.s.w.s.adapter.HttpWebHandlerAdapter    : [080a01ad-6] Completed 200 OK
2026-03-01T10:31:29.769+01:00 DEBUG 4700 --- [api-gateway] [beatExecutor-%d] o.s.web.client.RestTemplate              : HTTP PUT http://localhost:8071/eureka/apps/API-GATEWAY/localhost:api-gateway:8088?status=UP&lastDirtyTimestamp=1772355718027
2026-03-01T10:31:29.770+01:00 DEBUG 4700 --- [api-gateway] [beatExecutor-%d] o.s.web.client.RestTemplate              : Accept=[application/json, application/*+json]
2026-03-01T10:31:29.787+01:00 DEBUG 4700 --- [api-gateway] [beatExecutor-%d] o.s.web.client.RestTemplate              : Response 200 OK
2026-03-01T10:31:30.201+01:00 DEBUG 4700 --- [api-gateway] [reshExecutor-%d] o.s.web.client.RestTemplate              : HTTP GET http://localhost:8071/eureka/apps/delta
2026-03-01T10:31:30.201+01:00 DEBUG 4700 --- [api-gateway] [reshExecutor-%d] o.s.web.client.RestTemplate              : Accept=[application/json, application/*+json]
2026-03-01T10:31:30.218+01:00 DEBUG 4700 --- [api-gateway] [reshExecutor-%d] o.s.web.client.RestTemplate              : Response 200 OK
2026-03-01T10:31:30.219+01:00 DEBUG 4700 --- [api-gateway] [reshExecutor-%d] o.s.web.client.RestTemplate              : Reading to [org.springframework.cloud.netflix.eureka.http.EurekaApplications]
2026-03-01T10:31:57.639+01:00  INFO 4700 --- [api-gateway] [rap-executor-%d] c.n.d.s.r.aws.ConfigClusterResolver      : Resolving eureka endpoints via configuration
2026-03-01T10:31:59.791+01:00 DEBUG 4700 --- [api-gateway] [beatExecutor-%d] o.s.web.client.RestTemplate              : HTTP PUT http://localhost:8071/eureka/apps/API-GATEWAY/localhost:api-gateway:8088?status=UP&lastDirtyTimestamp=1772355718027
2026-03-01T10:31:59.791+01:00 DEBUG 4700 --- [api-gateway] [beatExecutor-%d] o.s.web.client.RestTemplate              : Accept=[application/json, application/*+json]
2026-03-01T10:31:59.809+01:00 DEBUG 4700 --- [api-gateway] [beatExecutor-%d] o.s.web.client.RestTemplate              : Response 200 OK
2026-03-01T10:32:00.238+01:00 DEBUG 4700 --- [api-gateway] [reshExecutor-%d] o.s.web.client.RestTemplate              : HTTP GET http://localhost:8071/eureka/apps/delta
2026-03-01T10:32:00.238+01:00 DEBUG 4700 --- [api-gateway] [reshExecutor-%d] o.s.web.client.RestTemplate              : Accept=[application/json, application/*+json]
2026-03-01T10:32:00.254+01:00 DEBUG 4700 --- [api-gateway] [reshExecutor-%d] o.s.web.client.RestTemplate              : Response 200 OK
2026-03-01T10:32:00.255+01:00 DEBUG 4700 --- [api-gateway] [reshExecutor-%d] o.s.web.client.RestTemplate              : Reading to [org.springframework.cloud.netflix.eureka.http.EurekaApplications]
2026-03-01T10:32:29.822+01:00 DEBUG 4700 --- [api-gateway] [beatExecutor-%d] o.s.web.client.RestTemplate              : HTTP PUT http://localhost:8071/eureka/apps/API-GATEWAY/localhost:api-gateway:8088?status=UP&lastDirtyTimestamp=1772355718027
2026-03-01T10:32:29.823+01:00 DEBUG 4700 --- [api-gateway] [beatExecutor-%d] o.s.web.client.RestTemplate              : Accept=[application/json, application/*+json]
2026-03-01T10:32:29.839+01:00 DEBUG 4700 --- [api-gateway] [beatExecutor-%d] o.s.web.client.RestTemplate              : Response 200 OK
2026-03-01T10:32:30.271+01:00 DEBUG 4700 --- [api-gateway] [reshExecutor-%d] o.s.web.client.RestTemplate              : HTTP GET http://localhost:8071/eureka/apps/delta
2026-03-01T10:32:30.272+01:00 DEBUG 4700 --- [api-gateway] [reshExecutor-%d] o.s.web.client.RestTemplate              : Accept=[application/json, application/*+json]
2026-03-01T10:32:30.288+01:00 DEBUG 4700 --- [api-gateway] [reshExecutor-%d] o.s.web.client.RestTemplate              : Response 200 OK
2026-03-01T10:32:30.288+01:00 DEBUG 4700 --- [api-gateway] [reshExecutor-%d] o.s.web.client.RestTemplate              : Reading to [org.springframework.cloud.netflix.eureka.http.EurekaApplications]
2026-03-01T10:32:59.843+01:00 DEBUG 4700 --- [api-gateway] [beatExecutor-%d] o.s.web.client.RestTemplate              : HTTP PUT http://localhost:8071/eureka/apps/API-GATEWAY/localhost:api-gateway:8088?status=UP&lastDirtyTimestamp=1772355718027
2026-03-01T10:32:59.853+01:00 DEBUG 4700 --- [api-gateway] [beatExecutor-%d] o.s.web.client.RestTemplate              : Accept=[application/json, application/*+json]
2026-03-01T10:32:59.860+01:00 DEBUG 4700 --- [api-gateway] [beatExecutor-%d] o.s.web.client.RestTemplate              : Response 200 OK
2026-03-01T10:33:00.308+01:00 DEBUG 4700 --- [api-gateway] [reshExecutor-%d] o.s.web.client.RestTemplate              : HTTP GET http://localhost:8071/eureka/apps/delta
2026-03-01T10:33:00.308+01:00 DEBUG 4700 --- [api-gateway] [reshExecutor-%d] o.s.web.client.RestTemplate              : Accept=[application/json, application/*+json]
2026-03-01T10:33:00.327+01:00 DEBUG 4700 --- [api-gateway] [reshExecutor-%d] o.s.web.client.RestTemplate              : Response 200 OK
2026-03-01T10:33:00.327+01:00 DEBUG 4700 --- [api-gateway] [reshExecutor-%d] o.s.web.client.RestTemplate              : Reading to [org.springframework.cloud.netflix.eureka.http.EurekaApplications]
2026-03-01T10:33:29.862+01:00 DEBUG 4700 --- [api-gateway] [beatExecutor-%d] o.s.web.client.RestTemplate              : HTTP PUT http://localhost:8071/eureka/apps/API-GATEWAY/localhost:api-gateway:8088?status=UP&lastDirtyTimestamp=1772355718027
2026-03-01T10:33:29.872+01:00 DEBUG 4700 --- [api-gateway] [beatExecutor-%d] o.s.web.client.RestTemplate              : Accept=[application/json, application/*+json]
2026-03-01T10:33:29.890+01:00 DEBUG 4700 --- [api-gateway] [beatExecutor-%d] o.s.web.client.RestTemplate              : Response 200 OK
2026-03-01T10:33:30.343+01:00 DEBUG 4700 --- [api-gateway] [reshExecutor-%d] o.s.web.client.RestTemplate              : HTTP GET http://localhost:8071/eureka/apps/delta
2026-03-01T10:33:30.344+01:00 DEBUG 4700 --- [api-gateway] [reshExecutor-%d] o.s.web.client.RestTemplate              : Accept=[application/json, application/*+json]
2026-03-01T10:33:30.368+01:00 DEBUG 4700 --- [api-gateway] [reshExecutor-%d] o.s.web.client.RestTemplate              : Response 200 OK
2026-03-01T10:33:30.368+01:00 DEBUG 4700 --- [api-gateway] [reshExecutor-%d] o.s.web.client.RestTemplate              : Reading to [org.springframework.cloud.netflix.eureka.http.EurekaApplications]
2026-03-01T10:33:59.904+01:00 DEBUG 4700 --- [api-gateway] [beatExecutor-%d] o.s.web.client.RestTemplate              : HTTP PUT http://localhost:8071/eureka/apps/API-GATEWAY/localhost:api-gateway:8088?status=UP&lastDirtyTimestamp=1772355718027
2026-03-01T10:33:59.906+01:00 DEBUG 4700 --- [api-gateway] [beatExecutor-%d] o.s.web.client.RestTemplate              : Accept=[application/json, application/*+json]
2026-03-01T10:33:59.923+01:00 DEBUG 4700 --- [api-gateway] [beatExecutor-%d] o.s.web.client.RestTemplate              : Response 200 OK
2026-03-01T10:34:00.383+01:00 DEBUG 4700 --- [api-gateway] [reshExecutor-%d] o.s.web.client.RestTemplate              : HTTP GET http://localhost:8071/eureka/apps/delta
2026-03-01T10:34:00.394+01:00 DEBUG 4700 --- [api-gateway] [reshExecutor-%d] o.s.web.client.RestTemplate              : Accept=[application/json, application/*+json]
2026-03-01T10:34:00.401+01:00 DEBUG 4700 --- [api-gateway] [reshExecutor-%d] o.s.web.client.RestTemplate              : Response 200 OK
2026-03-01T10:34:00.401+01:00 DEBUG 4700 --- [api-gateway] [reshExecutor-%d] o.s.web.client.RestTemplate              : Reading to [org.springframework.cloud.netflix.eureka.http.EurekaApplications]
2026-03-01T10:34:29.930+01:00 DEBUG 4700 --- [api-gateway] [beatExecutor-%d] o.s.web.client.RestTemplate              : HTTP PUT http://localhost:8071/eureka/apps/API-GATEWAY/localhost:api-gateway:8088?status=UP&lastDirtyTimestamp=1772355718027
2026-03-01T10:34:29.940+01:00 DEBUG 4700 --- [api-gateway] [beatExecutor-%d] o.s.web.client.RestTemplate              : Accept=[application/json, application/*+json]
2026-03-01T10:34:29.948+01:00 DEBUG 4700 --- [api-gateway] [beatExecutor-%d] o.s.web.client.RestTemplate              : Response 200 OK
2026-03-01T10:34:30.412+01:00 DEBUG 4700 --- [api-gateway] [reshExecutor-%d] o.s.web.client.RestTemplate              : HTTP GET http://localhost:8071/eureka/apps/delta
2026-03-01T10:34:30.413+01:00 DEBUG 4700 --- [api-gateway] [reshExecutor-%d] o.s.web.client.RestTemplate              : Accept=[application/json, application/*+json]
2026-03-01T10:34:30.430+01:00 DEBUG 4700 --- [api-gateway] [reshExecutor-%d] o.s.web.client.RestTemplate              : Response 200 OK
2026-03-01T10:34:30.430+01:00 DEBUG 4700 --- [api-gateway] [reshExecutor-%d] o.s.web.client.RestTemplate              : Reading to [org.springframework.cloud.netflix.eureka.http.EurekaApplications]
2026-03-01T10:34:59.957+01:00 DEBUG 4700 --- [api-gateway] [beatExecutor-%d] o.s.web.client.RestTemplate              : HTTP PUT http://localhost:8071/eureka/apps/API-GATEWAY/localhost:api-gateway:8088?status=UP&lastDirtyTimestamp=1772355718027
2026-03-01T10:34:59.957+01:00 DEBUG 4700 --- [api-gateway] [beatExecutor-%d] o.s.web.client.RestTemplate              : Accept=[application/json, application/*+json]
2026-03-01T10:34:59.974+01:00 DEBUG 4700 --- [api-gateway] [beatExecutor-%d] o.s.web.client.RestTemplate              : Response 200 OK
2026-03-01T10:35:00.450+01:00 DEBUG 4700 --- [api-gateway] [reshExecutor-%d] o.s.web.client.RestTemplate              : HTTP GET http://localhost:8071/eureka/apps/delta
2026-03-01T10:35:00.451+01:00 DEBUG 4700 --- [api-gateway] [reshExecutor-%d] o.s.web.client.RestTemplate              : Accept=[application/json, application/*+json]
2026-03-01T10:35:00.469+01:00 DEBUG 4700 --- [api-gateway] [reshExecutor-%d] o.s.web.client.RestTemplate              : Response 200 OK
2026-03-01T10:35:00.469+01:00 DEBUG 4700 --- [api-gateway] [reshExecutor-%d] o.s.web.client.RestTemplate              : Reading to [org.springframework.cloud.netflix.eureka.http.EurekaApplications]
2026-03-01T10:35:29.990+01:00 DEBUG 4700 --- [api-gateway] [beatExecutor-%d] o.s.web.client.RestTemplate              : HTTP PUT http://localhost:8071/eureka/apps/API-GATEWAY/localhost:api-gateway:8088?status=UP&lastDirtyTimestamp=1772355718027
2026-03-01T10:35:30.001+01:00 DEBUG 4700 --- [api-gateway] [beatExecutor-%d] o.s.web.client.RestTemplate              : Accept=[application/json, application/*+json]
2026-03-01T10:35:30.007+01:00 DEBUG 4700 --- [api-gateway] [beatExecutor-%d] o.s.web.client.RestTemplate              : Response 200 OK
2026-03-01T10:35:30.488+01:00 DEBUG 4700 --- [api-gateway] [reshExecutor-%d] o.s.web.client.RestTemplate              : HTTP GET http://localhost:8071/eureka/apps/delta
2026-03-01T10:35:30.500+01:00 DEBUG 4700 --- [api-gateway] [reshExecutor-%d] o.s.web.client.RestTemplate              : Accept=[application/json, application/*+json]
2026-03-01T10:35:30.503+01:00 DEBUG 4700 --- [api-gateway] [reshExecutor-%d] o.s.web.client.RestTemplate              : Response 200 OK
2026-03-01T10:35:30.504+01:00 DEBUG 4700 --- [api-gateway] [reshExecutor-%d] o.s.web.client.RestTemplate              : Reading to [org.springframework.cloud.netflix.eureka.http.EurekaApplications]
2026-03-01T10:36:00.019+01:00 DEBUG 4700 --- [api-gateway] [beatExecutor-%d] o.s.web.client.RestTemplate              : HTTP PUT http://localhost:8071/eureka/apps/API-GATEWAY/localhost:api-gateway:8088?status=UP&lastDirtyTimestamp=1772355718027
2026-03-01T10:36:00.019+01:00 DEBUG 4700 --- [api-gateway] [beatExecutor-%d] o.s.web.client.RestTemplate              : Accept=[application/json, application/*+json]
2026-03-01T10:36:00.037+01:00 DEBUG 4700 --- [api-gateway] [beatExecutor-%d] o.s.web.client.RestTemplate              : Response 200 OK
2026-03-01T10:36:00.513+01:00 DEBUG 4700 --- [api-gateway] [reshExecutor-%d] o.s.web.client.RestTemplate              : HTTP GET http://localhost:8071/eureka/apps/delta
2026-03-01T10:36:00.514+01:00 DEBUG 4700 --- [api-gateway] [reshExecutor-%d] o.s.web.client.RestTemplate              : Accept=[application/json, application/*+json]
2026-03-01T10:36:00.530+01:00 DEBUG 4700 --- [api-gateway] [reshExecutor-%d] o.s.web.client.RestTemplate              : Response 200 OK
2026-03-01T10:36:00.530+01:00 DEBUG 4700 --- [api-gateway] [reshExecutor-%d] o.s.web.client.RestTemplate              : Reading to [org.springframework.cloud.netflix.eureka.http.EurekaApplications]
2026-03-01T10:36:30.043+01:00 DEBUG 4700 --- [api-gateway] [beatExecutor-%d] o.s.web.client.RestTemplate              : HTTP PUT http://localhost:8071/eureka/apps/API-GATEWAY/localhost:api-gateway:8088?status=UP&lastDirtyTimestamp=1772355718027
2026-03-01T10:36:30.054+01:00 DEBUG 4700 --- [api-gateway] [beatExecutor-%d] o.s.web.client.RestTemplate              : Accept=[application/json, application/*+json]
2026-03-01T10:36:30.061+01:00 DEBUG 4700 --- [api-gateway] [beatExecutor-%d] o.s.web.client.RestTemplate              : Response 200 OK
2026-03-01T10:36:30.541+01:00 DEBUG 4700 --- [api-gateway] [reshExecutor-%d] o.s.web.client.RestTemplate              : HTTP GET http://localhost:8071/eureka/apps/delta
2026-03-01T10:36:30.542+01:00 DEBUG 4700 --- [api-gateway] [reshExecutor-%d] o.s.web.client.RestTemplate              : Accept=[application/json, application/*+json]
2026-03-01T10:36:30.559+01:00 DEBUG 4700 --- [api-gateway] [reshExecutor-%d] o.s.web.client.RestTemplate              : Response 200 OK
2026-03-01T10:36:30.559+01:00 DEBUG 4700 --- [api-gateway] [reshExecutor-%d] o.s.web.client.RestTemplate              : Reading to [org.springframework.cloud.netflix.eureka.http.EurekaApplications]
2026-03-01T10:36:57.641+01:00  INFO 4700 --- [api-gateway] [rap-executor-%d] c.n.d.s.r.aws.ConfigClusterResolver      : Resolving eureka endpoints via configuration
2026-03-01T10:37:00.068+01:00 DEBUG 4700 --- [api-gateway] [beatExecutor-%d] o.s.web.client.RestTemplate              : HTTP PUT http://localhost:8071/eureka/apps/API-GATEWAY/localhost:api-gateway:8088?status=UP&lastDirtyTimestamp=1772355718027
2026-03-01T10:37:00.079+01:00 DEBUG 4700 --- [api-gateway] [beatExecutor-%d] o.s.web.client.RestTemplate              : Accept=[application/json, application/*+json]
2026-03-01T10:37:00.086+01:00 DEBUG 4700 --- [api-gateway] [beatExecutor-%d] o.s.web.client.RestTemplate              : Response 200 OK
2026-03-01T10:37:00.567+01:00 DEBUG 4700 --- [api-gateway] [reshExecutor-%d] o.s.web.client.RestTemplate              : HTTP GET http://localhost:8071/eureka/apps/delta
2026-03-01T10:37:00.568+01:00 DEBUG 4700 --- [api-gateway] [reshExecutor-%d] o.s.web.client.RestTemplate              : Accept=[application/json, application/*+json]
2026-03-01T10:37:00.585+01:00 DEBUG 4700 --- [api-gateway] [reshExecutor-%d] o.s.web.client.RestTemplate              : Response 200 OK
2026-03-01T10:37:00.585+01:00 DEBUG 4700 --- [api-gateway] [reshExecutor-%d] o.s.web.client.RestTemplate              : Reading to [org.springframework.cloud.netflix.eureka.http.EurekaApplications]
2026-03-01T10:37:30.093+01:00 DEBUG 4700 --- [api-gateway] [beatExecutor-%d] o.s.web.client.RestTemplate              : HTTP PUT http://localhost:8071/eureka/apps/API-GATEWAY/localhost:api-gateway:8088?status=UP&lastDirtyTimestamp=1772355718027
2026-03-01T10:37:30.103+01:00 DEBUG 4700 --- [api-gateway] [beatExecutor-%d] o.s.web.client.RestTemplate              : Accept=[application/json, application/*+json]
2026-03-01T10:37:30.111+01:00 DEBUG 4700 --- [api-gateway] [beatExecutor-%d] o.s.web.client.RestTemplate              : Response 200 OK
2026-03-01T10:37:30.604+01:00 DEBUG 4700 --- [api-gateway] [reshExecutor-%d] o.s.web.client.RestTemplate              : HTTP GET http://localhost:8071/eureka/apps/delta
2026-03-01T10:37:30.606+01:00 DEBUG 4700 --- [api-gateway] [reshExecutor-%d] o.s.web.client.RestTemplate              : Accept=[application/json, application/*+json]
2026-03-01T10:37:30.622+01:00 DEBUG 4700 --- [api-gateway] [reshExecutor-%d] o.s.web.client.RestTemplate              : Response 200 OK
2026-03-01T10:37:30.623+01:00 DEBUG 4700 --- [api-gateway] [reshExecutor-%d] o.s.web.client.RestTemplate              : Reading to [org.springframework.cloud.netflix.eureka.http.EurekaApplications]
2026-03-01T10:38:00.119+01:00 DEBUG 4700 --- [api-gateway] [beatExecutor-%d] o.s.web.client.RestTemplate              : HTTP PUT http://localhost:8071/eureka/apps/API-GATEWAY/localhost:api-gateway:8088?status=UP&lastDirtyTimestamp=1772355718027
2026-03-01T10:38:00.129+01:00 DEBUG 4700 --- [api-gateway] [beatExecutor-%d] o.s.web.client.RestTemplate              : Accept=[application/json, application/*+json]
2026-03-01T10:38:00.138+01:00 DEBUG 4700 --- [api-gateway] [beatExecutor-%d] o.s.web.client.RestTemplate              : Response 200 OK
2026-03-01T10:38:00.629+01:00 DEBUG 4700 --- [api-gateway] [reshExecutor-%d] o.s.web.client.RestTemplate              : HTTP GET http://localhost:8071/eureka/apps/delta
2026-03-01T10:38:00.639+01:00 DEBUG 4700 --- [api-gateway] [reshExecutor-%d] o.s.web.client.RestTemplate              : Accept=[application/json, application/*+json]
2026-03-01T10:38:00.646+01:00 DEBUG 4700 --- [api-gateway] [reshExecutor-%d] o.s.web.client.RestTemplate              : Response 200 OK
2026-03-01T10:38:00.646+01:00 DEBUG 4700 --- [api-gateway] [reshExecutor-%d] o.s.web.client.RestTemplate              : Reading to [org.springframework.cloud.netflix.eureka.http.EurekaApplications]
2026-03-01T10:38:30.153+01:00 DEBUG 4700 --- [api-gateway] [beatExecutor-%d] o.s.web.client.RestTemplate              : HTTP PUT http://localhost:8071/eureka/apps/API-GATEWAY/localhost:api-gateway:8088?status=UP&lastDirtyTimestamp=1772355718027
2026-03-01T10:38:30.171+01:00 DEBUG 4700 --- [api-gateway] [beatExecutor-%d] o.s.web.client.RestTemplate              : Accept=[application/json, application/*+json]
2026-03-01T10:38:30.176+01:00 DEBUG 4700 --- [api-gateway] [beatExecutor-%d] o.s.web.client.RestTemplate              : Response 200 OK
2026-03-01T10:38:30.662+01:00 DEBUG 4700 --- [api-gateway] [reshExecutor-%d] o.s.web.client.RestTemplate              : HTTP GET http://localhost:8071/eureka/apps/delta
2026-03-01T10:38:30.674+01:00 DEBUG 4700 --- [api-gateway] [reshExecutor-%d] o.s.web.client.RestTemplate              : Accept=[application/json, application/*+json]
2026-03-01T10:38:30.680+01:00 DEBUG 4700 --- [api-gateway] [reshExecutor-%d] o.s.web.client.RestTemplate              : Response 200 OK
2026-03-01T10:38:30.680+01:00 DEBUG 4700 --- [api-gateway] [reshExecutor-%d] o.s.web.client.RestTemplate              : Reading to [org.springframework.cloud.netflix.eureka.http.EurekaApplications]
2026-03-01T10:39:00.177+01:00 DEBUG 4700 --- [api-gateway] [beatExecutor-%d] o.s.web.client.RestTemplate              : HTTP PUT http://localhost:8071/eureka/apps/API-GATEWAY/localhost:api-gateway:8088?status=UP&lastDirtyTimestamp=1772355718027
2026-03-01T10:39:00.187+01:00 DEBUG 4700 --- [api-gateway] [beatExecutor-%d] o.s.web.client.RestTemplate              : Accept=[application/json, application/*+json]
2026-03-01T10:39:00.196+01:00 DEBUG 4700 --- [api-gateway] [beatExecutor-%d] o.s.web.client.RestTemplate              : Response 200 OK
2026-03-01T10:39:00.688+01:00 DEBUG 4700 --- [api-gateway] [reshExecutor-%d] o.s.web.client.RestTemplate              : HTTP GET http://localhost:8071/eureka/apps/delta
2026-03-01T10:39:00.688+01:00 DEBUG 4700 --- [api-gateway] [reshExecutor-%d] o.s.web.client.RestTemplate              : Accept=[application/json, application/*+json]
2026-03-01T10:39:00.704+01:00 DEBUG 4700 --- [api-gateway] [reshExecutor-%d] o.s.web.client.RestTemplate              : Response 200 OK
2026-03-01T10:39:00.705+01:00 DEBUG 4700 --- [api-gateway] [reshExecutor-%d] o.s.web.client.RestTemplate              : Reading to [org.springframework.cloud.netflix.eureka.http.EurekaApplications]
2026-03-01T10:39:30.197+01:00 DEBUG 4700 --- [api-gateway] [beatExecutor-%d] o.s.web.client.RestTemplate              : HTTP PUT http://localhost:8071/eureka/apps/API-GATEWAY/localhost:api-gateway:8088?status=UP&lastDirtyTimestamp=1772355718027
2026-03-01T10:39:30.198+01:00 DEBUG 4700 --- [api-gateway] [beatExecutor-%d] o.s.web.client.RestTemplate              : Accept=[application/json, application/*+json]
2026-03-01T10:39:30.217+01:00 DEBUG 4700 --- [api-gateway] [beatExecutor-%d] o.s.web.client.RestTemplate              : Response 200 OK
2026-03-01T10:39:30.726+01:00 DEBUG 4700 --- [api-gateway] [reshExecutor-%d] o.s.web.client.RestTemplate              : HTTP GET http://localhost:8071/eureka/apps/delta
2026-03-01T10:39:30.728+01:00 DEBUG 4700 --- [api-gateway] [reshExecutor-%d] o.s.web.client.RestTemplate              : Accept=[application/json, application/*+json]
2026-03-01T10:39:30.742+01:00 DEBUG 4700 --- [api-gateway] [reshExecutor-%d] o.s.web.client.RestTemplate              : Response 200 OK
2026-03-01T10:39:30.743+01:00 DEBUG 4700 --- [api-gateway] [reshExecutor-%d] o.s.web.client.RestTemplate              : Reading to [org.springframework.cloud.netflix.eureka.http.EurekaApplications]
2026-03-01T10:40:00.228+01:00 DEBUG 4700 --- [api-gateway] [beatExecutor-%d] o.s.web.client.RestTemplate              : HTTP PUT http://localhost:8071/eureka/apps/API-GATEWAY/localhost:api-gateway:8088?status=UP&lastDirtyTimestamp=1772355718027
2026-03-01T10:40:00.238+01:00 DEBUG 4700 --- [api-gateway] [beatExecutor-%d] o.s.web.client.RestTemplate              : Accept=[application/json, application/*+json]
2026-03-01T10:40:00.246+01:00 DEBUG 4700 --- [api-gateway] [beatExecutor-%d] o.s.web.client.RestTemplate              : Response 200 OK
2026-03-01T10:40:00.757+01:00 DEBUG 4700 --- [api-gateway] [reshExecutor-%d] o.s.web.client.RestTemplate              : HTTP GET http://localhost:8071/eureka/apps/delta
2026-03-01T10:40:00.757+01:00 DEBUG 4700 --- [api-gateway] [reshExecutor-%d] o.s.web.client.RestTemplate              : Accept=[application/json, application/*+json]
2026-03-01T10:40:00.774+01:00 DEBUG 4700 --- [api-gateway] [reshExecutor-%d] o.s.web.client.RestTemplate              : Response 200 OK
2026-03-01T10:40:00.774+01:00 DEBUG 4700 --- [api-gateway] [reshExecutor-%d] o.s.web.client.RestTemplate              : Reading to [org.springframework.cloud.netflix.eureka.http.EurekaApplications]
2026-03-01T10:40:30.257+01:00 DEBUG 4700 --- [api-gateway] [beatExecutor-%d] o.s.web.client.RestTemplate              : HTTP PUT http://localhost:8071/eureka/apps/API-GATEWAY/localhost:api-gateway:8088?status=UP&lastDirtyTimestamp=1772355718027
2026-03-01T10:40:30.257+01:00 DEBUG 4700 --- [api-gateway] [beatExecutor-%d] o.s.web.client.RestTemplate              : Accept=[application/json, application/*+json]
2026-03-01T10:40:30.275+01:00 DEBUG 4700 --- [api-gateway] [beatExecutor-%d] o.s.web.client.RestTemplate              : Response 200 OK
2026-03-01T10:40:30.794+01:00 DEBUG 4700 --- [api-gateway] [reshExecutor-%d] o.s.web.client.RestTemplate              : HTTP GET http://localhost:8071/eureka/apps/delta
2026-03-01T10:40:30.795+01:00 DEBUG 4700 --- [api-gateway] [reshExecutor-%d] o.s.web.client.RestTemplate              : Accept=[application/json, application/*+json]
2026-03-01T10:40:30.811+01:00 DEBUG 4700 --- [api-gateway] [reshExecutor-%d] o.s.web.client.RestTemplate              : Response 200 OK
2026-03-01T10:40:30.811+01:00 DEBUG 4700 --- [api-gateway] [reshExecutor-%d] o.s.web.client.RestTemplate              : Reading to [org.springframework.cloud.netflix.eureka.http.EurekaApplications]
2026-03-01T10:41:00.277+01:00 DEBUG 4700 --- [api-gateway] [beatExecutor-%d] o.s.web.client.RestTemplate              : HTTP PUT http://localhost:8071/eureka/apps/API-GATEWAY/localhost:api-gateway:8088?status=UP&lastDirtyTimestamp=1772355718027
2026-03-01T10:41:00.288+01:00 DEBUG 4700 --- [api-gateway] [beatExecutor-%d] o.s.web.client.RestTemplate              : Accept=[application/json, application/*+json]
2026-03-01T10:41:00.297+01:00 DEBUG 4700 --- [api-gateway] [beatExecutor-%d] o.s.web.client.RestTemplate              : Response 200 OK
2026-03-01T10:41:00.821+01:00 DEBUG 4700 --- [api-gateway] [reshExecutor-%d] o.s.web.client.RestTemplate              : HTTP GET http://localhost:8071/eureka/apps/delta
2026-03-01T10:41:00.822+01:00 DEBUG 4700 --- [api-gateway] [reshExecutor-%d] o.s.web.client.RestTemplate              : Accept=[application/json, application/*+json]
2026-03-01T10:41:00.839+01:00 DEBUG 4700 --- [api-gateway] [reshExecutor-%d] o.s.web.client.RestTemplate              : Response 200 OK
2026-03-01T10:41:00.839+01:00 DEBUG 4700 --- [api-gateway] [reshExecutor-%d] o.s.web.client.RestTemplate              : Reading to [org.springframework.cloud.netflix.eureka.http.EurekaApplications]
2026-03-01T10:41:30.311+01:00 DEBUG 4700 --- [api-gateway] [beatExecutor-%d] o.s.web.client.RestTemplate              : HTTP PUT http://localhost:8071/eureka/apps/API-GATEWAY/localhost:api-gateway:8088?status=UP&lastDirtyTimestamp=1772355718027
2026-03-01T10:41:30.312+01:00 DEBUG 4700 --- [api-gateway] [beatExecutor-%d] o.s.web.client.RestTemplate              : Accept=[application/json, application/*+json]
2026-03-01T10:41:30.328+01:00 DEBUG 4700 --- [api-gateway] [beatExecutor-%d] o.s.web.client.RestTemplate              : Response 200 OK
2026-03-01T10:41:30.857+01:00 DEBUG 4700 --- [api-gateway] [reshExecutor-%d] o.s.web.client.RestTemplate              : HTTP GET http://localhost:8071/eureka/apps/delta
2026-03-01T10:41:30.857+01:00 DEBUG 4700 --- [api-gateway] [reshExecutor-%d] o.s.web.client.RestTemplate              : Accept=[application/json, application/*+json]
2026-03-01T10:41:30.875+01:00 DEBUG 4700 --- [api-gateway] [reshExecutor-%d] o.s.web.client.RestTemplate              : Response 200 OK
2026-03-01T10:41:30.875+01:00 DEBUG 4700 --- [api-gateway] [reshExecutor-%d] o.s.web.client.RestTemplate              : Reading to [org.springframework.cloud.netflix.eureka.http.EurekaApplications]
2026-03-01T10:41:57.661+01:00  INFO 4700 --- [api-gateway] [rap-executor-%d] c.n.d.s.r.aws.ConfigClusterResolver      : Resolving eureka endpoints via configuration
2026-03-01T10:42:00.335+01:00 DEBUG 4700 --- [api-gateway] [beatExecutor-%d] o.s.web.client.RestTemplate              : HTTP PUT http://localhost:8071/eureka/apps/API-GATEWAY/localhost:api-gateway:8088?status=UP&lastDirtyTimestamp=1772355718027
2026-03-01T10:42:00.337+01:00 DEBUG 4700 --- [api-gateway] [beatExecutor-%d] o.s.web.client.RestTemplate              : Accept=[application/json, application/*+json]
2026-03-01T10:42:00.353+01:00 DEBUG 4700 --- [api-gateway] [beatExecutor-%d] o.s.web.client.RestTemplate              : Response 200 OK
2026-03-01T10:42:00.895+01:00 DEBUG 4700 --- [api-gateway] [reshExecutor-%d] o.s.web.client.RestTemplate              : HTTP GET http://localhost:8071/eureka/apps/delta
2026-03-01T10:42:00.895+01:00 DEBUG 4700 --- [api-gateway] [reshExecutor-%d] o.s.web.client.RestTemplate              : Accept=[application/json, application/*+json]
2026-03-01T10:42:00.912+01:00 DEBUG 4700 --- [api-gateway] [reshExecutor-%d] o.s.web.client.RestTemplate              : Response 200 OK
2026-03-01T10:42:00.914+01:00 DEBUG 4700 --- [api-gateway] [reshExecutor-%d] o.s.web.client.RestTemplate              : Reading to [org.springframework.cloud.netflix.eureka.http.EurekaApplications]
2026-03-01T10:42:30.361+01:00 DEBUG 4700 --- [api-gateway] [beatExecutor-%d] o.s.web.client.RestTemplate              : HTTP PUT http://localhost:8071/eureka/apps/API-GATEWAY/localhost:api-gateway:8088?status=UP&lastDirtyTimestamp=1772355718027
2026-03-01T10:42:30.372+01:00 DEBUG 4700 --- [api-gateway] [beatExecutor-%d] o.s.web.client.RestTemplate              : Accept=[application/json, application/*+json]
2026-03-01T10:42:30.378+01:00 DEBUG 4700 --- [api-gateway] [beatExecutor-%d] o.s.web.client.RestTemplate              : Response 200 OK
2026-03-01T10:42:30.920+01:00 DEBUG 4700 --- [api-gateway] [reshExecutor-%d] o.s.web.client.RestTemplate              : HTTP GET http://localhost:8071/eureka/apps/delta
2026-03-01T10:42:30.920+01:00 DEBUG 4700 --- [api-gateway] [reshExecutor-%d] o.s.web.client.RestTemplate              : Accept=[application/json, application/*+json]
2026-03-01T10:42:30.937+01:00 DEBUG 4700 --- [api-gateway] [reshExecutor-%d] o.s.web.client.RestTemplate              : Response 200 OK
2026-03-01T10:42:30.938+01:00 DEBUG 4700 --- [api-gateway] [reshExecutor-%d] o.s.web.client.RestTemplate              : Reading to [org.springframework.cloud.netflix.eureka.http.EurekaApplications]
2026-03-01T10:43:00.388+01:00 DEBUG 4700 --- [api-gateway] [beatExecutor-%d] o.s.web.client.RestTemplate              : HTTP PUT http://localhost:8071/eureka/apps/API-GATEWAY/localhost:api-gateway:8088?status=UP&lastDirtyTimestamp=1772355718027
2026-03-01T10:43:00.389+01:00 DEBUG 4700 --- [api-gateway] [beatExecutor-%d] o.s.web.client.RestTemplate              : Accept=[application/json, application/*+json]
2026-03-01T10:43:00.409+01:00 DEBUG 4700 --- [api-gateway] [beatExecutor-%d] o.s.web.client.RestTemplate              : Response 200 OK
2026-03-01T10:43:00.948+01:00 DEBUG 4700 --- [api-gateway] [reshExecutor-%d] o.s.web.client.RestTemplate              : HTTP GET http://localhost:8071/eureka/apps/delta
2026-03-01T10:43:00.948+01:00 DEBUG 4700 --- [api-gateway] [reshExecutor-%d] o.s.web.client.RestTemplate              : Accept=[application/json, application/*+json]
2026-03-01T10:43:00.967+01:00 DEBUG 4700 --- [api-gateway] [reshExecutor-%d] o.s.web.client.RestTemplate              : Response 200 OK
2026-03-01T10:43:00.967+01:00 DEBUG 4700 --- [api-gateway] [reshExecutor-%d] o.s.web.client.RestTemplate              : Reading to [org.springframework.cloud.netflix.eureka.http.EurekaApplications]
2026-03-01T10:43:30.419+01:00 DEBUG 4700 --- [api-gateway] [beatExecutor-%d] o.s.web.client.RestTemplate              : HTTP PUT http://localhost:8071/eureka/apps/API-GATEWAY/localhost:api-gateway:8088?status=UP&lastDirtyTimestamp=1772355718027
2026-03-01T10:43:30.419+01:00 DEBUG 4700 --- [api-gateway] [beatExecutor-%d] o.s.web.client.RestTemplate              : Accept=[application/json, application/*+json]
2026-03-01T10:43:30.438+01:00 DEBUG 4700 --- [api-gateway] [beatExecutor-%d] o.s.web.client.RestTemplate              : Response 200 OK
2026-03-01T10:43:30.977+01:00 DEBUG 4700 --- [api-gateway] [reshExecutor-%d] o.s.web.client.RestTemplate              : HTTP GET http://localhost:8071/eureka/apps/delta
2026-03-01T10:43:30.986+01:00 DEBUG 4700 --- [api-gateway] [reshExecutor-%d] o.s.web.client.RestTemplate              : Accept=[application/json, application/*+json]
2026-03-01T10:43:30.994+01:00 DEBUG 4700 --- [api-gateway] [reshExecutor-%d] o.s.web.client.RestTemplate              : Response 200 OK
2026-03-01T10:43:30.995+01:00 DEBUG 4700 --- [api-gateway] [reshExecutor-%d] o.s.web.client.RestTemplate              : Reading to [org.springframework.cloud.netflix.eureka.http.EurekaApplications]
2026-03-01T10:44:00.447+01:00 DEBUG 4700 --- [api-gateway] [beatExecutor-%d] o.s.web.client.RestTemplate              : HTTP PUT http://localhost:8071/eureka/apps/API-GATEWAY/localhost:api-gateway:8088?status=UP&lastDirtyTimestamp=1772355718027
2026-03-01T10:44:00.447+01:00 DEBUG 4700 --- [api-gateway] [beatExecutor-%d] o.s.web.client.RestTemplate              : Accept=[application/json, application/*+json]
2026-03-01T10:44:00.466+01:00 DEBUG 4700 --- [api-gateway] [beatExecutor-%d] o.s.web.client.RestTemplate              : Response 200 OK
2026-03-01T10:44:01.008+01:00 DEBUG 4700 --- [api-gateway] [reshExecutor-%d] o.s.web.client.RestTemplate              : HTTP GET http://localhost:8071/eureka/apps/delta
2026-03-01T10:44:01.009+01:00 DEBUG 4700 --- [api-gateway] [reshExecutor-%d] o.s.web.client.RestTemplate              : Accept=[application/json, application/*+json]
2026-03-01T10:44:01.025+01:00 DEBUG 4700 --- [api-gateway] [reshExecutor-%d] o.s.web.client.RestTemplate              : Response 200 OK
2026-03-01T10:44:01.025+01:00 DEBUG 4700 --- [api-gateway] [reshExecutor-%d] o.s.web.client.RestTemplate              : Reading to [org.springframework.cloud.netflix.eureka.http.EurekaApplications]
2026-03-01T10:44:30.476+01:00 DEBUG 4700 --- [api-gateway] [beatExecutor-%d] o.s.web.client.RestTemplate              : HTTP PUT http://localhost:8071/eureka/apps/API-GATEWAY/localhost:api-gateway:8088?status=UP&lastDirtyTimestamp=1772355718027
2026-03-01T10:44:30.487+01:00 DEBUG 4700 --- [api-gateway] [beatExecutor-%d] o.s.web.client.RestTemplate              : Accept=[application/json, application/*+json]
2026-03-01T10:44:30.495+01:00 DEBUG 4700 --- [api-gateway] [beatExecutor-%d] o.s.web.client.RestTemplate              : Response 200 OK
2026-03-01T10:44:31.037+01:00 DEBUG 4700 --- [api-gateway] [reshExecutor-%d] o.s.web.client.RestTemplate              : HTTP GET http://localhost:8071/eureka/apps/delta
2026-03-01T10:44:31.037+01:00 DEBUG 4700 --- [api-gateway] [reshExecutor-%d] o.s.web.client.RestTemplate              : Accept=[application/json, application/*+json]
2026-03-01T10:44:31.054+01:00 DEBUG 4700 --- [api-gateway] [reshExecutor-%d] o.s.web.client.RestTemplate              : Response 200 OK
2026-03-01T10:44:31.055+01:00 DEBUG 4700 --- [api-gateway] [reshExecutor-%d] o.s.web.client.RestTemplate              : Reading to [org.springframework.cloud.netflix.eureka.http.EurekaApplications]
2026-03-01T10:45:00.503+01:00 DEBUG 4700 --- [api-gateway] [beatExecutor-%d] o.s.web.client.RestTemplate              : HTTP PUT http://localhost:8071/eureka/apps/API-GATEWAY/localhost:api-gateway:8088?status=UP&lastDirtyTimestamp=1772355718027
2026-03-01T10:45:00.504+01:00 DEBUG 4700 --- [api-gateway] [beatExecutor-%d] o.s.web.client.RestTemplate              : Accept=[application/json, application/*+json]
2026-03-01T10:45:00.521+01:00 DEBUG 4700 --- [api-gateway] [beatExecutor-%d] o.s.web.client.RestTemplate              : Response 200 OK
2026-03-01T10:45:01.063+01:00 DEBUG 4700 --- [api-gateway] [reshExecutor-%d] o.s.web.client.RestTemplate              : HTTP GET http://localhost:8071/eureka/apps/delta
2026-03-01T10:45:01.064+01:00 DEBUG 4700 --- [api-gateway] [reshExecutor-%d] o.s.web.client.RestTemplate              : Accept=[application/json, application/*+json]
2026-03-01T10:45:01.081+01:00 DEBUG 4700 --- [api-gateway] [reshExecutor-%d] o.s.web.client.RestTemplate              : Response 200 OK
2026-03-01T10:45:01.082+01:00 DEBUG 4700 --- [api-gateway] [reshExecutor-%d] o.s.web.client.RestTemplate              : Reading to [org.springframework.cloud.netflix.eureka.http.EurekaApplications]
2026-03-01T10:45:30.524+01:00 DEBUG 4700 --- [api-gateway] [beatExecutor-%d] o.s.web.client.RestTemplate              : HTTP PUT http://localhost:8071/eureka/apps/API-GATEWAY/localhost:api-gateway:8088?status=UP&lastDirtyTimestamp=1772355718027
2026-03-01T10:45:30.534+01:00 DEBUG 4700 --- [api-gateway] [beatExecutor-%d] o.s.web.client.RestTemplate              : Accept=[application/json, application/*+json]
2026-03-01T10:45:30.542+01:00 DEBUG 4700 --- [api-gateway] [beatExecutor-%d] o.s.web.client.RestTemplate              : Response 200 OK
2026-03-01T10:45:31.094+01:00 DEBUG 4700 --- [api-gateway] [reshExecutor-%d] o.s.web.client.RestTemplate              : HTTP GET http://localhost:8071/eureka/apps/delta
2026-03-01T10:45:31.104+01:00 DEBUG 4700 --- [api-gateway] [reshExecutor-%d] o.s.web.client.RestTemplate              : Accept=[application/json, application/*+json]
2026-03-01T10:45:31.111+01:00 DEBUG 4700 --- [api-gateway] [reshExecutor-%d] o.s.web.client.RestTemplate              : Response 200 OK
2026-03-01T10:45:31.111+01:00 DEBUG 4700 --- [api-gateway] [reshExecutor-%d] o.s.web.client.RestTemplate              : Reading to [org.springframework.cloud.netflix.eureka.http.EurekaApplications]
2026-03-01T10:46:00.554+01:00 DEBUG 4700 --- [api-gateway] [beatExecutor-%d] o.s.web.client.RestTemplate              : HTTP PUT http://localhost:8071/eureka/apps/API-GATEWAY/localhost:api-gateway:8088?status=UP&lastDirtyTimestamp=1772355718027
2026-03-01T10:46:00.554+01:00 DEBUG 4700 --- [api-gateway] [beatExecutor-%d] o.s.web.client.RestTemplate              : Accept=[application/json, application/*+json]
2026-03-01T10:46:00.572+01:00 DEBUG 4700 --- [api-gateway] [beatExecutor-%d] o.s.web.client.RestTemplate              : Response 200 OK
2026-03-01T10:46:01.128+01:00 DEBUG 4700 --- [api-gateway] [reshExecutor-%d] o.s.web.client.RestTemplate              : HTTP GET http://localhost:8071/eureka/apps/delta
2026-03-01T10:46:01.128+01:00 DEBUG 4700 --- [api-gateway] [reshExecutor-%d] o.s.web.client.RestTemplate              : Accept=[application/json, application/*+json]
2026-03-01T10:46:01.145+01:00 DEBUG 4700 --- [api-gateway] [reshExecutor-%d] o.s.web.client.RestTemplate              : Response 200 OK
2026-03-01T10:46:01.146+01:00 DEBUG 4700 --- [api-gateway] [reshExecutor-%d] o.s.web.client.RestTemplate              : Reading to [org.springframework.cloud.netflix.eureka.http.EurekaApplications]
2026-03-01T10:46:30.589+01:00 DEBUG 4700 --- [api-gateway] [beatExecutor-%d] o.s.web.client.RestTemplate              : HTTP PUT http://localhost:8071/eureka/apps/API-GATEWAY/localhost:api-gateway:8088?status=UP&lastDirtyTimestamp=1772355718027
2026-03-01T10:46:30.590+01:00 DEBUG 4700 --- [api-gateway] [beatExecutor-%d] o.s.web.client.RestTemplate              : Accept=[application/json, application/*+json]
2026-03-01T10:46:30.607+01:00 DEBUG 4700 --- [api-gateway] [beatExecutor-%d] o.s.web.client.RestTemplate              : Response 200 OK
2026-03-01T10:46:31.162+01:00 DEBUG 4700 --- [api-gateway] [reshExecutor-%d] o.s.web.client.RestTemplate              : HTTP GET http://localhost:8071/eureka/apps/delta
2026-03-01T10:46:31.162+01:00 DEBUG 4700 --- [api-gateway] [reshExecutor-%d] o.s.web.client.RestTemplate              : Accept=[application/json, application/*+json]
2026-03-01T10:46:31.179+01:00 DEBUG 4700 --- [api-gateway] [reshExecutor-%d] o.s.web.client.RestTemplate              : Response 200 OK
2026-03-01T10:46:31.181+01:00 DEBUG 4700 --- [api-gateway] [reshExecutor-%d] o.s.web.client.RestTemplate              : Reading to [org.springframework.cloud.netflix.eureka.http.EurekaApplications]
2026-03-01T10:46:57.665+01:00  INFO 4700 --- [api-gateway] [rap-executor-%d] c.n.d.s.r.aws.ConfigClusterResolver      : Resolving eureka endpoints via configuration
2026-03-01T10:47:00.615+01:00 DEBUG 4700 --- [api-gateway] [beatExecutor-%d] o.s.web.client.RestTemplate              : HTTP PUT http://localhost:8071/eureka/apps/API-GATEWAY/localhost:api-gateway:8088?status=UP&lastDirtyTimestamp=1772355718027
2026-03-01T10:47:00.616+01:00 DEBUG 4700 --- [api-gateway] [beatExecutor-%d] o.s.web.client.RestTemplate              : Accept=[application/json, application/*+json]
2026-03-01T10:47:00.634+01:00 DEBUG 4700 --- [api-gateway] [beatExecutor-%d] o.s.web.client.RestTemplate              : Response 200 OK
2026-03-01T10:47:01.199+01:00 DEBUG 4700 --- [api-gateway] [reshExecutor-%d] o.s.web.client.RestTemplate              : HTTP GET http://localhost:8071/eureka/apps/delta
2026-03-01T10:47:01.200+01:00 DEBUG 4700 --- [api-gateway] [reshExecutor-%d] o.s.web.client.RestTemplate              : Accept=[application/json, application/*+json]
2026-03-01T10:47:01.216+01:00 DEBUG 4700 --- [api-gateway] [reshExecutor-%d] o.s.web.client.RestTemplate              : Response 200 OK
2026-03-01T10:47:01.216+01:00 DEBUG 4700 --- [api-gateway] [reshExecutor-%d] o.s.web.client.RestTemplate              : Reading to [org.springframework.cloud.netflix.eureka.http.EurekaApplications]
2026-03-01T10:47:30.647+01:00 DEBUG 4700 --- [api-gateway] [beatExecutor-%d] o.s.web.client.RestTemplate              : HTTP PUT http://localhost:8071/eureka/apps/API-GATEWAY/localhost:api-gateway:8088?status=UP&lastDirtyTimestamp=1772355718027
2026-03-01T10:47:30.648+01:00 DEBUG 4700 --- [api-gateway] [beatExecutor-%d] o.s.web.client.RestTemplate              : Accept=[application/json, application/*+json]
2026-03-01T10:47:30.665+01:00 DEBUG 4700 --- [api-gateway] [beatExecutor-%d] o.s.web.client.RestTemplate              : Response 200 OK
2026-03-01T10:47:31.234+01:00 DEBUG 4700 --- [api-gateway] [reshExecutor-%d] o.s.web.client.RestTemplate              : HTTP GET http://localhost:8071/eureka/apps/delta
2026-03-01T10:47:31.236+01:00 DEBUG 4700 --- [api-gateway] [reshExecutor-%d] o.s.web.client.RestTemplate              : Accept=[application/json, application/*+json]
2026-03-01T10:47:31.252+01:00 DEBUG 4700 --- [api-gateway] [reshExecutor-%d] o.s.web.client.RestTemplate              : Response 200 OK
2026-03-01T10:47:31.254+01:00 DEBUG 4700 --- [api-gateway] [reshExecutor-%d] o.s.web.client.RestTemplate              : Reading to [org.springframework.cloud.netflix.eureka.http.EurekaApplications]
2026-03-01T10:48:00.670+01:00 DEBUG 4700 --- [api-gateway] [beatExecutor-%d] o.s.web.client.RestTemplate              : HTTP PUT http://localhost:8071/eureka/apps/API-GATEWAY/localhost:api-gateway:8088?status=UP&lastDirtyTimestamp=1772355718027
2026-03-01T10:48:00.671+01:00 DEBUG 4700 --- [api-gateway] [beatExecutor-%d] o.s.web.client.RestTemplate              : Accept=[application/json, application/*+json]
2026-03-01T10:48:00.689+01:00 DEBUG 4700 --- [api-gateway] [beatExecutor-%d] o.s.web.client.RestTemplate              : Response 200 OK
2026-03-01T10:48:01.276+01:00 DEBUG 4700 --- [api-gateway] [reshExecutor-%d] o.s.web.client.RestTemplate              : HTTP GET http://localhost:8071/eureka/apps/delta
2026-03-01T10:48:01.276+01:00 DEBUG 4700 --- [api-gateway] [reshExecutor-%d] o.s.web.client.RestTemplate              : Accept=[application/json, application/*+json]
2026-03-01T10:48:01.292+01:00 DEBUG 4700 --- [api-gateway] [reshExecutor-%d] o.s.web.client.RestTemplate              : Response 200 OK
2026-03-01T10:48:01.293+01:00 DEBUG 4700 --- [api-gateway] [reshExecutor-%d] o.s.web.client.RestTemplate              : Reading to [org.springframework.cloud.netflix.eureka.http.EurekaApplications]
2026-03-01T10:48:30.712+01:00 DEBUG 4700 --- [api-gateway] [beatExecutor-%d] o.s.web.client.RestTemplate              : HTTP PUT http://localhost:8071/eureka/apps/API-GATEWAY/localhost:api-gateway:8088?status=UP&lastDirtyTimestamp=1772355718027
2026-03-01T10:48:30.714+01:00 DEBUG 4700 --- [api-gateway] [beatExecutor-%d] o.s.web.client.RestTemplate              : Accept=[application/json, application/*+json]
2026-03-01T10:48:30.730+01:00 DEBUG 4700 --- [api-gateway] [beatExecutor-%d] o.s.web.client.RestTemplate              : Response 200 OK
2026-03-01T10:48:31.303+01:00 DEBUG 4700 --- [api-gateway] [reshExecutor-%d] o.s.web.client.RestTemplate              : HTTP GET http://localhost:8071/eureka/apps/delta
2026-03-01T10:48:31.303+01:00 DEBUG 4700 --- [api-gateway] [reshExecutor-%d] o.s.web.client.RestTemplate              : Accept=[application/json, application/*+json]
2026-03-01T10:48:31.320+01:00 DEBUG 4700 --- [api-gateway] [reshExecutor-%d] o.s.web.client.RestTemplate              : Response 200 OK
2026-03-01T10:48:31.321+01:00 DEBUG 4700 --- [api-gateway] [reshExecutor-%d] o.s.web.client.RestTemplate              : Reading to [org.springframework.cloud.netflix.eureka.http.EurekaApplications]
2026-03-01T10:49:00.737+01:00 DEBUG 4700 --- [api-gateway] [beatExecutor-%d] o.s.web.client.RestTemplate              : HTTP PUT http://localhost:8071/eureka/apps/API-GATEWAY/localhost:api-gateway:8088?status=UP&lastDirtyTimestamp=1772355718027
2026-03-01T10:49:00.738+01:00 DEBUG 4700 --- [api-gateway] [beatExecutor-%d] o.s.web.client.RestTemplate              : Accept=[application/json, application/*+json]
2026-03-01T10:49:00.755+01:00 DEBUG 4700 --- [api-gateway] [beatExecutor-%d] o.s.web.client.RestTemplate              : Response 200 OK
2026-03-01T10:49:01.331+01:00 DEBUG 4700 --- [api-gateway] [reshExecutor-%d] o.s.web.client.RestTemplate              : HTTP GET http://localhost:8071/eureka/apps/delta
2026-03-01T10:49:01.331+01:00 DEBUG 4700 --- [api-gateway] [reshExecutor-%d] o.s.web.client.RestTemplate              : Accept=[application/json, application/*+json]
2026-03-01T10:49:01.351+01:00 DEBUG 4700 --- [api-gateway] [reshExecutor-%d] o.s.web.client.RestTemplate              : Response 200 OK
2026-03-01T10:49:01.351+01:00 DEBUG 4700 --- [api-gateway] [reshExecutor-%d] o.s.web.client.RestTemplate              : Reading to [org.springframework.cloud.netflix.eureka.http.EurekaApplications]
2026-03-01T10:49:30.761+01:00 DEBUG 4700 --- [api-gateway] [beatExecutor-%d] o.s.web.client.RestTemplate              : HTTP PUT http://localhost:8071/eureka/apps/API-GATEWAY/localhost:api-gateway:8088?status=UP&lastDirtyTimestamp=1772355718027
2026-03-01T10:49:30.762+01:00 DEBUG 4700 --- [api-gateway] [beatExecutor-%d] o.s.web.client.RestTemplate              : Accept=[application/json, application/*+json]
2026-03-01T10:49:30.782+01:00 DEBUG 4700 --- [api-gateway] [beatExecutor-%d] o.s.web.client.RestTemplate              : Response 200 OK
2026-03-01T10:49:31.368+01:00 DEBUG 4700 --- [api-gateway] [reshExecutor-%d] o.s.web.client.RestTemplate              : HTTP GET http://localhost:8071/eureka/apps/delta
2026-03-01T10:49:31.369+01:00 DEBUG 4700 --- [api-gateway] [reshExecutor-%d] o.s.web.client.RestTemplate              : Accept=[application/json, application/*+json]
2026-03-01T10:49:31.388+01:00 DEBUG 4700 --- [api-gateway] [reshExecutor-%d] o.s.web.client.RestTemplate              : Response 200 OK
2026-03-01T10:49:31.389+01:00 DEBUG 4700 --- [api-gateway] [reshExecutor-%d] o.s.web.client.RestTemplate              : Reading to [org.springframework.cloud.netflix.eureka.http.EurekaApplications]
2026-03-01T10:50:00.789+01:00 DEBUG 4700 --- [api-gateway] [beatExecutor-%d] o.s.web.client.RestTemplate              : HTTP PUT http://localhost:8071/eureka/apps/API-GATEWAY/localhost:api-gateway:8088?status=UP&lastDirtyTimestamp=1772355718027
2026-03-01T10:50:00.790+01:00 DEBUG 4700 --- [api-gateway] [beatExecutor-%d] o.s.web.client.RestTemplate              : Accept=[application/json, application/*+json]
2026-03-01T10:50:00.807+01:00 DEBUG 4700 --- [api-gateway] [beatExecutor-%d] o.s.web.client.RestTemplate              : Response 200 OK
2026-03-01T10:50:01.395+01:00 DEBUG 4700 --- [api-gateway] [reshExecutor-%d] o.s.web.client.RestTemplate              : HTTP GET http://localhost:8071/eureka/apps/delta
2026-03-01T10:50:01.396+01:00 DEBUG 4700 --- [api-gateway] [reshExecutor-%d] o.s.web.client.RestTemplate              : Accept=[application/json, application/*+json]
2026-03-01T10:50:01.412+01:00 DEBUG 4700 --- [api-gateway] [reshExecutor-%d] o.s.web.client.RestTemplate              : Response 200 OK
2026-03-01T10:50:01.413+01:00 DEBUG 4700 --- [api-gateway] [reshExecutor-%d] o.s.web.client.RestTemplate              : Reading to [org.springframework.cloud.netflix.eureka.http.EurekaApplications]
2026-03-01T10:50:30.813+01:00 DEBUG 4700 --- [api-gateway] [beatExecutor-%d] o.s.web.client.RestTemplate              : HTTP PUT http://localhost:8071/eureka/apps/API-GATEWAY/localhost:api-gateway:8088?status=UP&lastDirtyTimestamp=1772355718027
2026-03-01T10:50:30.814+01:00 DEBUG 4700 --- [api-gateway] [beatExecutor-%d] o.s.web.client.RestTemplate              : Accept=[application/json, application/*+json]
2026-03-01T10:50:30.829+01:00 DEBUG 4700 --- [api-gateway] [beatExecutor-%d] o.s.web.client.RestTemplate              : Response 200 OK
2026-03-01T10:50:31.432+01:00 DEBUG 4700 --- [api-gateway] [reshExecutor-%d] o.s.web.client.RestTemplate              : HTTP GET http://localhost:8071/eureka/apps/delta
2026-03-01T10:50:31.432+01:00 DEBUG 4700 --- [api-gateway] [reshExecutor-%d] o.s.web.client.RestTemplate              : Accept=[application/json, application/*+json]
2026-03-01T10:50:31.448+01:00 DEBUG 4700 --- [api-gateway] [reshExecutor-%d] o.s.web.client.RestTemplate              : Response 200 OK
2026-03-01T10:50:31.449+01:00 DEBUG 4700 --- [api-gateway] [reshExecutor-%d] o.s.web.client.RestTemplate              : Reading to [org.springframework.cloud.netflix.eureka.http.EurekaApplications]
2026-03-01T10:51:00.844+01:00 DEBUG 4700 --- [api-gateway] [beatExecutor-%d] o.s.web.client.RestTemplate              : HTTP PUT http://localhost:8071/eureka/apps/API-GATEWAY/localhost:api-gateway:8088?status=UP&lastDirtyTimestamp=1772355718027
2026-03-01T10:51:00.845+01:00 DEBUG 4700 --- [api-gateway] [beatExecutor-%d] o.s.web.client.RestTemplate              : Accept=[application/json, application/*+json]
2026-03-01T10:51:00.861+01:00 DEBUG 4700 --- [api-gateway] [beatExecutor-%d] o.s.web.client.RestTemplate              : Response 200 OK
2026-03-01T10:51:01.464+01:00 DEBUG 4700 --- [api-gateway] [reshExecutor-%d] o.s.web.client.RestTemplate              : HTTP GET http://localhost:8071/eureka/apps/delta
2026-03-01T10:51:01.464+01:00 DEBUG 4700 --- [api-gateway] [reshExecutor-%d] o.s.web.client.RestTemplate              : Accept=[application/json, application/*+json]
2026-03-01T10:51:01.482+01:00 DEBUG 4700 --- [api-gateway] [reshExecutor-%d] o.s.web.client.RestTemplate              : Response 200 OK
2026-03-01T10:51:01.482+01:00 DEBUG 4700 --- [api-gateway] [reshExecutor-%d] o.s.web.client.RestTemplate              : Reading to [org.springframework.cloud.netflix.eureka.http.EurekaApplications]
2026-03-01T10:51:30.868+01:00 DEBUG 4700 --- [api-gateway] [beatExecutor-%d] o.s.web.client.RestTemplate              : HTTP PUT http://localhost:8071/eureka/apps/API-GATEWAY/localhost:api-gateway:8088?status=UP&lastDirtyTimestamp=1772355718027
2026-03-01T10:51:30.868+01:00 DEBUG 4700 --- [api-gateway] [beatExecutor-%d] o.s.web.client.RestTemplate              : Accept=[application/json, application/*+json]
2026-03-01T10:51:30.885+01:00 DEBUG 4700 --- [api-gateway] [beatExecutor-%d] o.s.web.client.RestTemplate              : Response 200 OK
2026-03-01T10:51:31.503+01:00 DEBUG 4700 --- [api-gateway] [reshExecutor-%d] o.s.web.client.RestTemplate              : HTTP GET http://localhost:8071/eureka/apps/delta
2026-03-01T10:51:31.504+01:00 DEBUG 4700 --- [api-gateway] [reshExecutor-%d] o.s.web.client.RestTemplate              : Accept=[application/json, application/*+json]
2026-03-01T10:51:31.520+01:00 DEBUG 4700 --- [api-gateway] [reshExecutor-%d] o.s.web.client.RestTemplate              : Response 200 OK
2026-03-01T10:51:31.520+01:00 DEBUG 4700 --- [api-gateway] [reshExecutor-%d] o.s.web.client.RestTemplate              : Reading to [org.springframework.cloud.netflix.eureka.http.EurekaApplications]
2026-03-01T10:51:57.672+01:00  INFO 4700 --- [api-gateway] [rap-executor-%d] c.n.d.s.r.aws.ConfigClusterResolver      : Resolving eureka endpoints via configuration
2026-03-01T10:52:00.892+01:00 DEBUG 4700 --- [api-gateway] [beatExecutor-%d] o.s.web.client.RestTemplate              : HTTP PUT http://localhost:8071/eureka/apps/API-GATEWAY/localhost:api-gateway:8088?status=UP&lastDirtyTimestamp=1772355718027
2026-03-01T10:52:00.892+01:00 DEBUG 4700 --- [api-gateway] [beatExecutor-%d] o.s.web.client.RestTemplate              : Accept=[application/json, application/*+json]
2026-03-01T10:52:00.909+01:00 DEBUG 4700 --- [api-gateway] [beatExecutor-%d] o.s.web.client.RestTemplate              : Response 200 OK
2026-03-01T10:52:01.529+01:00 DEBUG 4700 --- [api-gateway] [reshExecutor-%d] o.s.web.client.RestTemplate              : HTTP GET http://localhost:8071/eureka/apps/delta
2026-03-01T10:52:01.530+01:00 DEBUG 4700 --- [api-gateway] [reshExecutor-%d] o.s.web.client.RestTemplate              : Accept=[application/json, application/*+json]
2026-03-01T10:52:01.547+01:00 DEBUG 4700 --- [api-gateway] [reshExecutor-%d] o.s.web.client.RestTemplate              : Response 200 OK
2026-03-01T10:52:01.547+01:00 DEBUG 4700 --- [api-gateway] [reshExecutor-%d] o.s.web.client.RestTemplate              : Reading to [org.springframework.cloud.netflix.eureka.http.EurekaApplications]
2026-03-01T10:52:30.920+01:00 DEBUG 4700 --- [api-gateway] [beatExecutor-%d] o.s.web.client.RestTemplate              : HTTP PUT http://localhost:8071/eureka/apps/API-GATEWAY/localhost:api-gateway:8088?status=UP&lastDirtyTimestamp=1772355718027
2026-03-01T10:52:30.920+01:00 DEBUG 4700 --- [api-gateway] [beatExecutor-%d] o.s.web.client.RestTemplate              : Accept=[application/json, application/*+json]
2026-03-01T10:52:30.938+01:00 DEBUG 4700 --- [api-gateway] [beatExecutor-%d] o.s.web.client.RestTemplate              : Response 200 OK
2026-03-01T10:52:31.565+01:00 DEBUG 4700 --- [api-gateway] [reshExecutor-%d] o.s.web.client.RestTemplate              : HTTP GET http://localhost:8071/eureka/apps/delta
2026-03-01T10:52:31.565+01:00 DEBUG 4700 --- [api-gateway] [reshExecutor-%d] o.s.web.client.RestTemplate              : Accept=[application/json, application/*+json]
2026-03-01T10:52:31.582+01:00 DEBUG 4700 --- [api-gateway] [reshExecutor-%d] o.s.web.client.RestTemplate              : Response 200 OK
2026-03-01T10:52:31.582+01:00 DEBUG 4700 --- [api-gateway] [reshExecutor-%d] o.s.web.client.RestTemplate              : Reading to [org.springframework.cloud.netflix.eureka.http.EurekaApplications]
2026-03-01T10:53:00.949+01:00 DEBUG 4700 --- [api-gateway] [beatExecutor-%d] o.s.web.client.RestTemplate              : HTTP PUT http://localhost:8071/eureka/apps/API-GATEWAY/localhost:api-gateway:8088?status=UP&lastDirtyTimestamp=1772355718027
2026-03-01T10:53:00.949+01:00 DEBUG 4700 --- [api-gateway] [beatExecutor-%d] o.s.web.client.RestTemplate              : Accept=[application/json, application/*+json]
2026-03-01T10:53:00.966+01:00 DEBUG 4700 --- [api-gateway] [beatExecutor-%d] o.s.web.client.RestTemplate              : Response 200 OK
2026-03-01T10:53:01.604+01:00 DEBUG 4700 --- [api-gateway] [reshExecutor-%d] o.s.web.client.RestTemplate              : HTTP GET http://localhost:8071/eureka/apps/delta
2026-03-01T10:53:01.605+01:00 DEBUG 4700 --- [api-gateway] [reshExecutor-%d] o.s.web.client.RestTemplate              : Accept=[application/json, application/*+json]
2026-03-01T10:53:01.621+01:00 DEBUG 4700 --- [api-gateway] [reshExecutor-%d] o.s.web.client.RestTemplate              : Response 200 OK
2026-03-01T10:53:01.621+01:00 DEBUG 4700 --- [api-gateway] [reshExecutor-%d] o.s.web.client.RestTemplate              : Reading to [org.springframework.cloud.netflix.eureka.http.EurekaApplications]
2026-03-01T10:53:30.978+01:00 DEBUG 4700 --- [api-gateway] [beatExecutor-%d] o.s.web.client.RestTemplate              : HTTP PUT http://localhost:8071/eureka/apps/API-GATEWAY/localhost:api-gateway:8088?status=UP&lastDirtyTimestamp=1772355718027
2026-03-01T10:53:30.978+01:00 DEBUG 4700 --- [api-gateway] [beatExecutor-%d] o.s.web.client.RestTemplate              : Accept=[application/json, application/*+json]
2026-03-01T10:53:30.995+01:00 DEBUG 4700 --- [api-gateway] [beatExecutor-%d] o.s.web.client.RestTemplate              : Response 200 OK
2026-03-01T10:53:31.631+01:00 DEBUG 4700 --- [api-gateway] [reshExecutor-%d] o.s.web.client.RestTemplate              : HTTP GET http://localhost:8071/eureka/apps/delta
2026-03-01T10:53:31.632+01:00 DEBUG 4700 --- [api-gateway] [reshExecutor-%d] o.s.web.client.RestTemplate              : Accept=[application/json, application/*+json]
2026-03-01T10:53:31.648+01:00 DEBUG 4700 --- [api-gateway] [reshExecutor-%d] o.s.web.client.RestTemplate              : Response 200 OK
2026-03-01T10:53:31.649+01:00 DEBUG 4700 --- [api-gateway] [reshExecutor-%d] o.s.web.client.RestTemplate              : Reading to [org.springframework.cloud.netflix.eureka.http.EurekaApplications]
2026-03-01T10:54:01.002+01:00 DEBUG 4700 --- [api-gateway] [beatExecutor-%d] o.s.web.client.RestTemplate              : HTTP PUT http://localhost:8071/eureka/apps/API-GATEWAY/localhost:api-gateway:8088?status=UP&lastDirtyTimestamp=1772355718027
2026-03-01T10:54:01.002+01:00 DEBUG 4700 --- [api-gateway] [beatExecutor-%d] o.s.web.client.RestTemplate              : Accept=[application/json, application/*+json]
2026-03-01T10:54:01.018+01:00 DEBUG 4700 --- [api-gateway] [beatExecutor-%d] o.s.web.client.RestTemplate              : Response 200 OK
2026-03-01T10:54:01.660+01:00 DEBUG 4700 --- [api-gateway] [reshExecutor-%d] o.s.web.client.RestTemplate              : HTTP GET http://localhost:8071/eureka/apps/delta
2026-03-01T10:54:01.660+01:00 DEBUG 4700 --- [api-gateway] [reshExecutor-%d] o.s.web.client.RestTemplate              : Accept=[application/json, application/*+json]
2026-03-01T10:54:01.677+01:00 DEBUG 4700 --- [api-gateway] [reshExecutor-%d] o.s.web.client.RestTemplate              : Response 200 OK
2026-03-01T10:54:01.677+01:00 DEBUG 4700 --- [api-gateway] [reshExecutor-%d] o.s.web.client.RestTemplate              : Reading to [org.springframework.cloud.netflix.eureka.http.EurekaApplications]
2026-03-01T10:54:31.028+01:00 DEBUG 4700 --- [api-gateway] [beatExecutor-%d] o.s.web.client.RestTemplate              : HTTP PUT http://localhost:8071/eureka/apps/API-GATEWAY/localhost:api-gateway:8088?status=UP&lastDirtyTimestamp=1772355718027
2026-03-01T10:54:31.029+01:00 DEBUG 4700 --- [api-gateway] [beatExecutor-%d] o.s.web.client.RestTemplate              : Accept=[application/json, application/*+json]
2026-03-01T10:54:31.045+01:00 DEBUG 4700 --- [api-gateway] [beatExecutor-%d] o.s.web.client.RestTemplate              : Response 200 OK
2026-03-01T10:54:31.698+01:00 DEBUG 4700 --- [api-gateway] [reshExecutor-%d] o.s.web.client.RestTemplate              : HTTP GET http://localhost:8071/eureka/apps/delta
2026-03-01T10:54:31.699+01:00 DEBUG 4700 --- [api-gateway] [reshExecutor-%d] o.s.web.client.RestTemplate              : Accept=[application/json, application/*+json]
2026-03-01T10:54:31.716+01:00 DEBUG 4700 --- [api-gateway] [reshExecutor-%d] o.s.web.client.RestTemplate              : Response 200 OK
2026-03-01T10:54:31.716+01:00 DEBUG 4700 --- [api-gateway] [reshExecutor-%d] o.s.web.client.RestTemplate              : Reading to [org.springframework.cloud.netflix.eureka.http.EurekaApplications]
2026-03-01T10:55:01.050+01:00 DEBUG 4700 --- [api-gateway] [beatExecutor-%d] o.s.web.client.RestTemplate              : HTTP PUT http://localhost:8071/eureka/apps/API-GATEWAY/localhost:api-gateway:8088?status=UP&lastDirtyTimestamp=1772355718027
2026-03-01T10:55:01.050+01:00 DEBUG 4700 --- [api-gateway] [beatExecutor-%d] o.s.web.client.RestTemplate              : Accept=[application/json, application/*+json]
2026-03-01T10:55:01.067+01:00 DEBUG 4700 --- [api-gateway] [beatExecutor-%d] o.s.web.client.RestTemplate              : Response 200 OK
2026-03-01T10:55:01.735+01:00 DEBUG 4700 --- [api-gateway] [reshExecutor-%d] o.s.web.client.RestTemplate              : HTTP GET http://localhost:8071/eureka/apps/delta
2026-03-01T10:55:01.736+01:00 DEBUG 4700 --- [api-gateway] [reshExecutor-%d] o.s.web.client.RestTemplate              : Accept=[application/json, application/*+json]
2026-03-01T10:55:01.753+01:00 DEBUG 4700 --- [api-gateway] [reshExecutor-%d] o.s.web.client.RestTemplate              : Response 200 OK
2026-03-01T10:55:01.753+01:00 DEBUG 4700 --- [api-gateway] [reshExecutor-%d] o.s.web.client.RestTemplate              : Reading to [org.springframework.cloud.netflix.eureka.http.EurekaApplications]
2026-03-01T10:55:31.150+01:00 DEBUG 4700 --- [api-gateway] [beatExecutor-%d] o.s.web.client.RestTemplate              : HTTP PUT http://localhost:8071/eureka/apps/API-GATEWAY/localhost:api-gateway:8088?status=UP&lastDirtyTimestamp=1772355718027
2026-03-01T10:55:31.171+01:00 DEBUG 4700 --- [api-gateway] [beatExecutor-%d] o.s.web.client.RestTemplate              : Accept=[application/json, application/*+json]
2026-03-01T10:55:31.180+01:00 DEBUG 4700 --- [api-gateway] [beatExecutor-%d] o.s.web.client.RestTemplate              : Response 200 OK
2026-03-01T10:55:31.775+01:00 DEBUG 4700 --- [api-gateway] [reshExecutor-%d] o.s.web.client.RestTemplate              : HTTP GET http://localhost:8071/eureka/apps/delta
2026-03-01T10:55:31.775+01:00 DEBUG 4700 --- [api-gateway] [reshExecutor-%d] o.s.web.client.RestTemplate              : Accept=[application/json, application/*+json]
2026-03-01T10:55:31.790+01:00 DEBUG 4700 --- [api-gateway] [reshExecutor-%d] o.s.web.client.RestTemplate              : Response 200 OK
2026-03-01T10:55:31.792+01:00 DEBUG 4700 --- [api-gateway] [reshExecutor-%d] o.s.web.client.RestTemplate              : Reading to [org.springframework.cloud.netflix.eureka.http.EurekaApplications]
2026-03-01T10:56:01.185+01:00 DEBUG 4700 --- [api-gateway] [beatExecutor-%d] o.s.web.client.RestTemplate              : HTTP PUT http://localhost:8071/eureka/apps/API-GATEWAY/localhost:api-gateway:8088?status=UP&lastDirtyTimestamp=1772355718027
2026-03-01T10:56:01.185+01:00 DEBUG 4700 --- [api-gateway] [beatExecutor-%d] o.s.web.client.RestTemplate              : Accept=[application/json, application/*+json]
2026-03-01T10:56:01.202+01:00 DEBUG 4700 --- [api-gateway] [beatExecutor-%d] o.s.web.client.RestTemplate              : Response 200 OK
2026-03-01T10:56:01.806+01:00 DEBUG 4700 --- [api-gateway] [reshExecutor-%d] o.s.web.client.RestTemplate              : HTTP GET http://localhost:8071/eureka/apps/delta
2026-03-01T10:56:01.806+01:00 DEBUG 4700 --- [api-gateway] [reshExecutor-%d] o.s.web.client.RestTemplate              : Accept=[application/json, application/*+json]
2026-03-01T10:56:01.824+01:00 DEBUG 4700 --- [api-gateway] [reshExecutor-%d] o.s.web.client.RestTemplate              : Response 200 OK
2026-03-01T10:56:01.824+01:00 DEBUG 4700 --- [api-gateway] [reshExecutor-%d] o.s.web.client.RestTemplate              : Reading to [org.springframework.cloud.netflix.eureka.http.EurekaApplications]
2026-03-01T10:56:31.213+01:00 DEBUG 4700 --- [api-gateway] [beatExecutor-%d] o.s.web.client.RestTemplate              : HTTP PUT http://localhost:8071/eureka/apps/API-GATEWAY/localhost:api-gateway:8088?status=UP&lastDirtyTimestamp=1772355718027
2026-03-01T10:56:31.213+01:00 DEBUG 4700 --- [api-gateway] [beatExecutor-%d] o.s.web.client.RestTemplate              : Accept=[application/json, application/*+json]
2026-03-01T10:56:31.230+01:00 DEBUG 4700 --- [api-gateway] [beatExecutor-%d] o.s.web.client.RestTemplate              : Response 200 OK
2026-03-01T10:56:31.836+01:00 DEBUG 4700 --- [api-gateway] [reshExecutor-%d] o.s.web.client.RestTemplate              : HTTP GET http://localhost:8071/eureka/apps/delta
2026-03-01T10:56:31.837+01:00 DEBUG 4700 --- [api-gateway] [reshExecutor-%d] o.s.web.client.RestTemplate              : Accept=[application/json, application/*+json]
2026-03-01T10:56:31.854+01:00 DEBUG 4700 --- [api-gateway] [reshExecutor-%d] o.s.web.client.RestTemplate              : Response 200 OK
2026-03-01T10:56:31.855+01:00 DEBUG 4700 --- [api-gateway] [reshExecutor-%d] o.s.web.client.RestTemplate              : Reading to [org.springframework.cloud.netflix.eureka.http.EurekaApplications]
2026-03-01T10:56:57.675+01:00  INFO 4700 --- [api-gateway] [rap-executor-%d] c.n.d.s.r.aws.ConfigClusterResolver      : Resolving eureka endpoints via configuration
2026-03-01T10:57:01.240+01:00 DEBUG 4700 --- [api-gateway] [beatExecutor-%d] o.s.web.client.RestTemplate              : HTTP PUT http://localhost:8071/eureka/apps/API-GATEWAY/localhost:api-gateway:8088?status=UP&lastDirtyTimestamp=1772355718027
2026-03-01T10:57:01.251+01:00 DEBUG 4700 --- [api-gateway] [beatExecutor-%d] o.s.web.client.RestTemplate              : Accept=[application/json, application/*+json]
2026-03-01T10:57:01.258+01:00 DEBUG 4700 --- [api-gateway] [beatExecutor-%d] o.s.web.client.RestTemplate              : Response 200 OK
2026-03-01T10:57:01.866+01:00 DEBUG 4700 --- [api-gateway] [reshExecutor-%d] o.s.web.client.RestTemplate              : HTTP GET http://localhost:8071/eureka/apps/delta
2026-03-01T10:57:01.876+01:00 DEBUG 4700 --- [api-gateway] [reshExecutor-%d] o.s.web.client.RestTemplate              : Accept=[application/json, application/*+json]
2026-03-01T10:57:01.883+01:00 DEBUG 4700 --- [api-gateway] [reshExecutor-%d] o.s.web.client.RestTemplate              : Response 200 OK
2026-03-01T10:57:01.884+01:00 DEBUG 4700 --- [api-gateway] [reshExecutor-%d] o.s.web.client.RestTemplate              : Reading to [org.springframework.cloud.netflix.eureka.http.EurekaApplications]
2026-03-01T10:57:31.264+01:00 DEBUG 4700 --- [api-gateway] [beatExecutor-%d] o.s.web.client.RestTemplate              : HTTP PUT http://localhost:8071/eureka/apps/API-GATEWAY/localhost:api-gateway:8088?status=UP&lastDirtyTimestamp=1772355718027
2026-03-01T10:57:31.265+01:00 DEBUG 4700 --- [api-gateway] [beatExecutor-%d] o.s.web.client.RestTemplate              : Accept=[application/json, application/*+json]
2026-03-01T10:57:31.282+01:00 DEBUG 4700 --- [api-gateway] [beatExecutor-%d] o.s.web.client.RestTemplate              : Response 200 OK
2026-03-01T10:57:31.905+01:00 DEBUG 4700 --- [api-gateway] [reshExecutor-%d] o.s.web.client.RestTemplate              : HTTP GET http://localhost:8071/eureka/apps/delta
2026-03-01T10:57:31.905+01:00 DEBUG 4700 --- [api-gateway] [reshExecutor-%d] o.s.web.client.RestTemplate              : Accept=[application/json, application/*+json]
2026-03-01T10:57:31.922+01:00 DEBUG 4700 --- [api-gateway] [reshExecutor-%d] o.s.web.client.RestTemplate              : Response 200 OK
2026-03-01T10:57:31.923+01:00 DEBUG 4700 --- [api-gateway] [reshExecutor-%d] o.s.web.client.RestTemplate              : Reading to [org.springframework.cloud.netflix.eureka.http.EurekaApplications]
2026-03-01T10:58:01.289+01:00 DEBUG 4700 --- [api-gateway] [beatExecutor-%d] o.s.web.client.RestTemplate              : HTTP PUT http://localhost:8071/eureka/apps/API-GATEWAY/localhost:api-gateway:8088?status=UP&lastDirtyTimestamp=1772355718027
2026-03-01T10:58:01.290+01:00 DEBUG 4700 --- [api-gateway] [beatExecutor-%d] o.s.web.client.RestTemplate              : Accept=[application/json, application/*+json]
2026-03-01T10:58:01.307+01:00 DEBUG 4700 --- [api-gateway] [beatExecutor-%d] o.s.web.client.RestTemplate              : Response 200 OK
2026-03-01T10:58:01.944+01:00 DEBUG 4700 --- [api-gateway] [reshExecutor-%d] o.s.web.client.RestTemplate              : HTTP GET http://localhost:8071/eureka/apps/delta
2026-03-01T10:58:01.954+01:00 DEBUG 4700 --- [api-gateway] [reshExecutor-%d] o.s.web.client.RestTemplate              : Accept=[application/json, application/*+json]
2026-03-01T10:58:01.961+01:00 DEBUG 4700 --- [api-gateway] [reshExecutor-%d] o.s.web.client.RestTemplate              : Response 200 OK
2026-03-01T10:58:01.961+01:00 DEBUG 4700 --- [api-gateway] [reshExecutor-%d] o.s.web.client.RestTemplate              : Reading to [org.springframework.cloud.netflix.eureka.http.EurekaApplications]
2026-03-01T10:58:31.317+01:00 DEBUG 4700 --- [api-gateway] [beatExecutor-%d] o.s.web.client.RestTemplate              : HTTP PUT http://localhost:8071/eureka/apps/API-GATEWAY/localhost:api-gateway:8088?status=UP&lastDirtyTimestamp=1772355718027
2026-03-01T10:58:31.318+01:00 DEBUG 4700 --- [api-gateway] [beatExecutor-%d] o.s.web.client.RestTemplate              : Accept=[application/json, application/*+json]
2026-03-01T10:58:31.333+01:00 DEBUG 4700 --- [api-gateway] [beatExecutor-%d] o.s.web.client.RestTemplate              : Response 200 OK
2026-03-01T10:58:31.981+01:00 DEBUG 4700 --- [api-gateway] [reshExecutor-%d] o.s.web.client.RestTemplate              : HTTP GET http://localhost:8071/eureka/apps/delta
2026-03-01T10:58:31.982+01:00 DEBUG 4700 --- [api-gateway] [reshExecutor-%d] o.s.web.client.RestTemplate              : Accept=[application/json, application/*+json]
2026-03-01T10:58:31.999+01:00 DEBUG 4700 --- [api-gateway] [reshExecutor-%d] o.s.web.client.RestTemplate              : Response 200 OK
2026-03-01T10:58:32.000+01:00 DEBUG 4700 --- [api-gateway] [reshExecutor-%d] o.s.web.client.RestTemplate              : Reading to [org.springframework.cloud.netflix.eureka.http.EurekaApplications]
2026-03-01T10:59:01.336+01:00 DEBUG 4700 --- [api-gateway] [beatExecutor-%d] o.s.web.client.RestTemplate              : HTTP PUT http://localhost:8071/eureka/apps/API-GATEWAY/localhost:api-gateway:8088?status=UP&lastDirtyTimestamp=1772355718027
2026-03-01T10:59:01.338+01:00 DEBUG 4700 --- [api-gateway] [beatExecutor-%d] o.s.web.client.RestTemplate              : Accept=[application/json, application/*+json]
2026-03-01T10:59:01.354+01:00 DEBUG 4700 --- [api-gateway] [beatExecutor-%d] o.s.web.client.RestTemplate              : Response 200 OK
2026-03-01T10:59:02.030+01:00 DEBUG 4700 --- [api-gateway] [reshExecutor-%d] o.s.web.client.RestTemplate              : HTTP GET http://localhost:8071/eureka/apps/delta
2026-03-01T10:59:02.041+01:00 DEBUG 4700 --- [api-gateway] [reshExecutor-%d] o.s.web.client.RestTemplate              : Accept=[application/json, application/*+json]
2026-03-01T10:59:02.047+01:00 DEBUG 4700 --- [api-gateway] [reshExecutor-%d] o.s.web.client.RestTemplate              : Response 200 OK
2026-03-01T10:59:02.048+01:00 DEBUG 4700 --- [api-gateway] [reshExecutor-%d] o.s.web.client.RestTemplate              : Reading to [org.springframework.cloud.netflix.eureka.http.EurekaApplications]
2026-03-01T10:59:31.369+01:00 DEBUG 4700 --- [api-gateway] [beatExecutor-%d] o.s.web.client.RestTemplate              : HTTP PUT http://localhost:8071/eureka/apps/API-GATEWAY/localhost:api-gateway:8088?status=UP&lastDirtyTimestamp=1772355718027
2026-03-01T10:59:31.369+01:00 DEBUG 4700 --- [api-gateway] [beatExecutor-%d] o.s.web.client.RestTemplate              : Accept=[application/json, application/*+json]
2026-03-01T10:59:31.388+01:00 DEBUG 4700 --- [api-gateway] [beatExecutor-%d] o.s.web.client.RestTemplate              : Response 200 OK
2026-03-01T10:59:32.066+01:00 DEBUG 4700 --- [api-gateway] [reshExecutor-%d] o.s.web.client.RestTemplate              : HTTP GET http://localhost:8071/eureka/apps/delta
2026-03-01T10:59:32.106+01:00 DEBUG 4700 --- [api-gateway] [reshExecutor-%d] o.s.web.client.RestTemplate              : Accept=[application/json, application/*+json]
2026-03-01T10:59:32.114+01:00 DEBUG 4700 --- [api-gateway] [reshExecutor-%d] o.s.web.client.RestTemplate              : Response 200 OK
2026-03-01T10:59:32.115+01:00 DEBUG 4700 --- [api-gateway] [reshExecutor-%d] o.s.web.client.RestTemplate              : Reading to [org.springframework.cloud.netflix.eureka.http.EurekaApplications]
2026-03-01T11:00:01.394+01:00 DEBUG 4700 --- [api-gateway] [beatExecutor-%d] o.s.web.client.RestTemplate              : HTTP PUT http://localhost:8071/eureka/apps/API-GATEWAY/localhost:api-gateway:8088?status=UP&lastDirtyTimestamp=1772355718027
2026-03-01T11:00:01.395+01:00 DEBUG 4700 --- [api-gateway] [beatExecutor-%d] o.s.web.client.RestTemplate              : Accept=[application/json, application/*+json]
2026-03-01T11:00:01.414+01:00 DEBUG 4700 --- [api-gateway] [beatExecutor-%d] o.s.web.client.RestTemplate              : Response 200 OK
2026-03-01T11:00:02.148+01:00 DEBUG 4700 --- [api-gateway] [reshExecutor-%d] o.s.web.client.RestTemplate              : HTTP GET http://localhost:8071/eureka/apps/delta
2026-03-01T11:00:02.148+01:00 DEBUG 4700 --- [api-gateway] [reshExecutor-%d] o.s.web.client.RestTemplate              : Accept=[application/json, application/*+json]
2026-03-01T11:00:02.159+01:00 DEBUG 4700 --- [api-gateway] [reshExecutor-%d] o.s.web.client.RestTemplate              : Response 200 OK
2026-03-01T11:00:02.159+01:00 DEBUG 4700 --- [api-gateway] [reshExecutor-%d] o.s.web.client.RestTemplate              : Reading to [org.springframework.cloud.netflix.eureka.http.EurekaApplications]
2026-03-01T11:00:31.424+01:00 DEBUG 4700 --- [api-gateway] [beatExecutor-%d] o.s.web.client.RestTemplate              : HTTP PUT http://localhost:8071/eureka/apps/API-GATEWAY/localhost:api-gateway:8088?status=UP&lastDirtyTimestamp=1772355718027
2026-03-01T11:00:31.424+01:00 DEBUG 4700 --- [api-gateway] [beatExecutor-%d] o.s.web.client.RestTemplate              : Accept=[application/json, application/*+json]
2026-03-01T11:00:31.440+01:00 DEBUG 4700 --- [api-gateway] [beatExecutor-%d] o.s.web.client.RestTemplate              : Response 200 OK
2026-03-01T11:00:32.198+01:00 DEBUG 4700 --- [api-gateway] [reshExecutor-%d] o.s.web.client.RestTemplate              : HTTP GET http://localhost:8071/eureka/apps/delta
2026-03-01T11:00:32.201+01:00 DEBUG 4700 --- [api-gateway] [reshExecutor-%d] o.s.web.client.RestTemplate              : Accept=[application/json, application/*+json]
2026-03-01T11:00:32.215+01:00 DEBUG 4700 --- [api-gateway] [reshExecutor-%d] o.s.web.client.RestTemplate              : Response 200 OK
2026-03-01T11:00:32.215+01:00 DEBUG 4700 --- [api-gateway] [reshExecutor-%d] o.s.web.client.RestTemplate              : Reading to [org.springframework.cloud.netflix.eureka.http.EurekaApplications]
2026-03-01T11:01:01.456+01:00 DEBUG 4700 --- [api-gateway] [beatExecutor-%d] o.s.web.client.RestTemplate              : HTTP PUT http://localhost:8071/eureka/apps/API-GATEWAY/localhost:api-gateway:8088?status=UP&lastDirtyTimestamp=1772355718027
2026-03-01T11:01:01.457+01:00 DEBUG 4700 --- [api-gateway] [beatExecutor-%d] o.s.web.client.RestTemplate              : Accept=[application/json, application/*+json]
2026-03-01T11:01:01.473+01:00 DEBUG 4700 --- [api-gateway] [beatExecutor-%d] o.s.web.client.RestTemplate              : Response 200 OK
2026-03-01T11:01:02.280+01:00 DEBUG 4700 --- [api-gateway] [reshExecutor-%d] o.s.web.client.RestTemplate              : HTTP GET http://localhost:8071/eureka/apps/delta
2026-03-01T11:01:02.281+01:00 DEBUG 4700 --- [api-gateway] [reshExecutor-%d] o.s.web.client.RestTemplate              : Accept=[application/json, application/*+json]
2026-03-01T11:01:02.299+01:00 DEBUG 4700 --- [api-gateway] [reshExecutor-%d] o.s.web.client.RestTemplate              : Response 200 OK
2026-03-01T11:01:02.299+01:00 DEBUG 4700 --- [api-gateway] [reshExecutor-%d] o.s.web.client.RestTemplate              : Reading to [org.springframework.cloud.netflix.eureka.http.EurekaApplications]
2026-03-01T11:01:31.478+01:00 DEBUG 4700 --- [api-gateway] [beatExecutor-%d] o.s.web.client.RestTemplate              : HTTP PUT http://localhost:8071/eureka/apps/API-GATEWAY/localhost:api-gateway:8088?status=UP&lastDirtyTimestamp=1772355718027
2026-03-01T11:01:31.488+01:00 DEBUG 4700 --- [api-gateway] [beatExecutor-%d] o.s.web.client.RestTemplate              : Accept=[application/json, application/*+json]
2026-03-01T11:01:31.494+01:00 DEBUG 4700 --- [api-gateway] [beatExecutor-%d] o.s.web.client.RestTemplate              : Response 200 OK
2026-03-01T11:01:32.319+01:00 DEBUG 4700 --- [api-gateway] [reshExecutor-%d] o.s.web.client.RestTemplate              : HTTP GET http://localhost:8071/eureka/apps/delta
2026-03-01T11:01:32.319+01:00 DEBUG 4700 --- [api-gateway] [reshExecutor-%d] o.s.web.client.RestTemplate              : Accept=[application/json, application/*+json]
2026-03-01T11:01:32.337+01:00 DEBUG 4700 --- [api-gateway] [reshExecutor-%d] o.s.web.client.RestTemplate              : Response 200 OK
2026-03-01T11:01:32.337+01:00 DEBUG 4700 --- [api-gateway] [reshExecutor-%d] o.s.web.client.RestTemplate              : Reading to [org.springframework.cloud.netflix.eureka.http.EurekaApplications]
2026-03-01T11:01:57.685+01:00  INFO 4700 --- [api-gateway] [rap-executor-%d] c.n.d.s.r.aws.ConfigClusterResolver      : Resolving eureka endpoints via configuration
2026-03-01T11:02:01.501+01:00 DEBUG 4700 --- [api-gateway] [beatExecutor-%d] o.s.web.client.RestTemplate              : HTTP PUT http://localhost:8071/eureka/apps/API-GATEWAY/localhost:api-gateway:8088?status=UP&lastDirtyTimestamp=1772355718027
2026-03-01T11:02:01.501+01:00 DEBUG 4700 --- [api-gateway] [beatExecutor-%d] o.s.web.client.RestTemplate              : Accept=[application/json, application/*+json]
2026-03-01T11:02:01.519+01:00 DEBUG 4700 --- [api-gateway] [beatExecutor-%d] o.s.web.client.RestTemplate              : Response 200 OK
2026-03-01T11:02:02.355+01:00 DEBUG 4700 --- [api-gateway] [reshExecutor-%d] o.s.web.client.RestTemplate              : HTTP GET http://localhost:8071/eureka/apps/delta
2026-03-01T11:02:02.365+01:00 DEBUG 4700 --- [api-gateway] [reshExecutor-%d] o.s.web.client.RestTemplate              : Accept=[application/json, application/*+json]
2026-03-01T11:02:02.374+01:00 DEBUG 4700 --- [api-gateway] [reshExecutor-%d] o.s.web.client.RestTemplate              : Response 200 OK
2026-03-01T11:02:02.375+01:00 DEBUG 4700 --- [api-gateway] [reshExecutor-%d] o.s.web.client.RestTemplate              : Reading to [org.springframework.cloud.netflix.eureka.http.EurekaApplications]
2026-03-01T11:02:31.532+01:00 DEBUG 4700 --- [api-gateway] [beatExecutor-%d] o.s.web.client.RestTemplate              : HTTP PUT http://localhost:8071/eureka/apps/API-GATEWAY/localhost:api-gateway:8088?status=UP&lastDirtyTimestamp=1772355718027
2026-03-01T11:02:31.533+01:00 DEBUG 4700 --- [api-gateway] [beatExecutor-%d] o.s.web.client.RestTemplate              : Accept=[application/json, application/*+json]
2026-03-01T11:02:31.550+01:00 DEBUG 4700 --- [api-gateway] [beatExecutor-%d] o.s.web.client.RestTemplate              : Response 200 OK
2026-03-01T11:02:32.388+01:00 DEBUG 4700 --- [api-gateway] [reshExecutor-%d] o.s.web.client.RestTemplate              : HTTP GET http://localhost:8071/eureka/apps/delta
2026-03-01T11:02:32.398+01:00 DEBUG 4700 --- [api-gateway] [reshExecutor-%d] o.s.web.client.RestTemplate              : Accept=[application/json, application/*+json]
2026-03-01T11:02:32.404+01:00 DEBUG 4700 --- [api-gateway] [reshExecutor-%d] o.s.web.client.RestTemplate              : Response 200 OK
2026-03-01T11:02:32.404+01:00 DEBUG 4700 --- [api-gateway] [reshExecutor-%d] o.s.web.client.RestTemplate              : Reading to [org.springframework.cloud.netflix.eureka.http.EurekaApplications]
2026-03-01T11:03:01.556+01:00 DEBUG 4700 --- [api-gateway] [beatExecutor-%d] o.s.web.client.RestTemplate              : HTTP PUT http://localhost:8071/eureka/apps/API-GATEWAY/localhost:api-gateway:8088?status=UP&lastDirtyTimestamp=1772355718027
2026-03-01T11:03:01.567+01:00 DEBUG 4700 --- [api-gateway] [beatExecutor-%d] o.s.web.client.RestTemplate              : Accept=[application/json, application/*+json]
2026-03-01T11:03:01.574+01:00 DEBUG 4700 --- [api-gateway] [beatExecutor-%d] o.s.web.client.RestTemplate              : Response 200 OK
2026-03-01T11:03:02.426+01:00 DEBUG 4700 --- [api-gateway] [reshExecutor-%d] o.s.web.client.RestTemplate              : HTTP GET http://localhost:8071/eureka/apps/delta
2026-03-01T11:03:02.437+01:00 DEBUG 4700 --- [api-gateway] [reshExecutor-%d] o.s.web.client.RestTemplate              : Accept=[application/json, application/*+json]
2026-03-01T11:03:02.444+01:00 DEBUG 4700 --- [api-gateway] [reshExecutor-%d] o.s.web.client.RestTemplate              : Response 200 OK
2026-03-01T11:03:02.444+01:00 DEBUG 4700 --- [api-gateway] [reshExecutor-%d] o.s.web.client.RestTemplate              : Reading to [org.springframework.cloud.netflix.eureka.http.EurekaApplications]
2026-03-01T11:03:31.586+01:00 DEBUG 4700 --- [api-gateway] [beatExecutor-%d] o.s.web.client.RestTemplate              : HTTP PUT http://localhost:8071/eureka/apps/API-GATEWAY/localhost:api-gateway:8088?status=UP&lastDirtyTimestamp=1772355718027
2026-03-01T11:03:31.587+01:00 DEBUG 4700 --- [api-gateway] [beatExecutor-%d] o.s.web.client.RestTemplate              : Accept=[application/json, application/*+json]
2026-03-01T11:03:31.604+01:00 DEBUG 4700 --- [api-gateway] [beatExecutor-%d] o.s.web.client.RestTemplate              : Response 200 OK
2026-03-01T11:03:32.456+01:00 DEBUG 4700 --- [api-gateway] [reshExecutor-%d] o.s.web.client.RestTemplate              : HTTP GET http://localhost:8071/eureka/apps/delta
2026-03-01T11:03:32.466+01:00 DEBUG 4700 --- [api-gateway] [reshExecutor-%d] o.s.web.client.RestTemplate              : Accept=[application/json, application/*+json]
2026-03-01T11:03:32.474+01:00 DEBUG 4700 --- [api-gateway] [reshExecutor-%d] o.s.web.client.RestTemplate              : Response 200 OK
2026-03-01T11:03:32.474+01:00 DEBUG 4700 --- [api-gateway] [reshExecutor-%d] o.s.web.client.RestTemplate              : Reading to [org.springframework.cloud.netflix.eureka.http.EurekaApplications]
2026-03-01T11:04:01.612+01:00 DEBUG 4700 --- [api-gateway] [beatExecutor-%d] o.s.web.client.RestTemplate              : HTTP PUT http://localhost:8071/eureka/apps/API-GATEWAY/localhost:api-gateway:8088?status=UP&lastDirtyTimestamp=1772355718027
2026-03-01T11:04:01.612+01:00 DEBUG 4700 --- [api-gateway] [beatExecutor-%d] o.s.web.client.RestTemplate              : Accept=[application/json, application/*+json]
2026-03-01T11:04:01.628+01:00 DEBUG 4700 --- [api-gateway] [beatExecutor-%d] o.s.web.client.RestTemplate              : Response 200 OK
2026-03-01T11:04:02.496+01:00 DEBUG 4700 --- [api-gateway] [reshExecutor-%d] o.s.web.client.RestTemplate              : HTTP GET http://localhost:8071/eureka/apps/delta
2026-03-01T11:04:02.497+01:00 DEBUG 4700 --- [api-gateway] [reshExecutor-%d] o.s.web.client.RestTemplate              : Accept=[application/json, application/*+json]
2026-03-01T11:04:02.517+01:00 DEBUG 4700 --- [api-gateway] [reshExecutor-%d] o.s.web.client.RestTemplate              : Response 200 OK
2026-03-01T11:04:02.517+01:00 DEBUG 4700 --- [api-gateway] [reshExecutor-%d] o.s.web.client.RestTemplate              : Reading to [org.springframework.cloud.netflix.eureka.http.EurekaApplications]
2026-03-01T11:04:31.638+01:00 DEBUG 4700 --- [api-gateway] [beatExecutor-%d] o.s.web.client.RestTemplate              : HTTP PUT http://localhost:8071/eureka/apps/API-GATEWAY/localhost:api-gateway:8088?status=UP&lastDirtyTimestamp=1772355718027
2026-03-01T11:04:31.648+01:00 DEBUG 4700 --- [api-gateway] [beatExecutor-%d] o.s.web.client.RestTemplate              : Accept=[application/json, application/*+json]
2026-03-01T11:04:31.655+01:00 DEBUG 4700 --- [api-gateway] [beatExecutor-%d] o.s.web.client.RestTemplate              : Response 200 OK
2026-03-01T11:04:32.531+01:00 DEBUG 4700 --- [api-gateway] [reshExecutor-%d] o.s.web.client.RestTemplate              : HTTP GET http://localhost:8071/eureka/apps/delta
2026-03-01T11:04:32.531+01:00 DEBUG 4700 --- [api-gateway] [reshExecutor-%d] o.s.web.client.RestTemplate              : Accept=[application/json, application/*+json]
2026-03-01T11:04:32.548+01:00 DEBUG 4700 --- [api-gateway] [reshExecutor-%d] o.s.web.client.RestTemplate              : Response 200 OK
2026-03-01T11:04:32.550+01:00 DEBUG 4700 --- [api-gateway] [reshExecutor-%d] o.s.web.client.RestTemplate              : Reading to [org.springframework.cloud.netflix.eureka.http.EurekaApplications]
2026-03-01T11:05:01.657+01:00 DEBUG 4700 --- [api-gateway] [beatExecutor-%d] o.s.web.client.RestTemplate              : HTTP PUT http://localhost:8071/eureka/apps/API-GATEWAY/localhost:api-gateway:8088?status=UP&lastDirtyTimestamp=1772355718027
2026-03-01T11:05:01.658+01:00 DEBUG 4700 --- [api-gateway] [beatExecutor-%d] o.s.web.client.RestTemplate              : Accept=[application/json, application/*+json]
2026-03-01T11:05:01.676+01:00 DEBUG 4700 --- [api-gateway] [beatExecutor-%d] o.s.web.client.RestTemplate              : Response 200 OK
2026-03-01T11:05:02.572+01:00 DEBUG 4700 --- [api-gateway] [reshExecutor-%d] o.s.web.client.RestTemplate              : HTTP GET http://localhost:8071/eureka/apps/delta
2026-03-01T11:05:02.573+01:00 DEBUG 4700 --- [api-gateway] [reshExecutor-%d] o.s.web.client.RestTemplate              : Accept=[application/json, application/*+json]
2026-03-01T11:05:02.592+01:00 DEBUG 4700 --- [api-gateway] [reshExecutor-%d] o.s.web.client.RestTemplate              : Response 200 OK
2026-03-01T11:05:02.592+01:00 DEBUG 4700 --- [api-gateway] [reshExecutor-%d] o.s.web.client.RestTemplate              : Reading to [org.springframework.cloud.netflix.eureka.http.EurekaApplications]
2026-03-01T11:05:31.680+01:00 DEBUG 4700 --- [api-gateway] [beatExecutor-%d] o.s.web.client.RestTemplate              : HTTP PUT http://localhost:8071/eureka/apps/API-GATEWAY/localhost:api-gateway:8088?status=UP&lastDirtyTimestamp=1772355718027
2026-03-01T11:05:31.708+01:00 DEBUG 4700 --- [api-gateway] [beatExecutor-%d] o.s.web.client.RestTemplate              : Accept=[application/json, application/*+json]
2026-03-01T11:05:31.795+01:00 DEBUG 4700 --- [api-gateway] [beatExecutor-%d] o.s.web.client.RestTemplate              : Response 200 OK
2026-03-01T11:05:32.626+01:00 DEBUG 4700 --- [api-gateway] [reshExecutor-%d] o.s.web.client.RestTemplate              : HTTP GET http://localhost:8071/eureka/apps/delta
2026-03-01T11:05:32.626+01:00 DEBUG 4700 --- [api-gateway] [reshExecutor-%d] o.s.web.client.RestTemplate              : Accept=[application/json, application/*+json]
2026-03-01T11:05:32.647+01:00 DEBUG 4700 --- [api-gateway] [reshExecutor-%d] o.s.web.client.RestTemplate              : Response 200 OK
2026-03-01T11:05:32.648+01:00 DEBUG 4700 --- [api-gateway] [reshExecutor-%d] o.s.web.client.RestTemplate              : Reading to [org.springframework.cloud.netflix.eureka.http.EurekaApplications]
2026-03-01T11:06:01.824+01:00 DEBUG 4700 --- [api-gateway] [beatExecutor-%d] o.s.web.client.RestTemplate              : HTTP PUT http://localhost:8071/eureka/apps/API-GATEWAY/localhost:api-gateway:8088?status=UP&lastDirtyTimestamp=1772355718027
2026-03-01T11:06:01.825+01:00 DEBUG 4700 --- [api-gateway] [beatExecutor-%d] o.s.web.client.RestTemplate              : Accept=[application/json, application/*+json]
2026-03-01T11:06:01.842+01:00 DEBUG 4700 --- [api-gateway] [beatExecutor-%d] o.s.web.client.RestTemplate              : Response 200 OK
2026-03-01T11:06:02.671+01:00 DEBUG 4700 --- [api-gateway] [reshExecutor-%d] o.s.web.client.RestTemplate              : HTTP GET http://localhost:8071/eureka/apps/delta
2026-03-01T11:06:02.672+01:00 DEBUG 4700 --- [api-gateway] [reshExecutor-%d] o.s.web.client.RestTemplate              : Accept=[application/json, application/*+json]
2026-03-01T11:06:02.685+01:00 DEBUG 4700 --- [api-gateway] [reshExecutor-%d] o.s.web.client.RestTemplate              : Response 200 OK
2026-03-01T11:06:02.685+01:00 DEBUG 4700 --- [api-gateway] [reshExecutor-%d] o.s.web.client.RestTemplate              : Reading to [org.springframework.cloud.netflix.eureka.http.EurekaApplications]
2026-03-01T11:06:31.847+01:00 DEBUG 4700 --- [api-gateway] [beatExecutor-%d] o.s.web.client.RestTemplate              : HTTP PUT http://localhost:8071/eureka/apps/API-GATEWAY/localhost:api-gateway:8088?status=UP&lastDirtyTimestamp=1772355718027
2026-03-01T11:06:31.849+01:00 DEBUG 4700 --- [api-gateway] [beatExecutor-%d] o.s.web.client.RestTemplate              : Accept=[application/json, application/*+json]
2026-03-01T11:06:31.865+01:00 DEBUG 4700 --- [api-gateway] [beatExecutor-%d] o.s.web.client.RestTemplate              : Response 200 OK
2026-03-01T11:06:32.719+01:00 DEBUG 4700 --- [api-gateway] [reshExecutor-%d] o.s.web.client.RestTemplate              : HTTP GET http://localhost:8071/eureka/apps/delta
2026-03-01T11:06:32.719+01:00 DEBUG 4700 --- [api-gateway] [reshExecutor-%d] o.s.web.client.RestTemplate              : Accept=[application/json, application/*+json]
2026-03-01T11:06:32.738+01:00 DEBUG 4700 --- [api-gateway] [reshExecutor-%d] o.s.web.client.RestTemplate              : Response 200 OK
2026-03-01T11:06:32.739+01:00 DEBUG 4700 --- [api-gateway] [reshExecutor-%d] o.s.web.client.RestTemplate              : Reading to [org.springframework.cloud.netflix.eureka.http.EurekaApplications]
2026-03-01T11:06:57.701+01:00  INFO 4700 --- [api-gateway] [rap-executor-%d] c.n.d.s.r.aws.ConfigClusterResolver      : Resolving eureka endpoints via configuration
2026-03-01T11:07:01.881+01:00 DEBUG 4700 --- [api-gateway] [beatExecutor-%d] o.s.web.client.RestTemplate              : HTTP PUT http://localhost:8071/eureka/apps/API-GATEWAY/localhost:api-gateway:8088?status=UP&lastDirtyTimestamp=1772355718027
2026-03-01T11:07:01.882+01:00 DEBUG 4700 --- [api-gateway] [beatExecutor-%d] o.s.web.client.RestTemplate              : Accept=[application/json, application/*+json]
2026-03-01T11:07:01.900+01:00 DEBUG 4700 --- [api-gateway] [beatExecutor-%d] o.s.web.client.RestTemplate              : Response 200 OK
2026-03-01T11:07:02.758+01:00 DEBUG 4700 --- [api-gateway] [reshExecutor-%d] o.s.web.client.RestTemplate              : HTTP GET http://localhost:8071/eureka/apps/delta
2026-03-01T11:07:02.759+01:00 DEBUG 4700 --- [api-gateway] [reshExecutor-%d] o.s.web.client.RestTemplate              : Accept=[application/json, application/*+json]
2026-03-01T11:07:02.775+01:00 DEBUG 4700 --- [api-gateway] [reshExecutor-%d] o.s.web.client.RestTemplate              : Response 200 OK
2026-03-01T11:07:02.776+01:00 DEBUG 4700 --- [api-gateway] [reshExecutor-%d] o.s.web.client.RestTemplate              : Reading to [org.springframework.cloud.netflix.eureka.http.EurekaApplications]
2026-03-01T11:07:31.905+01:00 DEBUG 4700 --- [api-gateway] [beatExecutor-%d] o.s.web.client.RestTemplate              : HTTP PUT http://localhost:8071/eureka/apps/API-GATEWAY/localhost:api-gateway:8088?status=UP&lastDirtyTimestamp=1772355718027
2026-03-01T11:07:31.906+01:00 DEBUG 4700 --- [api-gateway] [beatExecutor-%d] o.s.web.client.RestTemplate              : Accept=[application/json, application/*+json]
2026-03-01T11:07:31.925+01:00 DEBUG 4700 --- [api-gateway] [beatExecutor-%d] o.s.web.client.RestTemplate              : Response 200 OK
2026-03-01T11:07:32.794+01:00 DEBUG 4700 --- [api-gateway] [reshExecutor-%d] o.s.web.client.RestTemplate              : HTTP GET http://localhost:8071/eureka/apps/delta
2026-03-01T11:07:32.794+01:00 DEBUG 4700 --- [api-gateway] [reshExecutor-%d] o.s.web.client.RestTemplate              : Accept=[application/json, application/*+json]
2026-03-01T11:07:32.812+01:00 DEBUG 4700 --- [api-gateway] [reshExecutor-%d] o.s.web.client.RestTemplate              : Response 200 OK
2026-03-01T11:07:32.813+01:00 DEBUG 4700 --- [api-gateway] [reshExecutor-%d] o.s.web.client.RestTemplate              : Reading to [org.springframework.cloud.netflix.eureka.http.EurekaApplications]
2026-03-01T11:08:01.937+01:00 DEBUG 4700 --- [api-gateway] [beatExecutor-%d] o.s.web.client.RestTemplate              : HTTP PUT http://localhost:8071/eureka/apps/API-GATEWAY/localhost:api-gateway:8088?status=UP&lastDirtyTimestamp=1772355718027
2026-03-01T11:08:01.937+01:00 DEBUG 4700 --- [api-gateway] [beatExecutor-%d] o.s.web.client.RestTemplate              : Accept=[application/json, application/*+json]
2026-03-01T11:08:01.958+01:00 DEBUG 4700 --- [api-gateway] [beatExecutor-%d] o.s.web.client.RestTemplate              : Response 200 OK
2026-03-01T11:08:02.827+01:00 DEBUG 4700 --- [api-gateway] [reshExecutor-%d] o.s.web.client.RestTemplate              : HTTP GET http://localhost:8071/eureka/apps/delta
2026-03-01T11:08:02.830+01:00 DEBUG 4700 --- [api-gateway] [reshExecutor-%d] o.s.web.client.RestTemplate              : Accept=[application/json, application/*+json]
2026-03-01T11:08:02.846+01:00 DEBUG 4700 --- [api-gateway] [reshExecutor-%d] o.s.web.client.RestTemplate              : Response 200 OK
2026-03-01T11:08:02.848+01:00 DEBUG 4700 --- [api-gateway] [reshExecutor-%d] o.s.web.client.RestTemplate              : Reading to [org.springframework.cloud.netflix.eureka.http.EurekaApplications]
2026-03-01T11:08:31.978+01:00 DEBUG 4700 --- [api-gateway] [beatExecutor-%d] o.s.web.client.RestTemplate              : HTTP PUT http://localhost:8071/eureka/apps/API-GATEWAY/localhost:api-gateway:8088?status=UP&lastDirtyTimestamp=1772355718027
2026-03-01T11:08:31.981+01:00 DEBUG 4700 --- [api-gateway] [beatExecutor-%d] o.s.web.client.RestTemplate              : Accept=[application/json, application/*+json]
2026-03-01T11:08:31.989+01:00 DEBUG 4700 --- [api-gateway] [beatExecutor-%d] o.s.web.client.RestTemplate              : Response 200 OK
2026-03-01T11:08:32.878+01:00 DEBUG 4700 --- [api-gateway] [reshExecutor-%d] o.s.web.client.RestTemplate              : HTTP GET http://localhost:8071/eureka/apps/delta
2026-03-01T11:08:32.878+01:00 DEBUG 4700 --- [api-gateway] [reshExecutor-%d] o.s.web.client.RestTemplate              : Accept=[application/json, application/*+json]
2026-03-01T11:08:32.896+01:00 DEBUG 4700 --- [api-gateway] [reshExecutor-%d] o.s.web.client.RestTemplate              : Response 200 OK
2026-03-01T11:08:32.896+01:00 DEBUG 4700 --- [api-gateway] [reshExecutor-%d] o.s.web.client.RestTemplate              : Reading to [org.springframework.cloud.netflix.eureka.http.EurekaApplications]
2026-03-01T11:08:48.644+01:00 DEBUG 4700 --- [api-gateway] [ctor-http-nio-7] o.s.w.s.adapter.HttpWebHandlerAdapter    : [3028c0f1-8] HTTP POST "/api/auth/face/signin"
2026-03-01T11:08:48.686+01:00 DEBUG 4700 --- [api-gateway] [     parallel-9] o.s.w.s.s.DefaultWebSessionManager       : Created new WebSession.
2026-03-01T11:08:49.093+01:00 DEBUG 4700 --- [api-gateway] [ctor-http-nio-7] o.s.w.s.adapter.HttpWebHandlerAdapter    : [3028c0f1-8] Completed 500 INTERNAL_SERVER_ERROR
2026-03-01T11:09:01.998+01:00 DEBUG 4700 --- [api-gateway] [beatExecutor-%d] o.s.web.client.RestTemplate              : HTTP PUT http://localhost:8071/eureka/apps/API-GATEWAY/localhost:api-gateway:8088?status=UP&lastDirtyTimestamp=1772355718027
2026-03-01T11:09:01.998+01:00 DEBUG 4700 --- [api-gateway] [beatExecutor-%d] o.s.web.client.RestTemplate              : Accept=[application/json, application/*+json]
2026-03-01T11:09:02.016+01:00 DEBUG 4700 --- [api-gateway] [beatExecutor-%d] o.s.web.client.RestTemplate              : Response 200 OK
2026-03-01T11:09:02.972+01:00 DEBUG 4700 --- [api-gateway] [reshExecutor-%d] o.s.web.client.RestTemplate              : HTTP GET http://localhost:8071/eureka/apps/delta
2026-03-01T11:09:02.973+01:00 DEBUG 4700 --- [api-gateway] [reshExecutor-%d] o.s.web.client.RestTemplate              : Accept=[application/json, application/*+json]
2026-03-01T11:09:02.991+01:00 DEBUG 4700 --- [api-gateway] [reshExecutor-%d] o.s.web.client.RestTemplate              : Response 200 OK
2026-03-01T11:09:02.991+01:00 DEBUG 4700 --- [api-gateway] [reshExecutor-%d] o.s.web.client.RestTemplate              : Reading to [org.springframework.cloud.netflix.eureka.http.EurekaApplications]
2026-03-01T11:09:28.133+01:00 DEBUG 4700 --- [api-gateway] [ctor-http-nio-9] o.s.w.s.adapter.HttpWebHandlerAdapter    : [c934ad95-9] HTTP OPTIONS "/api/auth/signin"
2026-03-01T11:09:28.137+01:00 DEBUG 4700 --- [api-gateway] [    parallel-11] o.s.w.s.s.DefaultWebSessionManager       : Created new WebSession.
2026-03-01T11:09:28.141+01:00 DEBUG 4700 --- [api-gateway] [    parallel-11] o.s.w.s.adapter.HttpWebHandlerAdapter    : [c934ad95-9] Completed 200 OK
2026-03-01T11:09:28.152+01:00 DEBUG 4700 --- [api-gateway] [ctor-http-nio-9] o.s.w.s.adapter.HttpWebHandlerAdapter    : [c934ad95-10] HTTP POST "/api/auth/signin"
2026-03-01T11:09:28.160+01:00 DEBUG 4700 --- [api-gateway] [    parallel-12] o.s.w.s.s.DefaultWebSessionManager       : Created new WebSession.
2026-03-01T11:09:30.672+01:00 DEBUG 4700 --- [api-gateway] [ctor-http-nio-9] o.s.w.s.adapter.HttpWebHandlerAdapter    : [c934ad95-10] Completed 200 OK
2026-03-01T11:09:30.860+01:00 DEBUG 4700 --- [api-gateway] [ctor-http-nio-9] o.s.w.s.adapter.HttpWebHandlerAdapter    : [c934ad95-11] HTTP OPTIONS "/api/users/30"
2026-03-01T11:09:30.862+01:00 DEBUG 4700 --- [api-gateway] [    parallel-14] o.s.w.s.s.DefaultWebSessionManager       : Created new WebSession.
2026-03-01T11:09:30.864+01:00 DEBUG 4700 --- [api-gateway] [    parallel-14] o.s.w.s.adapter.HttpWebHandlerAdapter    : [c934ad95-11] Completed 200 OK
2026-03-01T11:09:30.872+01:00 DEBUG 4700 --- [api-gateway] [ctor-http-nio-9] o.s.w.s.adapter.HttpWebHandlerAdapter    : [c934ad95-12] HTTP GET "/api/users/30"
2026-03-01T11:09:30.916+01:00 DEBUG 4700 --- [api-gateway] [    parallel-15] o.s.w.s.s.DefaultWebSessionManager       : Created new WebSession.
2026-03-01T11:09:31.340+01:00 DEBUG 4700 --- [api-gateway] [ctor-http-nio-9] o.s.w.s.adapter.HttpWebHandlerAdapter    : [c934ad95-12] Completed 200 OK
2026-03-01T11:09:31.362+01:00 DEBUG 4700 --- [api-gateway] [ctor-http-nio-9] o.s.w.s.adapter.HttpWebHandlerAdapter    : [c934ad95-13] HTTP OPTIONS "/api/warnings/user/30"
2026-03-01T11:09:31.364+01:00 DEBUG 4700 --- [api-gateway] [    parallel-16] o.s.w.s.s.DefaultWebSessionManager       : Created new WebSession.
2026-03-01T11:09:31.366+01:00 DEBUG 4700 --- [api-gateway] [tor-http-nio-11] o.s.w.s.adapter.HttpWebHandlerAdapter    : [c28c3aad-14] HTTP OPTIONS "/api/ban-appeals/user/30"
2026-03-01T11:09:31.366+01:00 DEBUG 4700 --- [api-gateway] [    parallel-16] o.s.w.s.adapter.HttpWebHandlerAdapter    : [c934ad95-13] Completed 200 OK
2026-03-01T11:09:31.370+01:00 DEBUG 4700 --- [api-gateway] [     parallel-1] o.s.w.s.s.DefaultWebSessionManager       : Created new WebSession.
2026-03-01T11:09:31.371+01:00 DEBUG 4700 --- [api-gateway] [     parallel-1] o.s.w.s.adapter.HttpWebHandlerAdapter    : [c28c3aad-14] Completed 200 OK
2026-03-01T11:09:31.374+01:00 DEBUG 4700 --- [api-gateway] [ctor-http-nio-9] o.s.w.s.adapter.HttpWebHandlerAdapter    : [c934ad95-15] HTTP GET "/api/warnings/user/30"
2026-03-01T11:09:31.383+01:00 DEBUG 4700 --- [api-gateway] [     parallel-2] o.s.w.s.s.DefaultWebSessionManager       : Created new WebSession.
2026-03-01T11:09:31.384+01:00 DEBUG 4700 --- [api-gateway] [tor-http-nio-11] o.s.w.s.adapter.HttpWebHandlerAdapter    : [c28c3aad-16] HTTP GET "/api/ban-appeals/user/30"
2026-03-01T11:09:31.393+01:00 DEBUG 4700 --- [api-gateway] [     parallel-3] o.s.w.s.s.DefaultWebSessionManager       : Created new WebSession.
2026-03-01T11:09:31.435+01:00 DEBUG 4700 --- [api-gateway] [ctor-http-nio-9] o.s.w.s.adapter.HttpWebHandlerAdapter    : [c934ad95-15] Completed 200 OK
2026-03-01T11:09:31.442+01:00 DEBUG 4700 --- [api-gateway] [tor-http-nio-11] o.s.w.s.adapter.HttpWebHandlerAdapter    : [c28c3aad-16] Completed 200 OK
2026-03-01T11:09:32.023+01:00 DEBUG 4700 --- [api-gateway] [beatExecutor-%d] o.s.web.client.RestTemplate              : HTTP PUT http://localhost:8071/eureka/apps/API-GATEWAY/localhost:api-gateway:8088?status=UP&lastDirtyTimestamp=1772355718027
2026-03-01T11:09:32.024+01:00 DEBUG 4700 --- [api-gateway] [beatExecutor-%d] o.s.web.client.RestTemplate              : Accept=[application/json, application/*+json]
2026-03-01T11:09:32.040+01:00 DEBUG 4700 --- [api-gateway] [beatExecutor-%d] o.s.web.client.RestTemplate              : Response 200 OK
2026-03-01T11:09:33.008+01:00 DEBUG 4700 --- [api-gateway] [reshExecutor-%d] o.s.web.client.RestTemplate              : HTTP GET http://localhost:8071/eureka/apps/delta
2026-03-01T11:09:33.008+01:00 DEBUG 4700 --- [api-gateway] [reshExecutor-%d] o.s.web.client.RestTemplate              : Accept=[application/json, application/*+json]
2026-03-01T11:09:33.025+01:00 DEBUG 4700 --- [api-gateway] [reshExecutor-%d] o.s.web.client.RestTemplate              : Response 200 OK
2026-03-01T11:09:33.026+01:00 DEBUG 4700 --- [api-gateway] [reshExecutor-%d] o.s.web.client.RestTemplate              : Reading to [org.springframework.cloud.netflix.eureka.http.EurekaApplications]
2026-03-01T11:10:02.046+01:00 DEBUG 4700 --- [api-gateway] [beatExecutor-%d] o.s.web.client.RestTemplate              : HTTP PUT http://localhost:8071/eureka/apps/API-GATEWAY/localhost:api-gateway:8088?status=UP&lastDirtyTimestamp=1772355718027
2026-03-01T11:10:02.290+01:00 DEBUG 4700 --- [api-gateway] [beatExecutor-%d] o.s.web.client.RestTemplate              : Accept=[application/json, application/*+json]
2026-03-01T11:10:02.295+01:00 DEBUG 4700 --- [api-gateway] [beatExecutor-%d] o.s.web.client.RestTemplate              : Response 200 OK
2026-03-01T11:10:03.053+01:00 DEBUG 4700 --- [api-gateway] [reshExecutor-%d] o.s.web.client.RestTemplate              : HTTP GET http://localhost:8071/eureka/apps/delta
2026-03-01T11:10:03.054+01:00 DEBUG 4700 --- [api-gateway] [reshExecutor-%d] o.s.web.client.RestTemplate              : Accept=[application/json, application/*+json]
2026-03-01T11:10:03.074+01:00 DEBUG 4700 --- [api-gateway] [reshExecutor-%d] o.s.web.client.RestTemplate              : Response 200 OK
2026-03-01T11:10:03.074+01:00 DEBUG 4700 --- [api-gateway] [reshExecutor-%d] o.s.web.client.RestTemplate              : Reading to [org.springframework.cloud.netflix.eureka.http.EurekaApplications]
2026-03-01T11:10:32.300+01:00 DEBUG 4700 --- [api-gateway] [beatExecutor-%d] o.s.web.client.RestTemplate              : HTTP PUT http://localhost:8071/eureka/apps/API-GATEWAY/localhost:api-gateway:8088?status=UP&lastDirtyTimestamp=1772355718027
2026-03-01T11:10:32.300+01:00 DEBUG 4700 --- [api-gateway] [beatExecutor-%d] o.s.web.client.RestTemplate              : Accept=[application/json, application/*+json]
2026-03-01T11:10:32.318+01:00 DEBUG 4700 --- [api-gateway] [beatExecutor-%d] o.s.web.client.RestTemplate              : Response 200 OK
2026-03-01T11:10:33.092+01:00 DEBUG 4700 --- [api-gateway] [reshExecutor-%d] o.s.web.client.RestTemplate              : HTTP GET http://localhost:8071/eureka/apps/delta
2026-03-01T11:10:33.317+01:00 DEBUG 4700 --- [api-gateway] [reshExecutor-%d] o.s.web.client.RestTemplate              : Accept=[application/json, application/*+json]
2026-03-01T11:10:33.328+01:00 DEBUG 4700 --- [api-gateway] [reshExecutor-%d] o.s.web.client.RestTemplate              : Response 200 OK
2026-03-01T11:10:33.329+01:00 DEBUG 4700 --- [api-gateway] [reshExecutor-%d] o.s.web.client.RestTemplate              : Reading to [org.springframework.cloud.netflix.eureka.http.EurekaApplications]
2026-03-01T11:11:02.332+01:00 DEBUG 4700 --- [api-gateway] [beatExecutor-%d] o.s.web.client.RestTemplate              : HTTP PUT http://localhost:8071/eureka/apps/API-GATEWAY/localhost:api-gateway:8088?status=UP&lastDirtyTimestamp=1772355718027
2026-03-01T11:11:02.333+01:00 DEBUG 4700 --- [api-gateway] [beatExecutor-%d] o.s.web.client.RestTemplate              : Accept=[application/json, application/*+json]
2026-03-01T11:11:02.351+01:00 DEBUG 4700 --- [api-gateway] [beatExecutor-%d] o.s.web.client.RestTemplate              : Response 200 OK
2026-03-01T11:11:03.357+01:00 DEBUG 4700 --- [api-gateway] [reshExecutor-%d] o.s.web.client.RestTemplate              : HTTP GET http://localhost:8071/eureka/apps/delta
2026-03-01T11:11:03.394+01:00 DEBUG 4700 --- [api-gateway] [reshExecutor-%d] o.s.web.client.RestTemplate              : Accept=[application/json, application/*+json]
2026-03-01T11:11:03.407+01:00 DEBUG 4700 --- [api-gateway] [reshExecutor-%d] o.s.web.client.RestTemplate              : Response 200 OK
2026-03-01T11:11:03.409+01:00 DEBUG 4700 --- [api-gateway] [reshExecutor-%d] o.s.web.client.RestTemplate              : Reading to [org.springframework.cloud.netflix.eureka.http.EurekaApplications]
2026-03-01T11:11:32.355+01:00 DEBUG 4700 --- [api-gateway] [beatExecutor-%d] o.s.web.client.RestTemplate              : HTTP PUT http://localhost:8071/eureka/apps/API-GATEWAY/localhost:api-gateway:8088?status=UP&lastDirtyTimestamp=1772355718027
2026-03-01T11:11:32.355+01:00 DEBUG 4700 --- [api-gateway] [beatExecutor-%d] o.s.web.client.RestTemplate              : Accept=[application/json, application/*+json]
2026-03-01T11:11:32.375+01:00 DEBUG 4700 --- [api-gateway] [beatExecutor-%d] o.s.web.client.RestTemplate              : Response 200 OK
2026-03-01T11:11:33.436+01:00 DEBUG 4700 --- [api-gateway] [reshExecutor-%d] o.s.web.client.RestTemplate              : HTTP GET http://localhost:8071/eureka/apps/delta
2026-03-01T11:11:33.437+01:00 DEBUG 4700 --- [api-gateway] [reshExecutor-%d] o.s.web.client.RestTemplate              : Accept=[application/json, application/*+json]
2026-03-01T11:11:33.461+01:00 DEBUG 4700 --- [api-gateway] [reshExecutor-%d] o.s.web.client.RestTemplate              : Response 200 OK
2026-03-01T11:11:33.461+01:00 DEBUG 4700 --- [api-gateway] [reshExecutor-%d] o.s.web.client.RestTemplate              : Reading to [org.springframework.cloud.netflix.eureka.http.EurekaApplications]
2026-03-01T11:11:57.717+01:00  INFO 4700 --- [api-gateway] [rap-executor-%d] c.n.d.s.r.aws.ConfigClusterResolver      : Resolving eureka endpoints via configuration
2026-03-01T11:12:02.387+01:00 DEBUG 4700 --- [api-gateway] [beatExecutor-%d] o.s.web.client.RestTemplate              : HTTP PUT http://localhost:8071/eureka/apps/API-GATEWAY/localhost:api-gateway:8088?status=UP&lastDirtyTimestamp=1772355718027
2026-03-01T11:12:02.388+01:00 DEBUG 4700 --- [api-gateway] [beatExecutor-%d] o.s.web.client.RestTemplate              : Accept=[application/json, application/*+json]
2026-03-01T11:12:02.405+01:00 DEBUG 4700 --- [api-gateway] [beatExecutor-%d] o.s.web.client.RestTemplate              : Response 200 OK
2026-03-01T11:12:03.489+01:00 DEBUG 4700 --- [api-gateway] [reshExecutor-%d] o.s.web.client.RestTemplate              : HTTP GET http://localhost:8071/eureka/apps/delta
2026-03-01T11:12:03.834+01:00 DEBUG 4700 --- [api-gateway] [reshExecutor-%d] o.s.web.client.RestTemplate              : Accept=[application/json, application/*+json]
2026-03-01T11:12:03.847+01:00 DEBUG 4700 --- [api-gateway] [reshExecutor-%d] o.s.web.client.RestTemplate              : Response 200 OK
2026-03-01T11:12:03.848+01:00 DEBUG 4700 --- [api-gateway] [reshExecutor-%d] o.s.web.client.RestTemplate              : Reading to [org.springframework.cloud.netflix.eureka.http.EurekaApplications]
2026-03-01T11:12:04.221+01:00 DEBUG 4700 --- [api-gateway] [tor-http-nio-13] o.s.w.s.adapter.HttpWebHandlerAdapter    : [15a2439c-17] HTTP POST "/api/auth/signup"
2026-03-01T11:12:04.226+01:00 DEBUG 4700 --- [api-gateway] [     parallel-4] o.s.w.s.s.DefaultWebSessionManager       : Created new WebSession.
2026-03-01T11:12:07.142+01:00 DEBUG 4700 --- [api-gateway] [tor-http-nio-13] o.s.w.s.adapter.HttpWebHandlerAdapter    : [15a2439c-17] Completed 400 BAD_REQUEST
2026-03-01T11:12:07.378+01:00 DEBUG 4700 --- [api-gateway] [tor-http-nio-13] o.s.w.s.adapter.HttpWebHandlerAdapter    : [15a2439c-18] HTTP POST "/api/auth/signin"
2026-03-01T11:12:07.380+01:00 DEBUG 4700 --- [api-gateway] [     parallel-6] o.s.w.s.s.DefaultWebSessionManager       : Created new WebSession.
2026-03-01T11:12:07.505+01:00 DEBUG 4700 --- [api-gateway] [tor-http-nio-13] o.s.w.s.adapter.HttpWebHandlerAdapter    : [15a2439c-18] Completed 400 BAD_REQUEST
2026-03-01T11:12:07.623+01:00 DEBUG 4700 --- [api-gateway] [tor-http-nio-16] o.s.w.s.adapter.HttpWebHandlerAdapter    : [f6406c2d-19] HTTP POST "/api/users//face-biometric"
2026-03-01T11:12:07.653+01:00 DEBUG 4700 --- [api-gateway] [tor-http-nio-16] o.s.w.s.adapter.HttpWebHandlerAdapter    : [f6406c2d-19] Completed 401 UNAUTHORIZED
2026-03-01T11:12:07.719+01:00 DEBUG 4700 --- [api-gateway] [ctor-http-nio-1] o.s.w.s.adapter.HttpWebHandlerAdapter    : [6dd6540e-20] HTTP POST "/api/auth/face/signin"
2026-03-01T11:12:07.721+01:00 DEBUG 4700 --- [api-gateway] [     parallel-7] o.s.w.s.s.DefaultWebSessionManager       : Created new WebSession.
2026-03-01T11:12:13.269+01:00 DEBUG 4700 --- [api-gateway] [ctor-http-nio-1] o.s.w.s.adapter.HttpWebHandlerAdapter    : [6dd6540e-20] Completed 400 BAD_REQUEST
2026-03-01T11:12:32.406+01:00 DEBUG 4700 --- [api-gateway] [beatExecutor-%d] o.s.web.client.RestTemplate              : HTTP PUT http://localhost:8071/eureka/apps/API-GATEWAY/localhost:api-gateway:8088?status=UP&lastDirtyTimestamp=1772355718027
2026-03-01T11:12:32.407+01:00 DEBUG 4700 --- [api-gateway] [beatExecutor-%d] o.s.web.client.RestTemplate              : Accept=[application/json, application/*+json]
2026-03-01T11:12:32.425+01:00 DEBUG 4700 --- [api-gateway] [beatExecutor-%d] o.s.web.client.RestTemplate              : Response 200 OK
2026-03-01T11:12:33.913+01:00 DEBUG 4700 --- [api-gateway] [reshExecutor-%d] o.s.web.client.RestTemplate              : HTTP GET http://localhost:8071/eureka/apps/delta
2026-03-01T11:12:34.059+01:00 DEBUG 4700 --- [api-gateway] [reshExecutor-%d] o.s.web.client.RestTemplate              : Accept=[application/json, application/*+json]
2026-03-01T11:12:34.070+01:00 DEBUG 4700 --- [api-gateway] [reshExecutor-%d] o.s.web.client.RestTemplate              : Response 200 OK
2026-03-01T11:12:34.071+01:00 DEBUG 4700 --- [api-gateway] [reshExecutor-%d] o.s.web.client.RestTemplate              : Reading to [org.springframework.cloud.netflix.eureka.http.EurekaApplications]
2026-03-01T11:13:02.437+01:00 DEBUG 4700 --- [api-gateway] [beatExecutor-%d] o.s.web.client.RestTemplate              : HTTP PUT http://localhost:8071/eureka/apps/API-GATEWAY/localhost:api-gateway:8088?status=UP&lastDirtyTimestamp=1772355718027
2026-03-01T11:13:02.437+01:00 DEBUG 4700 --- [api-gateway] [beatExecutor-%d] o.s.web.client.RestTemplate              : Accept=[application/json, application/*+json]
2026-03-01T11:13:02.456+01:00 DEBUG 4700 --- [api-gateway] [beatExecutor-%d] o.s.web.client.RestTemplate              : Response 200 OK
2026-03-01T11:13:04.482+01:00 DEBUG 4700 --- [api-gateway] [reshExecutor-%d] o.s.web.client.RestTemplate              : HTTP GET http://localhost:8071/eureka/apps/delta
2026-03-01T11:13:04.482+01:00 DEBUG 4700 --- [api-gateway] [reshExecutor-%d] o.s.web.client.RestTemplate              : Accept=[application/json, application/*+json]
2026-03-01T11:13:04.493+01:00 DEBUG 4700 --- [api-gateway] [reshExecutor-%d] o.s.web.client.RestTemplate              : Response 200 OK
2026-03-01T11:13:04.494+01:00 DEBUG 4700 --- [api-gateway] [reshExecutor-%d] o.s.web.client.RestTemplate              : Reading to [org.springframework.cloud.netflix.eureka.http.EurekaApplications]
2026-03-01T11:13:32.462+01:00 DEBUG 4700 --- [api-gateway] [beatExecutor-%d] o.s.web.client.RestTemplate              : HTTP PUT http://localhost:8071/eureka/apps/API-GATEWAY/localhost:api-gateway:8088?status=UP&lastDirtyTimestamp=1772355718027
2026-03-01T11:13:32.463+01:00 DEBUG 4700 --- [api-gateway] [beatExecutor-%d] o.s.web.client.RestTemplate              : Accept=[application/json, application/*+json]
2026-03-01T11:13:32.486+01:00 DEBUG 4700 --- [api-gateway] [beatExecutor-%d] o.s.web.client.RestTemplate              : Response 200 OK
2026-03-01T11:13:34.516+01:00 DEBUG 4700 --- [api-gateway] [reshExecutor-%d] o.s.web.client.RestTemplate              : HTTP GET http://localhost:8071/eureka/apps/delta
2026-03-01T11:13:34.517+01:00 DEBUG 4700 --- [api-gateway] [reshExecutor-%d] o.s.web.client.RestTemplate              : Accept=[application/json, application/*+json]
2026-03-01T11:13:34.537+01:00 DEBUG 4700 --- [api-gateway] [reshExecutor-%d] o.s.web.client.RestTemplate              : Response 200 OK
2026-03-01T11:13:34.538+01:00 DEBUG 4700 --- [api-gateway] [reshExecutor-%d] o.s.web.client.RestTemplate              : Reading to [org.springframework.cloud.netflix.eureka.http.EurekaApplications]
2026-03-01T11:14:02.501+01:00 DEBUG 4700 --- [api-gateway] [beatExecutor-%d] o.s.web.client.RestTemplate              : HTTP PUT http://localhost:8071/eureka/apps/API-GATEWAY/localhost:api-gateway:8088?status=UP&lastDirtyTimestamp=1772355718027
2026-03-01T11:14:02.502+01:00 DEBUG 4700 --- [api-gateway] [beatExecutor-%d] o.s.web.client.RestTemplate              : Accept=[application/json, application/*+json]
2026-03-01T11:14:02.534+01:00 DEBUG 4700 --- [api-gateway] [beatExecutor-%d] o.s.web.client.RestTemplate              : Response 200 OK
2026-03-01T11:14:04.630+01:00 DEBUG 4700 --- [api-gateway] [reshExecutor-%d] o.s.web.client.RestTemplate              : HTTP GET http://localhost:8071/eureka/apps/delta
2026-03-01T11:14:04.665+01:00 DEBUG 4700 --- [api-gateway] [reshExecutor-%d] o.s.web.client.RestTemplate              : Accept=[application/json, application/*+json]
2026-03-01T11:14:04.672+01:00 DEBUG 4700 --- [api-gateway] [reshExecutor-%d] o.s.web.client.RestTemplate              : Response 200 OK
2026-03-01T11:14:04.672+01:00 DEBUG 4700 --- [api-gateway] [reshExecutor-%d] o.s.web.client.RestTemplate              : Reading to [org.springframework.cloud.netflix.eureka.http.EurekaApplications]
2026-03-01T11:14:32.540+01:00 DEBUG 4700 --- [api-gateway] [beatExecutor-%d] o.s.web.client.RestTemplate              : HTTP PUT http://localhost:8071/eureka/apps/API-GATEWAY/localhost:api-gateway:8088?status=UP&lastDirtyTimestamp=1772355718027
2026-03-01T11:14:32.540+01:00 DEBUG 4700 --- [api-gateway] [beatExecutor-%d] o.s.web.client.RestTemplate              : Accept=[application/json, application/*+json]
2026-03-01T11:14:32.556+01:00 DEBUG 4700 --- [api-gateway] [beatExecutor-%d] o.s.web.client.RestTemplate              : Response 200 OK
2026-03-01T11:14:34.703+01:00 DEBUG 4700 --- [api-gateway] [reshExecutor-%d] o.s.web.client.RestTemplate              : HTTP GET http://localhost:8071/eureka/apps/delta
2026-03-01T11:14:34.703+01:00 DEBUG 4700 --- [api-gateway] [reshExecutor-%d] o.s.web.client.RestTemplate              : Accept=[application/json, application/*+json]
2026-03-01T11:14:34.720+01:00 DEBUG 4700 --- [api-gateway] [reshExecutor-%d] o.s.web.client.RestTemplate              : Response 200 OK
2026-03-01T11:14:34.721+01:00 DEBUG 4700 --- [api-gateway] [reshExecutor-%d] o.s.web.client.RestTemplate              : Reading to [org.springframework.cloud.netflix.eureka.http.EurekaApplications]
2026-03-01T11:14:43.217+01:00 DEBUG 4700 --- [api-gateway] [ctor-http-nio-3] o.s.w.s.adapter.HttpWebHandlerAdapter    : [637eeffb-21] HTTP POST "/api/auth/signup"
2026-03-01T11:14:43.221+01:00 DEBUG 4700 --- [api-gateway] [     parallel-8] o.s.w.s.s.DefaultWebSessionManager       : Created new WebSession.
2026-03-01T11:14:46.537+01:00 DEBUG 4700 --- [api-gateway] [ctor-http-nio-3] o.s.w.s.adapter.HttpWebHandlerAdapter    : [637eeffb-21] Completed 201 CREATED
2026-03-01T11:14:46.644+01:00 DEBUG 4700 --- [api-gateway] [ctor-http-nio-3] o.s.w.s.adapter.HttpWebHandlerAdapter    : [637eeffb-22] HTTP POST "/api/auth/signin"
2026-03-01T11:14:46.646+01:00 DEBUG 4700 --- [api-gateway] [    parallel-10] o.s.w.s.s.DefaultWebSessionManager       : Created new WebSession.
2026-03-01T11:14:47.408+01:00 DEBUG 4700 --- [api-gateway] [ctor-http-nio-3] o.s.w.s.adapter.HttpWebHandlerAdapter    : [637eeffb-22] Completed 200 OK
2026-03-01T11:14:47.498+01:00 DEBUG 4700 --- [api-gateway] [ctor-http-nio-5] o.s.w.s.adapter.HttpWebHandlerAdapter    : [b58be489-23] HTTP POST "/api/users/51/face-biometric"
2026-03-01T11:14:47.507+01:00 DEBUG 4700 --- [api-gateway] [    parallel-11] o.s.w.s.s.DefaultWebSessionManager       : Created new WebSession.
2026-03-01T11:14:50.886+01:00 DEBUG 4700 --- [api-gateway] [ctor-http-nio-5] o.s.w.s.adapter.HttpWebHandlerAdapter    : [b58be489-23] Completed 200 OK
2026-03-01T11:14:50.969+01:00 DEBUG 4700 --- [api-gateway] [ctor-http-nio-6] o.s.w.s.adapter.HttpWebHandlerAdapter    : [482d53ab-24] HTTP POST "/api/auth/face/signin"
2026-03-01T11:14:50.970+01:00 DEBUG 4700 --- [api-gateway] [    parallel-12] o.s.w.s.s.DefaultWebSessionManager       : Created new WebSession.
2026-03-01T11:14:53.482+01:00 DEBUG 4700 --- [api-gateway] [ctor-http-nio-6] o.s.w.s.adapter.HttpWebHandlerAdapter    : [482d53ab-24] Completed 204 NO_CONTENT
2026-03-01T11:15:02.505+01:00 DEBUG 4700 --- [api-gateway] [ctor-http-nio-7] o.s.w.s.adapter.HttpWebHandlerAdapter    : [38084483-25] HTTP POST "/api/auth/face/signin"
2026-03-01T11:15:02.510+01:00 DEBUG 4700 --- [api-gateway] [    parallel-13] o.s.w.s.s.DefaultWebSessionManager       : Created new WebSession.
2026-03-01T11:15:02.572+01:00 DEBUG 4700 --- [api-gateway] [beatExecutor-%d] o.s.web.client.RestTemplate              : HTTP PUT http://localhost:8071/eureka/apps/API-GATEWAY/localhost:api-gateway:8088?status=UP&lastDirtyTimestamp=1772355718027
2026-03-01T11:15:02.572+01:00 DEBUG 4700 --- [api-gateway] [beatExecutor-%d] o.s.web.client.RestTemplate              : Accept=[application/json, application/*+json]
2026-03-01T11:15:02.589+01:00 DEBUG 4700 --- [api-gateway] [beatExecutor-%d] o.s.web.client.RestTemplate              : Response 200 OK
2026-03-01T11:15:02.637+01:00 DEBUG 4700 --- [api-gateway] [ctor-http-nio-7] o.s.w.s.adapter.HttpWebHandlerAdapter    : [38084483-25] Completed 415 UNSUPPORTED_MEDIA_TYPE
2026-03-01T11:15:04.747+01:00 DEBUG 4700 --- [api-gateway] [reshExecutor-%d] o.s.web.client.RestTemplate              : HTTP GET http://localhost:8071/eureka/apps/delta
2026-03-01T11:15:04.750+01:00 DEBUG 4700 --- [api-gateway] [reshExecutor-%d] o.s.web.client.RestTemplate              : Accept=[application/json, application/*+json]
2026-03-01T11:15:04.764+01:00 DEBUG 4700 --- [api-gateway] [reshExecutor-%d] o.s.web.client.RestTemplate              : Response 200 OK
2026-03-01T11:15:04.764+01:00 DEBUG 4700 --- [api-gateway] [reshExecutor-%d] o.s.web.client.RestTemplate              : Reading to [org.springframework.cloud.netflix.eureka.http.EurekaApplications]
2026-03-01T11:15:32.600+01:00 DEBUG 4700 --- [api-gateway] [beatExecutor-%d] o.s.web.client.RestTemplate              : HTTP PUT http://localhost:8071/eureka/apps/API-GATEWAY/localhost:api-gateway:8088?status=UP&lastDirtyTimestamp=1772355718027
2026-03-01T11:15:32.754+01:00 DEBUG 4700 --- [api-gateway] [beatExecutor-%d] o.s.web.client.RestTemplate              : Accept=[application/json, application/*+json]
2026-03-01T11:15:32.776+01:00 DEBUG 4700 --- [api-gateway] [beatExecutor-%d] o.s.web.client.RestTemplate              : Response 200 OK
2026-03-01T11:15:34.786+01:00 DEBUG 4700 --- [api-gateway] [reshExecutor-%d] o.s.web.client.RestTemplate              : HTTP GET http://localhost:8071/eureka/apps/delta
2026-03-01T11:15:34.793+01:00 DEBUG 4700 --- [api-gateway] [reshExecutor-%d] o.s.web.client.RestTemplate              : Accept=[application/json, application/*+json]
2026-03-01T11:15:34.804+01:00 DEBUG 4700 --- [api-gateway] [reshExecutor-%d] o.s.web.client.RestTemplate              : Response 200 OK
2026-03-01T11:15:34.804+01:00 DEBUG 4700 --- [api-gateway] [reshExecutor-%d] o.s.web.client.RestTemplate              : Reading to [org.springframework.cloud.netflix.eureka.http.EurekaApplications]
2026-03-01T11:16:02.786+01:00 DEBUG 4700 --- [api-gateway] [beatExecutor-%d] o.s.web.client.RestTemplate              : HTTP PUT http://localhost:8071/eureka/apps/API-GATEWAY/localhost:api-gateway:8088?status=UP&lastDirtyTimestamp=1772355718027
2026-03-01T11:16:02.913+01:00 DEBUG 4700 --- [api-gateway] [beatExecutor-%d] o.s.web.client.RestTemplate              : Accept=[application/json, application/*+json]
2026-03-01T11:16:02.930+01:00 DEBUG 4700 --- [api-gateway] [beatExecutor-%d] o.s.web.client.RestTemplate              : Response 200 OK
2026-03-01T11:16:04.849+01:00 DEBUG 4700 --- [api-gateway] [reshExecutor-%d] o.s.web.client.RestTemplate              : HTTP GET http://localhost:8071/eureka/apps/delta
2026-03-01T11:16:04.849+01:00 DEBUG 4700 --- [api-gateway] [reshExecutor-%d] o.s.web.client.RestTemplate              : Accept=[application/json, application/*+json]
2026-03-01T11:16:04.870+01:00 DEBUG 4700 --- [api-gateway] [reshExecutor-%d] o.s.web.client.RestTemplate              : Response 200 OK
2026-03-01T11:16:04.870+01:00 DEBUG 4700 --- [api-gateway] [reshExecutor-%d] o.s.web.client.RestTemplate              : Reading to [org.springframework.cloud.netflix.eureka.http.EurekaApplications]
2026-03-01T11:16:32.976+01:00 DEBUG 4700 --- [api-gateway] [beatExecutor-%d] o.s.web.client.RestTemplate              : HTTP PUT http://localhost:8071/eureka/apps/API-GATEWAY/localhost:api-gateway:8088?status=UP&lastDirtyTimestamp=1772355718027
2026-03-01T11:16:32.977+01:00 DEBUG 4700 --- [api-gateway] [beatExecutor-%d] o.s.web.client.RestTemplate              : Accept=[application/json, application/*+json]
2026-03-01T11:16:32.988+01:00 DEBUG 4700 --- [api-gateway] [beatExecutor-%d] o.s.web.client.RestTemplate              : Response 200 OK
2026-03-01T11:16:34.910+01:00 DEBUG 4700 --- [api-gateway] [reshExecutor-%d] o.s.web.client.RestTemplate              : HTTP GET http://localhost:8071/eureka/apps/delta
2026-03-01T11:16:34.911+01:00 DEBUG 4700 --- [api-gateway] [reshExecutor-%d] o.s.web.client.RestTemplate              : Accept=[application/json, application/*+json]
2026-03-01T11:16:34.929+01:00 DEBUG 4700 --- [api-gateway] [reshExecutor-%d] o.s.web.client.RestTemplate              : Response 200 OK
2026-03-01T11:16:34.929+01:00 DEBUG 4700 --- [api-gateway] [reshExecutor-%d] o.s.web.client.RestTemplate              : Reading to [org.springframework.cloud.netflix.eureka.http.EurekaApplications]
2026-03-01T11:16:57.723+01:00  INFO 4700 --- [api-gateway] [rap-executor-%d] c.n.d.s.r.aws.ConfigClusterResolver      : Resolving eureka endpoints via configuration
2026-03-01T11:17:02.998+01:00 DEBUG 4700 --- [api-gateway] [beatExecutor-%d] o.s.web.client.RestTemplate              : HTTP PUT http://localhost:8071/eureka/apps/API-GATEWAY/localhost:api-gateway:8088?status=UP&lastDirtyTimestamp=1772355718027
2026-03-01T11:17:02.999+01:00 DEBUG 4700 --- [api-gateway] [beatExecutor-%d] o.s.web.client.RestTemplate              : Accept=[application/json, application/*+json]
2026-03-01T11:17:03.015+01:00 DEBUG 4700 --- [api-gateway] [beatExecutor-%d] o.s.web.client.RestTemplate              : Response 200 OK
2026-03-01T11:17:04.951+01:00 DEBUG 4700 --- [api-gateway] [reshExecutor-%d] o.s.web.client.RestTemplate              : HTTP GET http://localhost:8071/eureka/apps/delta
2026-03-01T11:17:04.988+01:00 DEBUG 4700 --- [api-gateway] [reshExecutor-%d] o.s.web.client.RestTemplate              : Accept=[application/json, application/*+json]
2026-03-01T11:17:05.014+01:00 DEBUG 4700 --- [api-gateway] [reshExecutor-%d] o.s.web.client.RestTemplate              : Response 200 OK
2026-03-01T11:17:05.014+01:00 DEBUG 4700 --- [api-gateway] [reshExecutor-%d] o.s.web.client.RestTemplate              : Reading to [org.springframework.cloud.netflix.eureka.http.EurekaApplications]
2026-03-01T11:17:33.028+01:00 DEBUG 4700 --- [api-gateway] [beatExecutor-%d] o.s.web.client.RestTemplate              : HTTP PUT http://localhost:8071/eureka/apps/API-GATEWAY/localhost:api-gateway:8088?status=UP&lastDirtyTimestamp=1772355718027
2026-03-01T11:17:33.048+01:00 DEBUG 4700 --- [api-gateway] [beatExecutor-%d] o.s.web.client.RestTemplate              : Accept=[application/json, application/*+json]
2026-03-01T11:17:33.070+01:00 DEBUG 4700 --- [api-gateway] [beatExecutor-%d] o.s.web.client.RestTemplate              : Response 200 OK
2026-03-01T11:17:35.050+01:00 DEBUG 4700 --- [api-gateway] [reshExecutor-%d] o.s.web.client.RestTemplate              : HTTP GET http://localhost:8071/eureka/apps/delta
2026-03-01T11:17:35.087+01:00 DEBUG 4700 --- [api-gateway] [reshExecutor-%d] o.s.web.client.RestTemplate              : Accept=[application/json, application/*+json]
2026-03-01T11:17:35.106+01:00 DEBUG 4700 --- [api-gateway] [reshExecutor-%d] o.s.web.client.RestTemplate              : Response 200 OK
2026-03-01T11:17:35.108+01:00 DEBUG 4700 --- [api-gateway] [reshExecutor-%d] o.s.web.client.RestTemplate              : Reading to [org.springframework.cloud.netflix.eureka.http.EurekaApplications]
2026-03-01T11:18:03.086+01:00 DEBUG 4700 --- [api-gateway] [beatExecutor-%d] o.s.web.client.RestTemplate              : HTTP PUT http://localhost:8071/eureka/apps/API-GATEWAY/localhost:api-gateway:8088?status=UP&lastDirtyTimestamp=1772355718027
2026-03-01T11:18:03.090+01:00 DEBUG 4700 --- [api-gateway] [beatExecutor-%d] o.s.web.client.RestTemplate              : Accept=[application/json, application/*+json]
2026-03-01T11:18:03.104+01:00 DEBUG 4700 --- [api-gateway] [beatExecutor-%d] o.s.web.client.RestTemplate              : Response 200 OK
2026-03-01T11:18:05.140+01:00 DEBUG 4700 --- [api-gateway] [reshExecutor-%d] o.s.web.client.RestTemplate              : HTTP GET http://localhost:8071/eureka/apps/delta
2026-03-01T11:18:05.140+01:00 DEBUG 4700 --- [api-gateway] [reshExecutor-%d] o.s.web.client.RestTemplate              : Accept=[application/json, application/*+json]
2026-03-01T11:18:05.161+01:00 DEBUG 4700 --- [api-gateway] [reshExecutor-%d] o.s.web.client.RestTemplate              : Response 200 OK
2026-03-01T11:18:05.162+01:00 DEBUG 4700 --- [api-gateway] [reshExecutor-%d] o.s.web.client.RestTemplate              : Reading to [org.springframework.cloud.netflix.eureka.http.EurekaApplications]
2026-03-01T11:18:33.112+01:00 DEBUG 4700 --- [api-gateway] [beatExecutor-%d] o.s.web.client.RestTemplate              : HTTP PUT http://localhost:8071/eureka/apps/API-GATEWAY/localhost:api-gateway:8088?status=UP&lastDirtyTimestamp=1772355718027
2026-03-01T11:18:33.112+01:00 DEBUG 4700 --- [api-gateway] [beatExecutor-%d] o.s.web.client.RestTemplate              : Accept=[application/json, application/*+json]
2026-03-01T11:18:33.129+01:00 DEBUG 4700 --- [api-gateway] [beatExecutor-%d] o.s.web.client.RestTemplate              : Response 200 OK
2026-03-01T11:18:35.197+01:00 DEBUG 4700 --- [api-gateway] [reshExecutor-%d] o.s.web.client.RestTemplate              : HTTP GET http://localhost:8071/eureka/apps/delta
2026-03-01T11:18:35.198+01:00 DEBUG 4700 --- [api-gateway] [reshExecutor-%d] o.s.web.client.RestTemplate              : Accept=[application/json, application/*+json]
2026-03-01T11:18:35.216+01:00 DEBUG 4700 --- [api-gateway] [reshExecutor-%d] o.s.web.client.RestTemplate              : Response 200 OK
2026-03-01T11:18:35.217+01:00 DEBUG 4700 --- [api-gateway] [reshExecutor-%d] o.s.web.client.RestTemplate              : Reading to [org.springframework.cloud.netflix.eureka.http.EurekaApplications]
2026-03-01T11:19:03.139+01:00 DEBUG 4700 --- [api-gateway] [beatExecutor-%d] o.s.web.client.RestTemplate              : HTTP PUT http://localhost:8071/eureka/apps/API-GATEWAY/localhost:api-gateway:8088?status=UP&lastDirtyTimestamp=1772355718027
2026-03-01T11:19:03.175+01:00 DEBUG 4700 --- [api-gateway] [beatExecutor-%d] o.s.web.client.RestTemplate              : Accept=[application/json, application/*+json]
2026-03-01T11:19:03.189+01:00 DEBUG 4700 --- [api-gateway] [beatExecutor-%d] o.s.web.client.RestTemplate              : Response 200 OK
2026-03-01T11:19:05.238+01:00 DEBUG 4700 --- [api-gateway] [reshExecutor-%d] o.s.web.client.RestTemplate              : HTTP GET http://localhost:8071/eureka/apps/delta
2026-03-01T11:19:05.275+01:00 DEBUG 4700 --- [api-gateway] [reshExecutor-%d] o.s.web.client.RestTemplate              : Accept=[application/json, application/*+json]
2026-03-01T11:19:05.289+01:00 DEBUG 4700 --- [api-gateway] [reshExecutor-%d] o.s.web.client.RestTemplate              : Response 200 OK
2026-03-01T11:19:05.290+01:00 DEBUG 4700 --- [api-gateway] [reshExecutor-%d] o.s.web.client.RestTemplate              : Reading to [org.springframework.cloud.netflix.eureka.http.EurekaApplications]
2026-03-01T11:19:33.196+01:00 DEBUG 4700 --- [api-gateway] [beatExecutor-%d] o.s.web.client.RestTemplate              : HTTP PUT http://localhost:8071/eureka/apps/API-GATEWAY/localhost:api-gateway:8088?status=UP&lastDirtyTimestamp=1772355718027
2026-03-01T11:19:33.196+01:00 DEBUG 4700 --- [api-gateway] [beatExecutor-%d] o.s.web.client.RestTemplate              : Accept=[application/json, application/*+json]
2026-03-01T11:19:33.220+01:00 DEBUG 4700 --- [api-gateway] [beatExecutor-%d] o.s.web.client.RestTemplate              : Response 200 OK
2026-03-01T11:19:35.320+01:00 DEBUG 4700 --- [api-gateway] [reshExecutor-%d] o.s.web.client.RestTemplate              : HTTP GET http://localhost:8071/eureka/apps/delta
2026-03-01T11:19:35.358+01:00 DEBUG 4700 --- [api-gateway] [reshExecutor-%d] o.s.web.client.RestTemplate              : Accept=[application/json, application/*+json]
2026-03-01T11:19:35.370+01:00 DEBUG 4700 --- [api-gateway] [reshExecutor-%d] o.s.web.client.RestTemplate              : Response 200 OK
2026-03-01T11:19:35.370+01:00 DEBUG 4700 --- [api-gateway] [reshExecutor-%d] o.s.web.client.RestTemplate              : Reading to [org.springframework.cloud.netflix.eureka.http.EurekaApplications]
2026-03-01T11:20:03.229+01:00 DEBUG 4700 --- [api-gateway] [beatExecutor-%d] o.s.web.client.RestTemplate              : HTTP PUT http://localhost:8071/eureka/apps/API-GATEWAY/localhost:api-gateway:8088?status=UP&lastDirtyTimestamp=1772355718027
2026-03-01T11:20:03.229+01:00 DEBUG 4700 --- [api-gateway] [beatExecutor-%d] o.s.web.client.RestTemplate              : Accept=[application/json, application/*+json]
2026-03-01T11:20:03.247+01:00 DEBUG 4700 --- [api-gateway] [beatExecutor-%d] o.s.web.client.RestTemplate              : Response 200 OK
2026-03-01T11:20:05.386+01:00 DEBUG 4700 --- [api-gateway] [reshExecutor-%d] o.s.web.client.RestTemplate              : HTTP GET http://localhost:8071/eureka/apps/delta
2026-03-01T11:20:05.388+01:00 DEBUG 4700 --- [api-gateway] [reshExecutor-%d] o.s.web.client.RestTemplate              : Accept=[application/json, application/*+json]
2026-03-01T11:20:05.405+01:00 DEBUG 4700 --- [api-gateway] [reshExecutor-%d] o.s.web.client.RestTemplate              : Response 200 OK
2026-03-01T11:20:05.405+01:00 DEBUG 4700 --- [api-gateway] [reshExecutor-%d] o.s.web.client.RestTemplate              : Reading to [org.springframework.cloud.netflix.eureka.http.EurekaApplications]
2026-03-01T11:20:33.256+01:00 DEBUG 4700 --- [api-gateway] [beatExecutor-%d] o.s.web.client.RestTemplate              : HTTP PUT http://localhost:8071/eureka/apps/API-GATEWAY/localhost:api-gateway:8088?status=UP&lastDirtyTimestamp=1772355718027
2026-03-01T11:20:33.256+01:00 DEBUG 4700 --- [api-gateway] [beatExecutor-%d] o.s.web.client.RestTemplate              : Accept=[application/json, application/*+json]
2026-03-01T11:20:33.272+01:00 DEBUG 4700 --- [api-gateway] [beatExecutor-%d] o.s.web.client.RestTemplate              : Response 200 OK
2026-03-01T11:20:35.434+01:00 DEBUG 4700 --- [api-gateway] [reshExecutor-%d] o.s.web.client.RestTemplate              : HTTP GET http://localhost:8071/eureka/apps/delta
2026-03-01T11:20:35.435+01:00 DEBUG 4700 --- [api-gateway] [reshExecutor-%d] o.s.web.client.RestTemplate              : Accept=[application/json, application/*+json]
2026-03-01T11:20:35.451+01:00 DEBUG 4700 --- [api-gateway] [reshExecutor-%d] o.s.web.client.RestTemplate              : Response 200 OK
2026-03-01T11:20:35.453+01:00 DEBUG 4700 --- [api-gateway] [reshExecutor-%d] o.s.web.client.RestTemplate              : Reading to [org.springframework.cloud.netflix.eureka.http.EurekaApplications]
2026-03-01T11:21:03.280+01:00 DEBUG 4700 --- [api-gateway] [beatExecutor-%d] o.s.web.client.RestTemplate              : HTTP PUT http://localhost:8071/eureka/apps/API-GATEWAY/localhost:api-gateway:8088?status=UP&lastDirtyTimestamp=1772355718027
2026-03-01T11:21:03.627+01:00 DEBUG 4700 --- [api-gateway] [beatExecutor-%d] o.s.web.client.RestTemplate              : Accept=[application/json, application/*+json]
2026-03-01T11:21:03.638+01:00 DEBUG 4700 --- [api-gateway] [beatExecutor-%d] o.s.web.client.RestTemplate              : Response 200 OK
2026-03-01T11:21:05.474+01:00 DEBUG 4700 --- [api-gateway] [reshExecutor-%d] o.s.web.client.RestTemplate              : HTTP GET http://localhost:8071/eureka/apps/delta
2026-03-01T11:21:05.510+01:00 DEBUG 4700 --- [api-gateway] [reshExecutor-%d] o.s.web.client.RestTemplate              : Accept=[application/json, application/*+json]
2026-03-01T11:21:05.522+01:00 DEBUG 4700 --- [api-gateway] [reshExecutor-%d] o.s.web.client.RestTemplate              : Response 200 OK
2026-03-01T11:21:05.522+01:00 DEBUG 4700 --- [api-gateway] [reshExecutor-%d] o.s.web.client.RestTemplate              : Reading to [org.springframework.cloud.netflix.eureka.http.EurekaApplications]
2026-03-01T11:21:33.656+01:00 DEBUG 4700 --- [api-gateway] [beatExecutor-%d] o.s.web.client.RestTemplate              : HTTP PUT http://localhost:8071/eureka/apps/API-GATEWAY/localhost:api-gateway:8088?status=UP&lastDirtyTimestamp=1772355718027
2026-03-01T11:21:33.657+01:00 DEBUG 4700 --- [api-gateway] [beatExecutor-%d] o.s.web.client.RestTemplate              : Accept=[application/json, application/*+json]
2026-03-01T11:21:33.673+01:00 DEBUG 4700 --- [api-gateway] [beatExecutor-%d] o.s.web.client.RestTemplate              : Response 200 OK
2026-03-01T11:21:35.535+01:00 DEBUG 4700 --- [api-gateway] [reshExecutor-%d] o.s.web.client.RestTemplate              : HTTP GET http://localhost:8071/eureka/apps/delta
2026-03-01T11:21:35.572+01:00 DEBUG 4700 --- [api-gateway] [reshExecutor-%d] o.s.web.client.RestTemplate              : Accept=[application/json, application/*+json]
2026-03-01T11:21:35.584+01:00 DEBUG 4700 --- [api-gateway] [reshExecutor-%d] o.s.web.client.RestTemplate              : Response 200 OK
2026-03-01T11:21:35.585+01:00 DEBUG 4700 --- [api-gateway] [reshExecutor-%d] o.s.web.client.RestTemplate              : Reading to [org.springframework.cloud.netflix.eureka.http.EurekaApplications]
2026-03-01T11:21:57.751+01:00  INFO 4700 --- [api-gateway] [rap-executor-%d] c.n.d.s.r.aws.ConfigClusterResolver      : Resolving eureka endpoints via configuration
2026-03-01T11:22:03.694+01:00 DEBUG 4700 --- [api-gateway] [beatExecutor-%d] o.s.web.client.RestTemplate              : HTTP PUT http://localhost:8071/eureka/apps/API-GATEWAY/localhost:api-gateway:8088?status=UP&lastDirtyTimestamp=1772355718027
2026-03-01T11:22:03.695+01:00 DEBUG 4700 --- [api-gateway] [beatExecutor-%d] o.s.web.client.RestTemplate              : Accept=[application/json, application/*+json]
2026-03-01T11:22:03.713+01:00 DEBUG 4700 --- [api-gateway] [beatExecutor-%d] o.s.web.client.RestTemplate              : Response 200 OK
2026-03-01T11:22:05.611+01:00 DEBUG 4700 --- [api-gateway] [reshExecutor-%d] o.s.web.client.RestTemplate              : HTTP GET http://localhost:8071/eureka/apps/delta
2026-03-01T11:22:05.649+01:00 DEBUG 4700 --- [api-gateway] [reshExecutor-%d] o.s.web.client.RestTemplate              : Accept=[application/json, application/*+json]
2026-03-01T11:22:05.659+01:00 DEBUG 4700 --- [api-gateway] [reshExecutor-%d] o.s.web.client.RestTemplate              : Response 200 OK
2026-03-01T11:22:05.661+01:00 DEBUG 4700 --- [api-gateway] [reshExecutor-%d] o.s.web.client.RestTemplate              : Reading to [org.springframework.cloud.netflix.eureka.http.EurekaApplications]
2026-03-01T11:22:33.724+01:00 DEBUG 4700 --- [api-gateway] [beatExecutor-%d] o.s.web.client.RestTemplate              : HTTP PUT http://localhost:8071/eureka/apps/API-GATEWAY/localhost:api-gateway:8088?status=UP&lastDirtyTimestamp=1772355718027
2026-03-01T11:22:33.725+01:00 DEBUG 4700 --- [api-gateway] [beatExecutor-%d] o.s.web.client.RestTemplate              : Accept=[application/json, application/*+json]
2026-03-01T11:22:33.742+01:00 DEBUG 4700 --- [api-gateway] [beatExecutor-%d] o.s.web.client.RestTemplate              : Response 200 OK
2026-03-01T11:22:35.685+01:00 DEBUG 4700 --- [api-gateway] [reshExecutor-%d] o.s.web.client.RestTemplate              : HTTP GET http://localhost:8071/eureka/apps/delta
2026-03-01T11:22:35.722+01:00 DEBUG 4700 --- [api-gateway] [reshExecutor-%d] o.s.web.client.RestTemplate              : Accept=[application/json, application/*+json]
2026-03-01T11:22:35.732+01:00 DEBUG 4700 --- [api-gateway] [reshExecutor-%d] o.s.web.client.RestTemplate              : Response 200 OK
2026-03-01T11:22:35.733+01:00 DEBUG 4700 --- [api-gateway] [reshExecutor-%d] o.s.web.client.RestTemplate              : Reading to [org.springframework.cloud.netflix.eureka.http.EurekaApplications]
2026-03-01T11:23:03.745+01:00 DEBUG 4700 --- [api-gateway] [beatExecutor-%d] o.s.web.client.RestTemplate              : HTTP PUT http://localhost:8071/eureka/apps/API-GATEWAY/localhost:api-gateway:8088?status=UP&lastDirtyTimestamp=1772355718027
2026-03-01T11:23:04.092+01:00 DEBUG 4700 --- [api-gateway] [beatExecutor-%d] o.s.web.client.RestTemplate              : Accept=[application/json, application/*+json]
2026-03-01T11:23:04.102+01:00 DEBUG 4700 --- [api-gateway] [beatExecutor-%d] o.s.web.client.RestTemplate              : Response 200 OK
2026-03-01T11:23:05.756+01:00 DEBUG 4700 --- [api-gateway] [reshExecutor-%d] o.s.web.client.RestTemplate              : HTTP GET http://localhost:8071/eureka/apps/delta
2026-03-01T11:23:05.793+01:00 DEBUG 4700 --- [api-gateway] [reshExecutor-%d] o.s.web.client.RestTemplate              : Accept=[application/json, application/*+json]
2026-03-01T11:23:05.803+01:00 DEBUG 4700 --- [api-gateway] [reshExecutor-%d] o.s.web.client.RestTemplate              : Response 200 OK
2026-03-01T11:23:05.804+01:00 DEBUG 4700 --- [api-gateway] [reshExecutor-%d] o.s.web.client.RestTemplate              : Reading to [org.springframework.cloud.netflix.eureka.http.EurekaApplications]
2026-03-01T11:23:34.113+01:00 DEBUG 4700 --- [api-gateway] [beatExecutor-%d] o.s.web.client.RestTemplate              : HTTP PUT http://localhost:8071/eureka/apps/API-GATEWAY/localhost:api-gateway:8088?status=UP&lastDirtyTimestamp=1772355718027
2026-03-01T11:23:34.114+01:00 DEBUG 4700 --- [api-gateway] [beatExecutor-%d] o.s.web.client.RestTemplate              : Accept=[application/json, application/*+json]
2026-03-01T11:23:34.131+01:00 DEBUG 4700 --- [api-gateway] [beatExecutor-%d] o.s.web.client.RestTemplate              : Response 200 OK
2026-03-01T11:23:35.825+01:00 DEBUG 4700 --- [api-gateway] [reshExecutor-%d] o.s.web.client.RestTemplate              : HTTP GET http://localhost:8071/eureka/apps/delta
2026-03-01T11:23:35.826+01:00 DEBUG 4700 --- [api-gateway] [reshExecutor-%d] o.s.web.client.RestTemplate              : Accept=[application/json, application/*+json]
2026-03-01T11:23:35.843+01:00 DEBUG 4700 --- [api-gateway] [reshExecutor-%d] o.s.web.client.RestTemplate              : Response 200 OK
2026-03-01T11:23:35.844+01:00 DEBUG 4700 --- [api-gateway] [reshExecutor-%d] o.s.web.client.RestTemplate              : Reading to [org.springframework.cloud.netflix.eureka.http.EurekaApplications]
2026-03-01T11:24:04.182+01:00 DEBUG 4700 --- [api-gateway] [beatExecutor-%d] o.s.web.client.RestTemplate              : HTTP PUT http://localhost:8071/eureka/apps/API-GATEWAY/localhost:api-gateway:8088?status=UP&lastDirtyTimestamp=1772355718027
2026-03-01T11:24:04.668+01:00 DEBUG 4700 --- [api-gateway] [beatExecutor-%d] o.s.web.client.RestTemplate              : Accept=[application/json, application/*+json]
2026-03-01T11:24:04.674+01:00 DEBUG 4700 --- [api-gateway] [beatExecutor-%d] o.s.web.client.RestTemplate              : Response 200 OK
2026-03-01T11:24:05.866+01:00 DEBUG 4700 --- [api-gateway] [reshExecutor-%d] o.s.web.client.RestTemplate              : HTTP GET http://localhost:8071/eureka/apps/delta
2026-03-01T11:24:05.902+01:00 DEBUG 4700 --- [api-gateway] [reshExecutor-%d] o.s.web.client.RestTemplate              : Accept=[application/json, application/*+json]
2026-03-01T11:24:05.915+01:00 DEBUG 4700 --- [api-gateway] [reshExecutor-%d] o.s.web.client.RestTemplate              : Response 200 OK
2026-03-01T11:24:05.916+01:00 DEBUG 4700 --- [api-gateway] [reshExecutor-%d] o.s.web.client.RestTemplate              : Reading to [org.springframework.cloud.netflix.eureka.http.EurekaApplications]
2026-03-01T11:24:34.684+01:00 DEBUG 4700 --- [api-gateway] [beatExecutor-%d] o.s.web.client.RestTemplate              : HTTP PUT http://localhost:8071/eureka/apps/API-GATEWAY/localhost:api-gateway:8088?status=UP&lastDirtyTimestamp=1772355718027
2026-03-01T11:24:35.051+01:00 DEBUG 4700 --- [api-gateway] [beatExecutor-%d] o.s.web.client.RestTemplate              : Accept=[application/json, application/*+json]
2026-03-01T11:24:35.060+01:00 DEBUG 4700 --- [api-gateway] [beatExecutor-%d] o.s.web.client.RestTemplate              : Response 200 OK
2026-03-01T11:24:35.933+01:00 DEBUG 4700 --- [api-gateway] [reshExecutor-%d] o.s.web.client.RestTemplate              : HTTP GET http://localhost:8071/eureka/apps/delta
2026-03-01T11:24:35.934+01:00 DEBUG 4700 --- [api-gateway] [reshExecutor-%d] o.s.web.client.RestTemplate              : Accept=[application/json, application/*+json]
2026-03-01T11:24:35.949+01:00 DEBUG 4700 --- [api-gateway] [reshExecutor-%d] o.s.web.client.RestTemplate              : Response 200 OK
2026-03-01T11:24:35.951+01:00 DEBUG 4700 --- [api-gateway] [reshExecutor-%d] o.s.web.client.RestTemplate              : Reading to [org.springframework.cloud.netflix.eureka.http.EurekaApplications]
2026-03-01T11:25:05.067+01:00 DEBUG 4700 --- [api-gateway] [beatExecutor-%d] o.s.web.client.RestTemplate              : HTTP PUT http://localhost:8071/eureka/apps/API-GATEWAY/localhost:api-gateway:8088?status=UP&lastDirtyTimestamp=1772355718027
2026-03-01T11:25:05.132+01:00 DEBUG 4700 --- [api-gateway] [beatExecutor-%d] o.s.web.client.RestTemplate              : Accept=[application/json, application/*+json]
2026-03-01T11:25:05.146+01:00 DEBUG 4700 --- [api-gateway] [beatExecutor-%d] o.s.web.client.RestTemplate              : Response 200 OK
2026-03-01T11:25:05.971+01:00 DEBUG 4700 --- [api-gateway] [reshExecutor-%d] o.s.web.client.RestTemplate              : HTTP GET http://localhost:8071/eureka/apps/delta
2026-03-01T11:25:05.972+01:00 DEBUG 4700 --- [api-gateway] [reshExecutor-%d] o.s.web.client.RestTemplate              : Accept=[application/json, application/*+json]
2026-03-01T11:25:05.988+01:00 DEBUG 4700 --- [api-gateway] [reshExecutor-%d] o.s.web.client.RestTemplate              : Response 200 OK
2026-03-01T11:25:05.989+01:00 DEBUG 4700 --- [api-gateway] [reshExecutor-%d] o.s.web.client.RestTemplate              : Reading to [org.springframework.cloud.netflix.eureka.http.EurekaApplications]
2026-03-01T11:25:35.161+01:00 DEBUG 4700 --- [api-gateway] [beatExecutor-%d] o.s.web.client.RestTemplate              : HTTP PUT http://localhost:8071/eureka/apps/API-GATEWAY/localhost:api-gateway:8088?status=UP&lastDirtyTimestamp=1772355718027
2026-03-01T11:25:35.247+01:00 DEBUG 4700 --- [api-gateway] [beatExecutor-%d] o.s.web.client.RestTemplate              : Accept=[application/json, application/*+json]
2026-03-01T11:25:35.264+01:00 DEBUG 4700 --- [api-gateway] [beatExecutor-%d] o.s.web.client.RestTemplate              : Response 200 OK
2026-03-01T11:25:36.007+01:00 DEBUG 4700 --- [api-gateway] [reshExecutor-%d] o.s.web.client.RestTemplate              : HTTP GET http://localhost:8071/eureka/apps/delta
2026-03-01T11:25:36.224+01:00 DEBUG 4700 --- [api-gateway] [reshExecutor-%d] o.s.web.client.RestTemplate              : Accept=[application/json, application/*+json]
2026-03-01T11:25:36.243+01:00 DEBUG 4700 --- [api-gateway] [reshExecutor-%d] o.s.web.client.RestTemplate              : Response 200 OK
2026-03-01T11:25:36.244+01:00 DEBUG 4700 --- [api-gateway] [reshExecutor-%d] o.s.web.client.RestTemplate              : Reading to [org.springframework.cloud.netflix.eureka.http.EurekaApplications]
2026-03-01T11:26:05.268+01:00 DEBUG 4700 --- [api-gateway] [beatExecutor-%d] o.s.web.client.RestTemplate              : HTTP PUT http://localhost:8071/eureka/apps/API-GATEWAY/localhost:api-gateway:8088?status=UP&lastDirtyTimestamp=1772355718027
2026-03-01T11:26:05.269+01:00 DEBUG 4700 --- [api-gateway] [beatExecutor-%d] o.s.web.client.RestTemplate              : Accept=[application/json, application/*+json]
2026-03-01T11:26:05.287+01:00 DEBUG 4700 --- [api-gateway] [beatExecutor-%d] o.s.web.client.RestTemplate              : Response 200 OK
2026-03-01T11:26:06.258+01:00 DEBUG 4700 --- [api-gateway] [reshExecutor-%d] o.s.web.client.RestTemplate              : HTTP GET http://localhost:8071/eureka/apps/delta
2026-03-01T11:26:06.262+01:00 DEBUG 4700 --- [api-gateway] [reshExecutor-%d] o.s.web.client.RestTemplate              : Accept=[application/json, application/*+json]
2026-03-01T11:26:06.276+01:00 DEBUG 4700 --- [api-gateway] [reshExecutor-%d] o.s.web.client.RestTemplate              : Response 200 OK
2026-03-01T11:26:06.276+01:00 DEBUG 4700 --- [api-gateway] [reshExecutor-%d] o.s.web.client.RestTemplate              : Reading to [org.springframework.cloud.netflix.eureka.http.EurekaApplications]
2026-03-01T11:26:35.295+01:00 DEBUG 4700 --- [api-gateway] [beatExecutor-%d] o.s.web.client.RestTemplate              : HTTP PUT http://localhost:8071/eureka/apps/API-GATEWAY/localhost:api-gateway:8088?status=UP&lastDirtyTimestamp=1772355718027
2026-03-01T11:26:35.326+01:00 DEBUG 4700 --- [api-gateway] [beatExecutor-%d] o.s.web.client.RestTemplate              : Accept=[application/json, application/*+json]
2026-03-01T11:26:35.343+01:00 DEBUG 4700 --- [api-gateway] [beatExecutor-%d] o.s.web.client.RestTemplate              : Response 200 OK
2026-03-01T11:26:36.296+01:00 DEBUG 4700 --- [api-gateway] [reshExecutor-%d] o.s.web.client.RestTemplate              : HTTP GET http://localhost:8071/eureka/apps/delta
2026-03-01T11:26:36.296+01:00 DEBUG 4700 --- [api-gateway] [reshExecutor-%d] o.s.web.client.RestTemplate              : Accept=[application/json, application/*+json]
2026-03-01T11:26:36.315+01:00 DEBUG 4700 --- [api-gateway] [reshExecutor-%d] o.s.web.client.RestTemplate              : Response 200 OK
2026-03-01T11:26:36.316+01:00 DEBUG 4700 --- [api-gateway] [reshExecutor-%d] o.s.web.client.RestTemplate              : Reading to [org.springframework.cloud.netflix.eureka.http.EurekaApplications]
2026-03-01T11:26:57.802+01:00  INFO 4700 --- [api-gateway] [rap-executor-%d] c.n.d.s.r.aws.ConfigClusterResolver      : Resolving eureka endpoints via configuration
2026-03-01T11:27:05.424+01:00 DEBUG 4700 --- [api-gateway] [beatExecutor-%d] o.s.web.client.RestTemplate              : HTTP PUT http://localhost:8071/eureka/apps/API-GATEWAY/localhost:api-gateway:8088?status=UP&lastDirtyTimestamp=1772355718027
2026-03-01T11:27:05.425+01:00 DEBUG 4700 --- [api-gateway] [beatExecutor-%d] o.s.web.client.RestTemplate              : Accept=[application/json, application/*+json]
2026-03-01T11:27:05.447+01:00 DEBUG 4700 --- [api-gateway] [beatExecutor-%d] o.s.web.client.RestTemplate              : Response 200 OK
2026-03-01T11:27:06.334+01:00 DEBUG 4700 --- [api-gateway] [reshExecutor-%d] o.s.web.client.RestTemplate              : HTTP GET http://localhost:8071/eureka/apps/delta
2026-03-01T11:27:06.335+01:00 DEBUG 4700 --- [api-gateway] [reshExecutor-%d] o.s.web.client.RestTemplate              : Accept=[application/json, application/*+json]
2026-03-01T11:27:06.353+01:00 DEBUG 4700 --- [api-gateway] [reshExecutor-%d] o.s.web.client.RestTemplate              : Response 200 OK
2026-03-01T11:27:06.353+01:00 DEBUG 4700 --- [api-gateway] [reshExecutor-%d] o.s.web.client.RestTemplate              : Reading to [org.springframework.cloud.netflix.eureka.http.EurekaApplications]
2026-03-01T11:27:35.549+01:00 DEBUG 4700 --- [api-gateway] [beatExecutor-%d] o.s.web.client.RestTemplate              : HTTP PUT http://localhost:8071/eureka/apps/API-GATEWAY/localhost:api-gateway:8088?status=UP&lastDirtyTimestamp=1772355718027
2026-03-01T11:27:35.549+01:00 DEBUG 4700 --- [api-gateway] [beatExecutor-%d] o.s.web.client.RestTemplate              : Accept=[application/json, application/*+json]
2026-03-01T11:27:35.574+01:00 DEBUG 4700 --- [api-gateway] [beatExecutor-%d] o.s.web.client.RestTemplate              : Response 200 OK
2026-03-01T11:27:36.377+01:00 DEBUG 4700 --- [api-gateway] [reshExecutor-%d] o.s.web.client.RestTemplate              : HTTP GET http://localhost:8071/eureka/apps/delta
2026-03-01T11:27:36.379+01:00 DEBUG 4700 --- [api-gateway] [reshExecutor-%d] o.s.web.client.RestTemplate              : Accept=[application/json, application/*+json]
2026-03-01T11:27:36.395+01:00 DEBUG 4700 --- [api-gateway] [reshExecutor-%d] o.s.web.client.RestTemplate              : Response 200 OK
2026-03-01T11:27:36.396+01:00 DEBUG 4700 --- [api-gateway] [reshExecutor-%d] o.s.web.client.RestTemplate              : Reading to [org.springframework.cloud.netflix.eureka.http.EurekaApplications]
2026-03-01T11:28:05.704+01:00 DEBUG 4700 --- [api-gateway] [beatExecutor-%d] o.s.web.client.RestTemplate              : HTTP PUT http://localhost:8071/eureka/apps/API-GATEWAY/localhost:api-gateway:8088?status=UP&lastDirtyTimestamp=1772355718027
2026-03-01T11:28:05.704+01:00 DEBUG 4700 --- [api-gateway] [beatExecutor-%d] o.s.web.client.RestTemplate              : Accept=[application/json, application/*+json]
2026-03-01T11:28:05.721+01:00 DEBUG 4700 --- [api-gateway] [beatExecutor-%d] o.s.web.client.RestTemplate              : Response 200 OK
2026-03-01T11:28:06.422+01:00 DEBUG 4700 --- [api-gateway] [reshExecutor-%d] o.s.web.client.RestTemplate              : HTTP GET http://localhost:8071/eureka/apps/delta
2026-03-01T11:28:06.422+01:00 DEBUG 4700 --- [api-gateway] [reshExecutor-%d] o.s.web.client.RestTemplate              : Accept=[application/json, application/*+json]
2026-03-01T11:28:06.440+01:00 DEBUG 4700 --- [api-gateway] [reshExecutor-%d] o.s.web.client.RestTemplate              : Response 200 OK
2026-03-01T11:28:06.441+01:00 DEBUG 4700 --- [api-gateway] [reshExecutor-%d] o.s.web.client.RestTemplate              : Reading to [org.springframework.cloud.netflix.eureka.http.EurekaApplications]
2026-03-01T11:28:36.056+01:00 DEBUG 4700 --- [api-gateway] [beatExecutor-%d] o.s.web.client.RestTemplate              : HTTP PUT http://localhost:8071/eureka/apps/API-GATEWAY/localhost:api-gateway:8088?status=UP&lastDirtyTimestamp=1772355718027
2026-03-01T11:28:36.158+01:00 DEBUG 4700 --- [api-gateway] [beatExecutor-%d] o.s.web.client.RestTemplate              : Accept=[application/json, application/*+json]
2026-03-01T11:28:36.167+01:00 DEBUG 4700 --- [api-gateway] [beatExecutor-%d] o.s.web.client.RestTemplate              : Response 200 OK
2026-03-01T11:28:36.462+01:00 DEBUG 4700 --- [api-gateway] [reshExecutor-%d] o.s.web.client.RestTemplate              : HTTP GET http://localhost:8071/eureka/apps/delta
2026-03-01T11:28:36.500+01:00 DEBUG 4700 --- [api-gateway] [reshExecutor-%d] o.s.web.client.RestTemplate              : Accept=[application/json, application/*+json]
2026-03-01T11:28:36.511+01:00 DEBUG 4700 --- [api-gateway] [reshExecutor-%d] o.s.web.client.RestTemplate              : Response 200 OK
2026-03-01T11:28:36.512+01:00 DEBUG 4700 --- [api-gateway] [reshExecutor-%d] o.s.web.client.RestTemplate              : Reading to [org.springframework.cloud.netflix.eureka.http.EurekaApplications]
2026-03-01T11:29:06.181+01:00 DEBUG 4700 --- [api-gateway] [beatExecutor-%d] o.s.web.client.RestTemplate              : HTTP PUT http://localhost:8071/eureka/apps/API-GATEWAY/localhost:api-gateway:8088?status=UP&lastDirtyTimestamp=1772355718027
2026-03-01T11:29:06.539+01:00 DEBUG 4700 --- [api-gateway] [reshExecutor-%d] o.s.web.client.RestTemplate              : HTTP GET http://localhost:8071/eureka/apps/delta
2026-03-01T11:29:06.635+01:00 DEBUG 4700 --- [api-gateway] [beatExecutor-%d] o.s.web.client.RestTemplate              : Accept=[application/json, application/*+json]
2026-03-01T11:29:06.635+01:00 DEBUG 4700 --- [api-gateway] [reshExecutor-%d] o.s.web.client.RestTemplate              : Accept=[application/json, application/*+json]
2026-03-01T11:29:06.650+01:00 DEBUG 4700 --- [api-gateway] [reshExecutor-%d] o.s.web.client.RestTemplate              : Response 200 OK
2026-03-01T11:29:06.650+01:00 DEBUG 4700 --- [api-gateway] [beatExecutor-%d] o.s.web.client.RestTemplate              : Response 200 OK
2026-03-01T11:29:06.651+01:00 DEBUG 4700 --- [api-gateway] [reshExecutor-%d] o.s.web.client.RestTemplate              : Reading to [org.springframework.cloud.netflix.eureka.http.EurekaApplications]
2026-03-01T11:29:36.657+01:00 DEBUG 4700 --- [api-gateway] [beatExecutor-%d] o.s.web.client.RestTemplate              : HTTP PUT http://localhost:8071/eureka/apps/API-GATEWAY/localhost:api-gateway:8088?status=UP&lastDirtyTimestamp=1772355718027
2026-03-01T11:29:36.676+01:00 DEBUG 4700 --- [api-gateway] [reshExecutor-%d] o.s.web.client.RestTemplate              : HTTP GET http://localhost:8071/eureka/apps/delta
2026-03-01T11:29:37.156+01:00 DEBUG 4700 --- [api-gateway] [beatExecutor-%d] o.s.web.client.RestTemplate              : Accept=[application/json, application/*+json]
2026-03-01T11:29:37.158+01:00 DEBUG 4700 --- [api-gateway] [reshExecutor-%d] o.s.web.client.RestTemplate              : Accept=[application/json, application/*+json]
2026-03-01T11:29:37.171+01:00 DEBUG 4700 --- [api-gateway] [reshExecutor-%d] o.s.web.client.RestTemplate              : Response 200 OK
2026-03-01T11:29:37.171+01:00 DEBUG 4700 --- [api-gateway] [beatExecutor-%d] o.s.web.client.RestTemplate              : Response 200 OK
2026-03-01T11:29:37.172+01:00 DEBUG 4700 --- [api-gateway] [reshExecutor-%d] o.s.web.client.RestTemplate              : Reading to [org.springframework.cloud.netflix.eureka.http.EurekaApplications]
2026-03-01T11:30:07.206+01:00 DEBUG 4700 --- [api-gateway] [reshExecutor-%d] o.s.web.client.RestTemplate              : HTTP GET http://localhost:8071/eureka/apps/delta
2026-03-01T11:30:07.208+01:00 DEBUG 4700 --- [api-gateway] [reshExecutor-%d] o.s.web.client.RestTemplate              : Accept=[application/json, application/*+json]
2026-03-01T11:30:07.210+01:00 DEBUG 4700 --- [api-gateway] [beatExecutor-%d] o.s.web.client.RestTemplate              : HTTP PUT http://localhost:8071/eureka/apps/API-GATEWAY/localhost:api-gateway:8088?status=UP&lastDirtyTimestamp=1772355718027
2026-03-01T11:30:07.210+01:00 DEBUG 4700 --- [api-gateway] [beatExecutor-%d] o.s.web.client.RestTemplate              : Accept=[application/json, application/*+json]
2026-03-01T11:30:07.228+01:00 DEBUG 4700 --- [api-gateway] [reshExecutor-%d] o.s.web.client.RestTemplate              : Response 200 OK
2026-03-01T11:30:07.760+01:00 DEBUG 4700 --- [api-gateway] [reshExecutor-%d] o.s.web.client.RestTemplate              : Reading to [org.springframework.cloud.netflix.eureka.http.EurekaApplications]
2026-03-01T11:30:07.763+01:00 DEBUG 4700 --- [api-gateway] [beatExecutor-%d] o.s.web.client.RestTemplate              : Response 200 OK
2026-03-01T11:30:37.767+01:00 DEBUG 4700 --- [api-gateway] [beatExecutor-%d] o.s.web.client.RestTemplate              : HTTP PUT http://localhost:8071/eureka/apps/API-GATEWAY/localhost:api-gateway:8088?status=UP&lastDirtyTimestamp=1772355718027
2026-03-01T11:30:37.769+01:00 DEBUG 4700 --- [api-gateway] [beatExecutor-%d] o.s.web.client.RestTemplate              : Accept=[application/json, application/*+json]
2026-03-01T11:30:37.782+01:00 DEBUG 4700 --- [api-gateway] [reshExecutor-%d] o.s.web.client.RestTemplate              : HTTP GET http://localhost:8071/eureka/apps/delta
2026-03-01T11:30:37.783+01:00 DEBUG 4700 --- [api-gateway] [reshExecutor-%d] o.s.web.client.RestTemplate              : Accept=[application/json, application/*+json]
2026-03-01T11:30:37.785+01:00 DEBUG 4700 --- [api-gateway] [beatExecutor-%d] o.s.web.client.RestTemplate              : Response 200 OK
2026-03-01T11:30:37.800+01:00 DEBUG 4700 --- [api-gateway] [reshExecutor-%d] o.s.web.client.RestTemplate              : Response 200 OK
2026-03-01T11:30:37.801+01:00 DEBUG 4700 --- [api-gateway] [reshExecutor-%d] o.s.web.client.RestTemplate              : Reading to [org.springframework.cloud.netflix.eureka.http.EurekaApplications]
2026-03-01T11:31:07.789+01:00 DEBUG 4700 --- [api-gateway] [beatExecutor-%d] o.s.web.client.RestTemplate              : HTTP PUT http://localhost:8071/eureka/apps/API-GATEWAY/localhost:api-gateway:8088?status=UP&lastDirtyTimestamp=1772355718027
2026-03-01T11:31:07.820+01:00 DEBUG 4700 --- [api-gateway] [reshExecutor-%d] o.s.web.client.RestTemplate              : HTTP GET http://localhost:8071/eureka/apps/delta
2026-03-01T11:31:07.882+01:00 DEBUG 4700 --- [api-gateway] [reshExecutor-%d] o.s.web.client.RestTemplate              : Accept=[application/json, application/*+json]
2026-03-01T11:31:07.884+01:00 DEBUG 4700 --- [api-gateway] [beatExecutor-%d] o.s.web.client.RestTemplate              : Accept=[application/json, application/*+json]
2026-03-01T11:31:07.900+01:00 DEBUG 4700 --- [api-gateway] [beatExecutor-%d] o.s.web.client.RestTemplate              : Response 200 OK
2026-03-01T11:31:07.901+01:00 DEBUG 4700 --- [api-gateway] [reshExecutor-%d] o.s.web.client.RestTemplate              : Response 200 OK
2026-03-01T11:31:07.901+01:00 DEBUG 4700 --- [api-gateway] [reshExecutor-%d] o.s.web.client.RestTemplate              : Reading to [org.springframework.cloud.netflix.eureka.http.EurekaApplications]
2026-03-01T11:31:37.908+01:00 DEBUG 4700 --- [api-gateway] [beatExecutor-%d] o.s.web.client.RestTemplate              : HTTP PUT http://localhost:8071/eureka/apps/API-GATEWAY/localhost:api-gateway:8088?status=UP&lastDirtyTimestamp=1772355718027
2026-03-01T11:31:37.924+01:00 DEBUG 4700 --- [api-gateway] [reshExecutor-%d] o.s.web.client.RestTemplate              : HTTP GET http://localhost:8071/eureka/apps/delta
2026-03-01T11:31:38.030+01:00 DEBUG 4700 --- [api-gateway] [beatExecutor-%d] o.s.web.client.RestTemplate              : Accept=[application/json, application/*+json]
2026-03-01T11:31:38.031+01:00 DEBUG 4700 --- [api-gateway] [reshExecutor-%d] o.s.web.client.RestTemplate              : Accept=[application/json, application/*+json]
2026-03-01T11:31:38.051+01:00 DEBUG 4700 --- [api-gateway] [reshExecutor-%d] o.s.web.client.RestTemplate              : Response 200 OK
2026-03-01T11:31:38.051+01:00 DEBUG 4700 --- [api-gateway] [beatExecutor-%d] o.s.web.client.RestTemplate              : Response 200 OK
2026-03-01T11:31:38.051+01:00 DEBUG 4700 --- [api-gateway] [reshExecutor-%d] o.s.web.client.RestTemplate              : Reading to [org.springframework.cloud.netflix.eureka.http.EurekaApplications]
2026-03-01T11:31:57.853+01:00  INFO 4700 --- [api-gateway] [rap-executor-%d] c.n.d.s.r.aws.ConfigClusterResolver      : Resolving eureka endpoints via configuration
2026-03-01T11:32:08.075+01:00 DEBUG 4700 --- [api-gateway] [reshExecutor-%d] o.s.web.client.RestTemplate              : HTTP GET http://localhost:8071/eureka/apps/delta
2026-03-01T11:32:08.059+01:00 DEBUG 4700 --- [api-gateway] [beatExecutor-%d] o.s.web.client.RestTemplate              : HTTP PUT http://localhost:8071/eureka/apps/API-GATEWAY/localhost:api-gateway:8088?status=UP&lastDirtyTimestamp=1772355718027
2026-03-01T11:32:08.079+01:00 DEBUG 4700 --- [api-gateway] [reshExecutor-%d] o.s.web.client.RestTemplate              : Accept=[application/json, application/*+json]
2026-03-01T11:32:08.080+01:00 DEBUG 4700 --- [api-gateway] [beatExecutor-%d] o.s.web.client.RestTemplate              : Accept=[application/json, application/*+json]
2026-03-01T11:32:08.096+01:00 DEBUG 4700 --- [api-gateway] [reshExecutor-%d] o.s.web.client.RestTemplate              : Response 200 OK
2026-03-01T11:32:08.722+01:00 DEBUG 4700 --- [api-gateway] [reshExecutor-%d] o.s.web.client.RestTemplate              : Reading to [org.springframework.cloud.netflix.eureka.http.EurekaApplications]
2026-03-01T11:32:08.102+01:00 DEBUG 4700 --- [api-gateway] [beatExecutor-%d] o.s.web.client.RestTemplate              : Response 200 OK
2026-03-01T11:32:38.732+01:00 DEBUG 4700 --- [api-gateway] [beatExecutor-%d] o.s.web.client.RestTemplate              : HTTP PUT http://localhost:8071/eureka/apps/API-GATEWAY/localhost:api-gateway:8088?status=UP&lastDirtyTimestamp=1772355718027
2026-03-01T11:32:38.748+01:00 DEBUG 4700 --- [api-gateway] [reshExecutor-%d] o.s.web.client.RestTemplate              : HTTP GET http://localhost:8071/eureka/apps/delta
2026-03-01T11:32:38.891+01:00 DEBUG 4700 --- [api-gateway] [beatExecutor-%d] o.s.web.client.RestTemplate              : Accept=[application/json, application/*+json]
2026-03-01T11:32:38.891+01:00 DEBUG 4700 --- [api-gateway] [reshExecutor-%d] o.s.web.client.RestTemplate              : Accept=[application/json, application/*+json]
2026-03-01T11:32:38.904+01:00 DEBUG 4700 --- [api-gateway] [beatExecutor-%d] o.s.web.client.RestTemplate              : Response 200 OK
2026-03-01T11:32:38.906+01:00 DEBUG 4700 --- [api-gateway] [reshExecutor-%d] o.s.web.client.RestTemplate              : Response 200 OK
2026-03-01T11:32:38.906+01:00 DEBUG 4700 --- [api-gateway] [reshExecutor-%d] o.s.web.client.RestTemplate              : Reading to [org.springframework.cloud.netflix.eureka.http.EurekaApplications]
2026-03-01T11:33:08.910+01:00 DEBUG 4700 --- [api-gateway] [beatExecutor-%d] o.s.web.client.RestTemplate              : HTTP PUT http://localhost:8071/eureka/apps/API-GATEWAY/localhost:api-gateway:8088?status=UP&lastDirtyTimestamp=1772355718027
2026-03-01T11:33:08.911+01:00 DEBUG 4700 --- [api-gateway] [beatExecutor-%d] o.s.web.client.RestTemplate              : Accept=[application/json, application/*+json]
2026-03-01T11:33:08.923+01:00 DEBUG 4700 --- [api-gateway] [reshExecutor-%d] o.s.web.client.RestTemplate              : HTTP GET http://localhost:8071/eureka/apps/delta
2026-03-01T11:33:09.511+01:00 DEBUG 4700 --- [api-gateway] [reshExecutor-%d] o.s.web.client.RestTemplate              : Accept=[application/json, application/*+json]
2026-03-01T11:33:09.521+01:00 DEBUG 4700 --- [api-gateway] [beatExecutor-%d] o.s.web.client.RestTemplate              : Response 200 OK
2026-03-01T11:33:09.521+01:00 DEBUG 4700 --- [api-gateway] [reshExecutor-%d] o.s.web.client.RestTemplate              : Response 200 OK
2026-03-01T11:33:09.522+01:00 DEBUG 4700 --- [api-gateway] [reshExecutor-%d] o.s.web.client.RestTemplate              : Reading to [org.springframework.cloud.netflix.eureka.http.EurekaApplications]
2026-03-01T11:33:39.524+01:00 DEBUG 4700 --- [api-gateway] [beatExecutor-%d] o.s.web.client.RestTemplate              : HTTP PUT http://localhost:8071/eureka/apps/API-GATEWAY/localhost:api-gateway:8088?status=UP&lastDirtyTimestamp=1772355718027
2026-03-01T11:33:39.539+01:00 DEBUG 4700 --- [api-gateway] [reshExecutor-%d] o.s.web.client.RestTemplate              : HTTP GET http://localhost:8071/eureka/apps/delta
2026-03-01T11:33:39.561+01:00 DEBUG 4700 --- [api-gateway] [beatExecutor-%d] o.s.web.client.RestTemplate              : Accept=[application/json, application/*+json]
2026-03-01T11:33:39.561+01:00 DEBUG 4700 --- [api-gateway] [reshExecutor-%d] o.s.web.client.RestTemplate              : Accept=[application/json, application/*+json]
2026-03-01T11:33:39.583+01:00 DEBUG 4700 --- [api-gateway] [beatExecutor-%d] o.s.web.client.RestTemplate              : Response 200 OK
2026-03-01T11:33:39.583+01:00 DEBUG 4700 --- [api-gateway] [reshExecutor-%d] o.s.web.client.RestTemplate              : Response 200 OK
2026-03-01T11:33:40.237+01:00 DEBUG 4700 --- [api-gateway] [reshExecutor-%d] o.s.web.client.RestTemplate              : Reading to [org.springframework.cloud.netflix.eureka.http.EurekaApplications]
2026-03-01T11:34:10.239+01:00 DEBUG 4700 --- [api-gateway] [beatExecutor-%d] o.s.web.client.RestTemplate              : HTTP PUT http://localhost:8071/eureka/apps/API-GATEWAY/localhost:api-gateway:8088?status=UP&lastDirtyTimestamp=1772355718027
2026-03-01T11:34:10.239+01:00 DEBUG 4700 --- [api-gateway] [beatExecutor-%d] o.s.web.client.RestTemplate              : Accept=[application/json, application/*+json]
2026-03-01T11:34:10.254+01:00 DEBUG 4700 --- [api-gateway] [reshExecutor-%d] o.s.web.client.RestTemplate              : HTTP GET http://localhost:8071/eureka/apps/delta
2026-03-01T11:34:10.261+01:00 DEBUG 4700 --- [api-gateway] [beatExecutor-%d] o.s.web.client.RestTemplate              : Response 200 OK
2026-03-01T11:34:10.369+01:00 DEBUG 4700 --- [api-gateway] [reshExecutor-%d] o.s.web.client.RestTemplate              : Accept=[application/json, application/*+json]
2026-03-01T11:34:10.386+01:00 DEBUG 4700 --- [api-gateway] [reshExecutor-%d] o.s.web.client.RestTemplate              : Response 200 OK
2026-03-01T11:34:10.386+01:00 DEBUG 4700 --- [api-gateway] [reshExecutor-%d] o.s.web.client.RestTemplate              : Reading to [org.springframework.cloud.netflix.eureka.http.EurekaApplications]
2026-03-01T11:34:40.370+01:00 DEBUG 4700 --- [api-gateway] [beatExecutor-%d] o.s.web.client.RestTemplate              : HTTP PUT http://localhost:8071/eureka/apps/API-GATEWAY/localhost:api-gateway:8088?status=UP&lastDirtyTimestamp=1772355718027
2026-03-01T11:34:40.372+01:00 DEBUG 4700 --- [api-gateway] [beatExecutor-%d] o.s.web.client.RestTemplate              : Accept=[application/json, application/*+json]
2026-03-01T11:34:40.388+01:00 DEBUG 4700 --- [api-gateway] [beatExecutor-%d] o.s.web.client.RestTemplate              : Response 200 OK
2026-03-01T11:34:40.401+01:00 DEBUG 4700 --- [api-gateway] [reshExecutor-%d] o.s.web.client.RestTemplate              : HTTP GET http://localhost:8071/eureka/apps/delta
2026-03-01T11:34:40.403+01:00 DEBUG 4700 --- [api-gateway] [reshExecutor-%d] o.s.web.client.RestTemplate              : Accept=[application/json, application/*+json]
2026-03-01T11:34:40.419+01:00 DEBUG 4700 --- [api-gateway] [reshExecutor-%d] o.s.web.client.RestTemplate              : Response 200 OK
2026-03-01T11:34:40.420+01:00 DEBUG 4700 --- [api-gateway] [reshExecutor-%d] o.s.web.client.RestTemplate              : Reading to [org.springframework.cloud.netflix.eureka.http.EurekaApplications]
