[INFO] Scanning for projects...
[INFO] 
[INFO] --------------------< esprit.tn:breadandbutteruser >--------------------
[INFO] Building breadandbutteruser 0.0.1-SNAPSHOT
[INFO]   from pom.xml
[INFO] --------------------------------[ jar ]---------------------------------
[INFO] 
[INFO] >>> spring-boot:3.3.2:run (default-cli) > test-compile @ breadandbutteruser >>>
[INFO] 
[INFO] --- resources:3.3.1:resources (default-resources) @ breadandbutteruser ---
[INFO] Copying 1 resource from src\main\resources to target\classes
[INFO] Copying 3 resources from src\main\resources to target\classes
[INFO] 
[INFO] --- compiler:3.13.0:compile (default-compile) @ breadandbutteruser ---
[INFO] Nothing to compile - all classes are up to date.
[INFO] 
[INFO] --- resources:3.3.1:testResources (default-testResources) @ breadandbutteruser ---
[INFO] Copying 1 resource from src\test\resources to target\test-classes
[INFO] 
[INFO] --- compiler:3.13.0:testCompile (default-testCompile) @ breadandbutteruser ---
[INFO] Nothing to compile - all classes are up to date.
[INFO] 
[INFO] <<< spring-boot:3.3.2:run (default-cli) < test-compile @ breadandbutteruser <<<
[INFO] 
[INFO] 
[INFO] --- spring-boot:3.3.2:run (default-cli) @ breadandbutteruser ---
[INFO] Attaching agents: []

  .   ____          _            __ _ _
 /\\ / ___'_ __ _ _(_)_ __  __ _ \ \ \ \
( ( )\___ | '_ | '_| | '_ \/ _` | \ \ \ \
 \\/  ___)| |_)| | | | | || (_| |  ) ) ) )
  '  |____| .__|_| |_|_| |_\__, | / / / /
 =========|_|==============|___/=/_/_/_/

 :: Spring Boot ::                (v3.3.2)

2026-03-01T11:13:46.913+01:00  INFO 37964 --- [breadandbutteruser] [           main] e.t.b.BreadandbutteruserApplication      : Starting BreadandbutteruserApplication using Java 17.0.10 with PID 37964 (C:\Users\yassi\OneDrive\Documents\aaa\breadandbutteruser\target\classes started by yassi in C:\Users\yassi\OneDrive\Documents\aaa\breadandbutteruser)
2026-03-01T11:13:46.918+01:00  INFO 37964 --- [breadandbutteruser] [           main] e.t.b.BreadandbutteruserApplication      : No active profile set, falling back to 1 default profile: "default"
2026-03-01T11:13:46.920+01:00 DEBUG 37964 --- [breadandbutteruser] [           main] o.s.boot.SpringApplication               : Loading source class esprit.tn.breadandbutteruser.BreadandbutteruserApplication
2026-03-01T11:13:47.021+01:00 DEBUG 37964 --- [breadandbutteruser] [           main] ConfigServletWebServerApplicationContext : Refreshing org.springframework.boot.web.servlet.context.AnnotationConfigServletWebServerApplicationContext@6c372fe6
2026-03-01T11:13:49.514+01:00  INFO 37964 --- [breadandbutteruser] [           main] .s.d.r.c.RepositoryConfigurationDelegate : Bootstrapping Spring Data JPA repositories in DEFAULT mode.
2026-03-01T11:13:49.588+01:00 DEBUG 37964 --- [breadandbutteruser] [           main] o.s.b.a.AutoConfigurationPackages        : @EnableAutoConfiguration was declared on a class in the package 'esprit.tn.breadandbutteruser'. Automatic @Repository and @Entity scanning is enabled.
2026-03-01T11:13:49.903+01:00  INFO 37964 --- [breadandbutteruser] [           main] .s.d.r.c.RepositoryConfigurationDelegate : Finished Spring Data repository scanning in 337 ms. Found 6 JPA repository interfaces.
2026-03-01T11:13:50.492+01:00  INFO 37964 --- [breadandbutteruser] [           main] o.s.cloud.context.scope.GenericScope     : BeanFactory id=87de28f7-c140-3549-8991-33e6d102df20
2026-03-01T11:13:51.201+01:00  WARN 37964 --- [breadandbutteruser] [           main] trationDelegate$BeanPostProcessorChecker : Bean 'org.springframework.cloud.client.loadbalancer.LoadBalancerAutoConfiguration$DeferringLoadBalancerInterceptorConfig' of type [org.springframework.cloud.client.loadbalancer.LoadBalancerAutoConfiguration$DeferringLoadBalancerInterceptorConfig] is not eligible for getting processed by all BeanPostProcessors (for example: not eligible for auto-proxying). The currently created BeanPostProcessor [lbRestClientPostProcessor] is declared through a non-static factory method on that class; consider declaring it as static instead.
2026-03-01T11:13:51.208+01:00  WARN 37964 --- [breadandbutteruser] [           main] trationDelegate$BeanPostProcessorChecker : Bean 'deferringLoadBalancerInterceptor' of type [org.springframework.cloud.client.loadbalancer.DeferringLoadBalancerInterceptor] is not eligible for getting processed by all BeanPostProcessors (for example: not eligible for auto-proxying). Is this bean getting eagerly injected into a currently created BeanPostProcessor [lbRestClientPostProcessor]? Check the corresponding BeanPostProcessor declaration and its dependencies.
2026-03-01T11:13:51.216+01:00  WARN 37964 --- [breadandbutteruser] [           main] trationDelegate$BeanPostProcessorChecker : Bean 'org.springframework.cloud.client.loadbalancer.reactive.LoadBalancerBeanPostProcessorAutoConfiguration' of type [org.springframework.cloud.client.loadbalancer.reactive.LoadBalancerBeanPostProcessorAutoConfiguration] is not eligible for getting processed by all BeanPostProcessors (for example: not eligible for auto-proxying). The currently created BeanPostProcessor [loadBalancerWebClientBuilderBeanPostProcessor] is declared through a non-static factory method on that class; consider declaring it as static instead.
2026-03-01T11:13:51.221+01:00  WARN 37964 --- [breadandbutteruser] [           main] trationDelegate$BeanPostProcessorChecker : Bean 'org.springframework.cloud.client.loadbalancer.reactive.LoadBalancerBeanPostProcessorAutoConfiguration$ReactorDeferringLoadBalancerFilterConfig' of type [org.springframework.cloud.client.loadbalancer.reactive.LoadBalancerBeanPostProcessorAutoConfiguration$ReactorDeferringLoadBalancerFilterConfig] is not eligible for getting processed by all BeanPostProcessors (for example: not eligible for auto-proxying). Is this bean getting eagerly injected into a currently created BeanPostProcessor [loadBalancerWebClientBuilderBeanPostProcessor]? Check the corresponding BeanPostProcessor declaration and its dependencies.
2026-03-01T11:13:51.226+01:00  WARN 37964 --- [breadandbutteruser] [           main] trationDelegate$BeanPostProcessorChecker : Bean 'reactorDeferringLoadBalancerExchangeFilterFunction' of type [org.springframework.cloud.client.loadbalancer.reactive.DeferringLoadBalancerExchangeFilterFunction] is not eligible for getting processed by all BeanPostProcessors (for example: not eligible for auto-proxying). Is this bean getting eagerly injected into a currently created BeanPostProcessor [loadBalancerWebClientBuilderBeanPostProcessor]? Check the corresponding BeanPostProcessor declaration and its dependencies.
2026-03-01T11:13:51.992+01:00 DEBUG 37964 --- [breadandbutteruser] [           main] .s.b.w.e.t.TomcatServletWebServerFactory : Code archive: C:\Users\yassi\.m2\repository\org\springframework\boot\spring-boot\3.3.2\spring-boot-3.3.2.jar
2026-03-01T11:13:51.994+01:00 DEBUG 37964 --- [breadandbutteruser] [           main] .s.b.w.e.t.TomcatServletWebServerFactory : Code archive: C:\Users\yassi\.m2\repository\org\springframework\boot\spring-boot\3.3.2\spring-boot-3.3.2.jar
2026-03-01T11:13:51.995+01:00 DEBUG 37964 --- [breadandbutteruser] [           main] .s.b.w.e.t.TomcatServletWebServerFactory : None of the document roots [src/main/webapp, public, static] point to a directory and will be ignored.
2026-03-01T11:13:52.049+01:00  INFO 37964 --- [breadandbutteruser] [           main] o.s.b.w.embedded.tomcat.TomcatWebServer  : Tomcat initialized with port 8899 (http)
2026-03-01T11:13:52.067+01:00  INFO 37964 --- [breadandbutteruser] [           main] o.apache.catalina.core.StandardService   : Starting service [Tomcat]
2026-03-01T11:13:52.068+01:00  INFO 37964 --- [breadandbutteruser] [           main] o.apache.catalina.core.StandardEngine    : Starting Servlet engine: [Apache Tomcat/10.1.26]
2026-03-01T11:13:52.268+01:00  INFO 37964 --- [breadandbutteruser] [           main] o.a.c.c.C.[Tomcat].[localhost].[/]       : Initializing Spring embedded WebApplicationContext
2026-03-01T11:13:52.306+01:00 DEBUG 37964 --- [breadandbutteruser] [           main] w.s.c.ServletWebServerApplicationContext : Published root WebApplicationContext as ServletContext attribute with name [org.springframework.web.context.WebApplicationContext.ROOT]
2026-03-01T11:13:52.308+01:00  INFO 37964 --- [breadandbutteruser] [           main] w.s.c.ServletWebServerApplicationContext : Root WebApplicationContext: initialization completed in 5285 ms
2026-03-01T11:13:52.723+01:00 DEBUG 37964 --- [breadandbutteruser] [           main] o.s.b.w.s.ServletContextInitializerBeans : Mapping filters: webMvcObservationFilter urls=[/*] order=-2147483647, springSecurityFilterChain urls=[/*] order=-100, characterEncodingFilter urls=[/*] order=-2147483648, formContentFilter urls=[/*] order=-9900, requestContextFilter urls=[/*] order=-105
2026-03-01T11:13:52.724+01:00 DEBUG 37964 --- [breadandbutteruser] [           main] o.s.b.w.s.ServletContextInitializerBeans : Mapping servlets: dispatcherServlet urls=[/]
2026-03-01T11:13:52.766+01:00 DEBUG 37964 --- [breadandbutteruser] [           main] o.s.b.w.s.f.OrderedRequestContextFilter  : Filter 'requestContextFilter' configured for use
2026-03-01T11:13:52.778+01:00 DEBUG 37964 --- [breadandbutteruser] [           main] o.s.w.f.ServerHttpObservationFilter      : Filter 'webMvcObservationFilter' configured for use
2026-03-01T11:13:52.779+01:00 DEBUG 37964 --- [breadandbutteruser] [           main] s.b.w.s.f.OrderedCharacterEncodingFilter : Filter 'characterEncodingFilter' configured for use
2026-03-01T11:13:52.780+01:00 DEBUG 37964 --- [breadandbutteruser] [           main] .DelegatingFilterProxyRegistrationBean$1 : Filter 'springSecurityFilterChain' configured for use
2026-03-01T11:13:52.781+01:00 DEBUG 37964 --- [breadandbutteruser] [           main] o.s.b.w.s.f.OrderedFormContentFilter     : Filter 'formContentFilter' configured for use
2026-03-01T11:13:53.226+01:00  INFO 37964 --- [breadandbutteruser] [           main] com.zaxxer.hikari.HikariDataSource       : HikariPool-1 - Starting...
2026-03-01T11:13:53.551+01:00  INFO 37964 --- [breadandbutteruser] [           main] com.zaxxer.hikari.pool.HikariPool        : HikariPool-1 - Added connection com.mysql.cj.jdbc.ConnectionImpl@1e32037d
2026-03-01T11:13:53.555+01:00  INFO 37964 --- [breadandbutteruser] [           main] com.zaxxer.hikari.HikariDataSource       : HikariPool-1 - Start completed.
2026-03-01T11:13:53.667+01:00  INFO 37964 --- [breadandbutteruser] [           main] org.flywaydb.core.FlywayExecutor         : Database: jdbc:mysql://localhost:3306/ybrainy_users (MySQL 5.5)
2026-03-01T11:13:53.750+01:00  INFO 37964 --- [breadandbutteruser] [           main] o.f.core.internal.command.DbValidate     : Successfully validated 2 migrations (execution time 00:00.043s)
2026-03-01T11:13:53.775+01:00  INFO 37964 --- [breadandbutteruser] [           main] o.f.core.internal.command.DbMigrate      : Current version of schema `ybrainy_users`: 1
2026-03-01T11:13:53.776+01:00  WARN 37964 --- [breadandbutteruser] [           main] o.f.core.internal.command.DbMigrate      : Schema `ybrainy_users` has a version (1) that is newer than the latest available migration (0) !
2026-03-01T11:13:53.781+01:00  INFO 37964 --- [breadandbutteruser] [           main] o.f.core.internal.command.DbMigrate      : Schema `ybrainy_users` is up to date. No migration necessary.
2026-03-01T11:13:53.975+01:00  INFO 37964 --- [breadandbutteruser] [           main] o.hibernate.jpa.internal.util.LogHelper  : HHH000204: Processing PersistenceUnitInfo [name: default]
2026-03-01T11:13:54.134+01:00  INFO 37964 --- [breadandbutteruser] [           main] org.hibernate.Version                    : HHH000412: Hibernate ORM core version 6.5.2.Final
2026-03-01T11:13:54.274+01:00  INFO 37964 --- [breadandbutteruser] [           main] o.h.c.internal.RegionFactoryInitiator    : HHH000026: Second-level cache disabled
2026-03-01T11:13:55.202+01:00  INFO 37964 --- [breadandbutteruser] [           main] o.s.o.j.p.SpringPersistenceUnitInfo      : No LoadTimeWeaver setup: ignoring JPA class transformer
2026-03-01T11:13:55.325+01:00  WARN 37964 --- [breadandbutteruser] [           main] org.hibernate.dialect.Dialect            : HHH000511: The 5.5.5 version for [org.hibernate.dialect.MySQLDialect] is no longer supported, hence certain features may not work properly. The minimum supported version is 8.0.0. Check the community dialects project for available legacy versions.
2026-03-01T11:13:57.551+01:00  INFO 37964 --- [breadandbutteruser] [           main] o.h.e.t.j.p.i.JtaPlatformInitiator       : HHH000489: No JTA platform available (set 'hibernate.transaction.jta.platform' to enable JTA platform integration)
2026-03-01T11:13:57.717+01:00 DEBUG 37964 --- [breadandbutteruser] [           main] org.hibernate.SQL                        : 
    alter table interaction_events 
       modify column metadata_json TEXT
Hibernate: 
    alter table interaction_events 
       modify column metadata_json TEXT
2026-03-01T11:13:57.728+01:00 DEBUG 37964 --- [breadandbutteruser] [           main] org.hibernate.SQL                        : 
    alter table users 
       modify column profile_picture LONGTEXT
Hibernate: 
    alter table users 
       modify column profile_picture LONGTEXT
2026-03-01T11:13:57.773+01:00  INFO 37964 --- [breadandbutteruser] [           main] j.LocalContainerEntityManagerFactoryBean : Initialized JPA EntityManagerFactory for persistence unit 'default'
2026-03-01T11:13:57.807+01:00 DEBUG 37964 --- [breadandbutteruser] [           main] ySourcesPropertyResolver$DefaultResolver : Found key 'APP_SMTP_USERNAME' in PropertySource 'systemEnvironment' with value of type String
2026-03-01T11:13:59.147+01:00  INFO 37964 --- [breadandbutteruser] [           main] o.s.d.j.r.query.QueryEnhancerFactory     : Hibernate is in classpath; If applicable, HQL parser will be used.
2026-03-01T11:13:59.851+01:00 DEBUG 37964 --- [breadandbutteruser] [           main] ySourcesPropertyResolver$DefaultResolver : Found key 'APP_SMTP_APP_PASSWORD' in PropertySource 'systemEnvironment' with value of type String
2026-03-01T11:13:59.868+01:00 DEBUG 37964 --- [breadandbutteruser] [           main] ySourcesPropertyResolver$DefaultResolver : Found key 'APP_SMTP_USERNAME' in PropertySource 'systemEnvironment' with value of type String
2026-03-01T11:14:00.563+01:00  WARN 37964 --- [breadandbutteruser] [           main] JpaBaseConfiguration$JpaWebConfiguration : spring.jpa.open-in-view is enabled by default. Therefore, database queries may be performed during view rendering. Explicitly configure spring.jpa.open-in-view to disable this warning
2026-03-01T11:14:01.116+01:00 DEBUG 37964 --- [breadandbutteruser] [           main] s.w.s.m.m.a.RequestMappingHandlerMapping : 58 mappings in 'requestMappingHandlerMapping'
2026-03-01T11:14:01.240+01:00 DEBUG 37964 --- [breadandbutteruser] [           main] o.s.w.s.handler.SimpleUrlHandlerMapping  : Patterns [/webjars/**, /**, /swagger-ui*/*swagger-initializer.js, /swagger-ui*/**] in 'resourceHandlerMapping'
2026-03-01T11:14:03.154+01:00  INFO 37964 --- [breadandbutteruser] [           main] o.s.cloud.commons.util.InetUtils         : Cannot determine local hostname
2026-03-01T11:14:04.914+01:00  INFO 37964 --- [breadandbutteruser] [           main] o.s.cloud.commons.util.InetUtils         : Cannot determine local hostname
2026-03-01T11:14:05.136+01:00  INFO 37964 --- [breadandbutteruser] [           main] o.s.b.a.e.web.EndpointLinksResolver      : Exposing 1 endpoint beneath base path '/actuator'
2026-03-01T11:14:05.667+01:00 DEBUG 37964 --- [breadandbutteruser] [           main] s.w.s.m.m.a.RequestMappingHandlerAdapter : ControllerAdvice beans: 0 @ModelAttribute, 0 @InitBinder, 1 RequestBodyAdvice, 1 ResponseBodyAdvice
2026-03-01T11:14:05.803+01:00 DEBUG 37964 --- [breadandbutteruser] [           main] .m.m.a.ExceptionHandlerExceptionResolver : ControllerAdvice beans: 2 @ExceptionHandler, 1 ResponseBodyAdvice
2026-03-01T11:14:08.428+01:00  INFO 37964 --- [breadandbutteruser] [           main] o.s.cloud.commons.util.InetUtils         : Cannot determine local hostname
2026-03-01T11:14:08.484+01:00  INFO 37964 --- [breadandbutteruser] [           main] DiscoveryClientOptionalArgsConfiguration : Eureka HTTP Client uses RestTemplate.
2026-03-01T11:14:08.619+01:00  WARN 37964 --- [breadandbutteruser] [           main] iguration$LoadBalancerCaffeineWarnLogger : Spring Cloud LoadBalancer is currently working with the default cache. While this cache implementation is useful for development and tests, it's recommended to use Caffeine cache in production.You can switch to using Caffeine cache, by adding it and org.springframework.cache.caffeine.CaffeineCacheManager to the classpath.
2026-03-01T11:14:08.981+01:00  INFO 37964 --- [breadandbutteruser] [           main] o.s.c.n.eureka.InstanceInfoFactory       : Setting initial instance status as: STARTING
2026-03-01T11:14:09.036+01:00  INFO 37964 --- [breadandbutteruser] [           main] com.netflix.discovery.DiscoveryClient    : Initializing Eureka in region us-east-1
2026-03-01T11:14:09.045+01:00  INFO 37964 --- [breadandbutteruser] [           main] c.n.d.s.r.aws.ConfigClusterResolver      : Resolving eureka endpoints via configuration
2026-03-01T11:14:09.065+01:00  INFO 37964 --- [breadandbutteruser] [           main] com.netflix.discovery.DiscoveryClient    : Disable delta property : false
2026-03-01T11:14:09.066+01:00  INFO 37964 --- [breadandbutteruser] [           main] com.netflix.discovery.DiscoveryClient    : Single vip registry refresh property : null
2026-03-01T11:14:09.066+01:00  INFO 37964 --- [breadandbutteruser] [           main] com.netflix.discovery.DiscoveryClient    : Force full registry fetch : false
2026-03-01T11:14:09.066+01:00  INFO 37964 --- [breadandbutteruser] [           main] com.netflix.discovery.DiscoveryClient    : Application is null : false
2026-03-01T11:14:09.067+01:00  INFO 37964 --- [breadandbutteruser] [           main] com.netflix.discovery.DiscoveryClient    : Registered Applications size is zero : true
2026-03-01T11:14:09.067+01:00  INFO 37964 --- [breadandbutteruser] [           main] com.netflix.discovery.DiscoveryClient    : Application version is -1: true
2026-03-01T11:14:09.067+01:00  INFO 37964 --- [breadandbutteruser] [           main] com.netflix.discovery.DiscoveryClient    : Getting all instance registry info from the eureka server
2026-03-01T11:14:09.443+01:00 DEBUG 37964 --- [breadandbutteruser] [           main] o.s.web.client.RestTemplate              : HTTP GET http://localhost:8071/eureka/apps/
2026-03-01T11:14:09.632+01:00 DEBUG 37964 --- [breadandbutteruser] [           main] o.s.web.client.RestTemplate              : Accept=[application/json, application/*+json]
2026-03-01T11:14:09.788+01:00 DEBUG 37964 --- [breadandbutteruser] [           main] o.s.web.client.RestTemplate              : Response 200 OK
2026-03-01T11:14:09.792+01:00 DEBUG 37964 --- [breadandbutteruser] [           main] o.s.web.client.RestTemplate              : Reading to [org.springframework.cloud.netflix.eureka.http.EurekaApplications]
2026-03-01T11:14:09.832+01:00  INFO 37964 --- [breadandbutteruser] [           main] com.netflix.discovery.DiscoveryClient    : The response status is 200
2026-03-01T11:14:09.837+01:00  INFO 37964 --- [breadandbutteruser] [           main] com.netflix.discovery.DiscoveryClient    : Starting heartbeat executor: renew interval is: 30
2026-03-01T11:14:09.841+01:00  INFO 37964 --- [breadandbutteruser] [           main] c.n.discovery.InstanceInfoReplicator     : InstanceInfoReplicator onDemand update allowed rate per min is 4
2026-03-01T11:14:09.845+01:00  INFO 37964 --- [breadandbutteruser] [           main] com.netflix.discovery.DiscoveryClient    : Discovery Client initialized at timestamp 1772360049844 with initial instances count: 2
2026-03-01T11:14:09.860+01:00  INFO 37964 --- [breadandbutteruser] [           main] o.s.c.n.e.s.EurekaServiceRegistry        : Registering application BREADANDBUTTERUSER with eureka with status UP
2026-03-01T11:14:09.861+01:00  INFO 37964 --- [breadandbutteruser] [           main] com.netflix.discovery.DiscoveryClient    : Saw local status change event StatusChangeEvent [timestamp=1772360049861, current=UP, previous=STARTING]
2026-03-01T11:14:09.865+01:00  INFO 37964 --- [breadandbutteruser] [foReplicator-%d] com.netflix.discovery.DiscoveryClient    : DiscoveryClient_BREADANDBUTTERUSER/localhost:breadandbutteruser:8899: registering service...
2026-03-01T11:14:09.872+01:00 DEBUG 37964 --- [breadandbutteruser] [foReplicator-%d] o.s.web.client.RestTemplate              : HTTP POST http://localhost:8071/eureka/apps/BREADANDBUTTERUSER
2026-03-01T11:14:09.876+01:00 DEBUG 37964 --- [breadandbutteruser] [foReplicator-%d] o.s.web.client.RestTemplate              : Accept=[application/json, application/*+json]
2026-03-01T11:14:09.888+01:00 DEBUG 37964 --- [breadandbutteruser] [foReplicator-%d] o.s.web.client.RestTemplate              : Writing [InstanceInfo [instanceId = localhost:breadandbutteruser:8899, appName = BREADANDBUTTERUSER, hostName = localhost, status = UP, ipAddr = 192.168.11.1, port = 8899, securePort = 443, dataCenterInfo = com.netflix.appinfo.MyDataCenterInfo@6283ac9] as "application/json"
2026-03-01T11:14:09.922+01:00 DEBUG 37964 --- [breadandbutteruser] [foReplicator-%d] o.s.web.client.RestTemplate              : Response 204 NO_CONTENT
2026-03-01T11:14:09.923+01:00  INFO 37964 --- [breadandbutteruser] [foReplicator-%d] com.netflix.discovery.DiscoveryClient    : DiscoveryClient_BREADANDBUTTERUSER/localhost:breadandbutteruser:8899 - registration status: 204
2026-03-01T11:14:10.281+01:00  INFO 37964 --- [breadandbutteruser] [           main] o.s.b.w.embedded.tomcat.TomcatWebServer  : Tomcat started on port 8899 (http) with context path '/'
2026-03-01T11:14:10.283+01:00  INFO 37964 --- [breadandbutteruser] [           main] .s.c.n.e.s.EurekaAutoServiceRegistration : Updating port to 8899
2026-03-01T11:14:11.926+01:00  INFO 37964 --- [breadandbutteruser] [           main] o.s.cloud.commons.util.InetUtils         : Cannot determine local hostname
2026-03-01T11:14:13.655+01:00  INFO 37964 --- [breadandbutteruser] [           main] o.s.cloud.commons.util.InetUtils         : Cannot determine local hostname
2026-03-01T11:14:13.745+01:00 DEBUG 37964 --- [breadandbutteruser] [           main] .s.b.a.l.ConditionEvaluationReportLogger : 


============================
CONDITIONS EVALUATION REPORT
============================


Positive matches:
-----------------

   AopAutoConfiguration matched:
      - @ConditionalOnProperty (spring.aop.auto=true) matched (OnPropertyCondition)

   AopAutoConfiguration.AspectJAutoProxyingConfiguration matched:
      - @ConditionalOnClass found required class 'org.aspectj.weaver.Advice' (OnClassCondition)

   AopAutoConfiguration.AspectJAutoProxyingConfiguration.CglibAutoProxyConfiguration matched:
      - @ConditionalOnProperty (spring.aop.proxy-target-class=true) matched (OnPropertyCondition)

   ApplicationAvailabilityAutoConfiguration#applicationAvailability matched:
      - @ConditionalOnMissingBean (types: org.springframework.boot.availability.ApplicationAvailability; SearchStrategy: all) did not find any beans (OnBeanCondition)

   AutoServiceRegistrationAutoConfiguration matched:
      - @ConditionalOnProperty (spring.cloud.service-registry.auto-registration.enabled) matched (OnPropertyCondition)

   AutoServiceRegistrationConfiguration matched:
      - @ConditionalOnProperty (spring.cloud.service-registry.auto-registration.enabled) matched (OnPropertyCondition)

   BlockingLoadBalancerClientAutoConfiguration matched:
      - @ConditionalOnProperty (spring.cloud.loadbalancer.enabled=true) matched (OnPropertyCondition)
      - AnyNestedCondition 2 matched 0 did not; NestedCondition on BlockingRestClassesPresentCondition.RestClientPresent @ConditionalOnClass found required class 'org.springframework.web.client.RestClient'; NestedCondition on BlockingRestClassesPresentCondition.RestTemplatePresent @ConditionalOnClass found required class 'org.springframework.web.client.RestTemplate' (BlockingRestClassesPresentCondition)

   BlockingLoadBalancerClientAutoConfiguration#blockingLoadBalancerClient matched:
      - @ConditionalOnBean (types: org.springframework.cloud.loadbalancer.support.LoadBalancerClientFactory; SearchStrategy: all) found bean 'loadBalancerClientFactory'; @ConditionalOnMissingBean (types: org.springframework.cloud.client.loadbalancer.LoadBalancerClient; SearchStrategy: all) did not find any beans (OnBeanCondition)

   BlockingLoadBalancerClientAutoConfiguration#loadBalancerServiceInstanceCookieTransformer matched:
      - @ConditionalOnBean (types: org.springframework.cloud.loadbalancer.support.LoadBalancerClientFactory; SearchStrategy: all) found bean 'loadBalancerClientFactory'; @ConditionalOnMissingBean (types: org.springframework.cloud.loadbalancer.core.LoadBalancerServiceInstanceCookieTransformer; SearchStrategy: all) did not find any beans (OnBeanCondition)

   BlockingLoadBalancerClientAutoConfiguration#xForwarderHeadersTransformer matched:
      - @ConditionalOnBean (types: org.springframework.cloud.loadbalancer.support.LoadBalancerClientFactory; SearchStrategy: all) found bean 'loadBalancerClientFactory'; @ConditionalOnMissingBean (types: org.springframework.cloud.loadbalancer.blocking.XForwardedHeadersTransformer; SearchStrategy: all) did not find any beans (OnBeanCondition)

   CacheMeterBinderProvidersConfiguration matched:
      - @ConditionalOnClass found required class 'io.micrometer.core.instrument.binder.MeterBinder' (OnClassCondition)

   ClientHttpConnectorAutoConfiguration matched:
      - @ConditionalOnClass found required class 'org.springframework.web.reactive.function.client.WebClient' (OnClassCondition)

   ClientHttpConnectorAutoConfiguration#webClientHttpConnector matched:
      - @ConditionalOnMissingBean (types: org.springframework.http.client.reactive.ClientHttpConnector; SearchStrategy: all) did not find any beans (OnBeanCondition)

   ClientHttpConnectorAutoConfiguration#webClientHttpConnectorCustomizer matched:
      - @ConditionalOnBean (types: org.springframework.http.client.reactive.ClientHttpConnector; SearchStrategy: all) found bean 'webClientHttpConnector' (OnBeanCondition)

   ClientHttpConnectorFactoryConfiguration.ReactorNetty matched:
      - @ConditionalOnClass found required class 'reactor.netty.http.client.HttpClient' (OnClassCondition)
      - @ConditionalOnMissingBean (types: org.springframework.boot.autoconfigure.web.reactive.function.client.ClientHttpConnectorFactory; SearchStrategy: all) did not find any beans (OnBeanCondition)

   CodecsAutoConfiguration matched:
      - @ConditionalOnClass found required classes 'org.springframework.http.codec.CodecConfigurer', 'org.springframework.web.reactive.function.client.WebClient' (OnClassCondition)

   CodecsAutoConfiguration.JacksonCodecConfiguration matched:
      - @ConditionalOnClass found required class 'com.fasterxml.jackson.databind.ObjectMapper' (OnClassCondition)

   CodecsAutoConfiguration.JacksonCodecConfiguration#jacksonCodecCustomizer matched:
      - @ConditionalOnBean (types: com.fasterxml.jackson.databind.ObjectMapper; SearchStrategy: all) found bean 'jacksonObjectMapper' (OnBeanCondition)

   CommonsClientAutoConfiguration.ActuatorConfiguration matched:
      - @ConditionalOnClass found required class 'org.springframework.boot.actuate.endpoint.annotation.Endpoint' (OnClassCondition)
      - @ConditionalOnProperty (spring.cloud.features.enabled) matched (OnPropertyCondition)

   CommonsClientAutoConfiguration.DiscoveryLoadBalancerConfiguration matched:
      - @ConditionalOnClass found required class 'org.springframework.boot.actuate.health.HealthIndicator' (OnClassCondition)
      - @ConditionalOnProperty (spring.cloud.discovery.enabled) matched; @ConditionalOnProperty (spring.cloud.discovery.blocking.enabled) matched (OnPropertyCondition)
      - @ConditionalOnBean (types: org.springframework.cloud.client.discovery.DiscoveryClient; SearchStrategy: all) found beans 'discoveryClient', 'simpleDiscoveryClient', 'compositeDiscoveryClient' (OnBeanCondition)

   CommonsClientAutoConfiguration.DiscoveryLoadBalancerConfiguration#discoveryClientHealthIndicator matched:
      - @ConditionalOnProperty (spring.cloud.discovery.client.health-indicator.enabled) matched (OnPropertyCondition)

   CommonsClientAutoConfiguration.DiscoveryLoadBalancerConfiguration#discoveryCompositeHealthContributor matched:
      - @ConditionalOnProperty (spring.cloud.discovery.client.composite-indicator.enabled) matched (OnPropertyCondition)
      - @ConditionalOnBean (types: org.springframework.cloud.client.discovery.health.DiscoveryHealthIndicator; SearchStrategy: all) found beans 'eurekaHealthIndicator', 'discoveryClientHealthIndicator' (OnBeanCondition)

   CompatibilityVerifierAutoConfiguration matched:
      - @ConditionalOnProperty (spring.cloud.compatibility-verifier.enabled) matched (OnPropertyCondition)

   CompositeMeterRegistryAutoConfiguration matched:
      - @ConditionalOnClass found required class 'io.micrometer.core.instrument.composite.CompositeMeterRegistry' (OnClassCondition)

   ConfigurationPropertiesRebinderAutoConfiguration matched:
      - @ConditionalOnBean (types: org.springframework.boot.context.properties.ConfigurationPropertiesBindingPostProcessor; SearchStrategy: all) found bean 'org.springframework.boot.context.properties.ConfigurationPropertiesBindingPostProcessor' (OnBeanCondition)

   ConfigurationPropertiesRebinderAutoConfiguration#configurationPropertiesBeans matched:
      - @ConditionalOnMissingBean (types: org.springframework.cloud.context.properties.ConfigurationPropertiesBeans; SearchStrategy: current) did not find any beans (OnBeanCondition)

   ConfigurationPropertiesRebinderAutoConfiguration#configurationPropertiesRebinder matched:
      - @ConditionalOnMissingBean (types: org.springframework.cloud.context.properties.ConfigurationPropertiesRebinder; SearchStrategy: current) did not find any beans (OnBeanCondition)

   DataSourceAutoConfiguration matched:
      - @ConditionalOnClass found required classes 'javax.sql.DataSource', 'org.springframework.jdbc.datasource.embedded.EmbeddedDatabaseType' (OnClassCondition)
      - @ConditionalOnMissingBean (types: io.r2dbc.spi.ConnectionFactory; SearchStrategy: all) did not find any beans (OnBeanCondition)

   DataSourceAutoConfiguration.PooledDataSourceConfiguration matched:
      - AnyNestedCondition 1 matched 1 did not; NestedCondition on DataSourceAutoConfiguration.PooledDataSourceCondition.PooledDataSourceAvailable PooledDataSource found supported DataSource; NestedCondition on DataSourceAutoConfiguration.PooledDataSourceCondition.ExplicitType @ConditionalOnProperty (spring.datasource.type) did not find property 'type' (DataSourceAutoConfiguration.PooledDataSourceCondition)
      - @ConditionalOnMissingBean (types: javax.sql.DataSource,javax.sql.XADataSource; SearchStrategy: all) did not find any beans (OnBeanCondition)

   DataSourceAutoConfiguration.PooledDataSourceConfiguration#jdbcConnectionDetails matched:
      - @ConditionalOnMissingBean (types: org.springframework.boot.autoconfigure.jdbc.JdbcConnectionDetails; SearchStrategy: all) did not find any beans (OnBeanCondition)

   DataSourceConfiguration.Hikari matched:
      - @ConditionalOnClass found required class 'com.zaxxer.hikari.HikariDataSource' (OnClassCondition)
      - @ConditionalOnProperty (spring.datasource.type=com.zaxxer.hikari.HikariDataSource) matched (OnPropertyCondition)
      - @ConditionalOnMissingBean (types: javax.sql.DataSource; SearchStrategy: all) did not find any beans (OnBeanCondition)

   DataSourceHealthContributorAutoConfiguration matched:
      - @ConditionalOnClass found required classes 'org.springframework.jdbc.core.JdbcTemplate', 'org.springframework.jdbc.datasource.lookup.AbstractRoutingDataSource' (OnClassCondition)
      - @ConditionalOnEnabledHealthIndicator management.health.defaults.enabled is considered true (OnEnabledHealthIndicatorCondition)
      - @ConditionalOnBean (types: javax.sql.DataSource; SearchStrategy: all) found bean 'dataSource' (OnBeanCondition)

   DataSourceHealthContributorAutoConfiguration#dbHealthContributor matched:
      - @ConditionalOnMissingBean (names: dbHealthIndicator,dbHealthContributor; SearchStrategy: all) did not find any beans (OnBeanCondition)

   DataSourceInitializationConfiguration matched:
      - @ConditionalOnClass found required class 'org.springframework.jdbc.datasource.init.DatabasePopulator' (OnClassCondition)
      - @ConditionalOnSingleCandidate (types: javax.sql.DataSource; SearchStrategy: all) found a single bean 'dataSource'; @ConditionalOnMissingBean (types: org.springframework.boot.autoconfigure.sql.init.SqlDataSourceScriptDatabaseInitializer,org.springframework.boot.autoconfigure.sql.init.SqlR2dbcScriptDatabaseInitializer; SearchStrategy: all) did not find any beans (OnBeanCondition)

   DataSourceJmxConfiguration matched:
      - @ConditionalOnProperty (spring.jmx.enabled=true) matched (OnPropertyCondition)

   DataSourceJmxConfiguration.Hikari matched:
      - @ConditionalOnClass found required class 'com.zaxxer.hikari.HikariDataSource' (OnClassCondition)
      - @ConditionalOnSingleCandidate (types: javax.sql.DataSource; SearchStrategy: all) found a single bean 'dataSource' (OnBeanCondition)

   DataSourcePoolMetadataProvidersConfiguration.HikariPoolDataSourceMetadataProviderConfiguration matched:
      - @ConditionalOnClass found required class 'com.zaxxer.hikari.HikariDataSource' (OnClassCondition)

   DataSourcePoolMetricsAutoConfiguration matched:
      - @ConditionalOnClass found required classes 'javax.sql.DataSource', 'io.micrometer.core.instrument.MeterRegistry' (OnClassCondition)
      - @ConditionalOnBean (types: javax.sql.DataSource,io.micrometer.core.instrument.MeterRegistry; SearchStrategy: all) found beans 'simpleMeterRegistry', 'dataSource' (OnBeanCondition)

   DataSourcePoolMetricsAutoConfiguration.DataSourcePoolMetadataMetricsConfiguration matched:
      - @ConditionalOnBean (types: org.springframework.boot.jdbc.metadata.DataSourcePoolMetadataProvider; SearchStrategy: all) found bean 'hikariPoolDataSourceMetadataProvider' (OnBeanCondition)

   DataSourcePoolMetricsAutoConfiguration.HikariDataSourceMetricsConfiguration matched:
      - @ConditionalOnClass found required class 'com.zaxxer.hikari.HikariDataSource' (OnClassCondition)

   DataSourceTransactionManagerAutoConfiguration matched:
      - @ConditionalOnClass found required classes 'javax.sql.DataSource', 'org.springframework.jdbc.core.JdbcTemplate', 'org.springframework.transaction.TransactionManager' (OnClassCondition)

   DataSourceTransactionManagerAutoConfiguration.JdbcTransactionManagerConfiguration matched:
      - @ConditionalOnSingleCandidate (types: javax.sql.DataSource; SearchStrategy: all) found a single bean 'dataSource' (OnBeanCondition)

   DiscoveryClientOptionalArgsConfiguration#defaultEurekaClientHttpRequestFactorySupplier matched:
      - @ConditionalOnClass found required class 'org.springframework.web.client.RestTemplate' (OnClassCondition)
      - @ConditionalOnMissingBean (types: org.springframework.cloud.netflix.eureka.http.EurekaClientHttpRequestFactorySupplier; SearchStrategy: all) did not find any beans (OnBeanCondition)

   DiscoveryClientOptionalArgsConfiguration#restTemplateDiscoveryClientOptionalArgs matched:
      - @ConditionalOnClass found required class 'org.springframework.web.client.RestTemplate' (OnClassCondition)
      - @ConditionalOnProperty (eureka.client.webclient.enabled=false) matched (OnPropertyCondition)
      - AnyNestedCondition 1 matched 1 did not; NestedCondition on DiscoveryClientOptionalArgsConfiguration.JerseyClientNotPresentOrNotEnabledCondition.OnJerseyClientDisabled @ConditionalOnProperty (eureka.client.jersey.enabled=false) did not find property 'eureka.client.jersey.enabled'; NestedCondition on DiscoveryClientOptionalArgsConfiguration.JerseyClientNotPresentOrNotEnabledCondition.OnJerseyClientMissing @ConditionalOnMissingClass did not find unwanted class 'org.glassfish.jersey.client.JerseyClient' (DiscoveryClientOptionalArgsConfiguration.JerseyClientNotPresentOrNotEnabledCondition)
      - @ConditionalOnMissingBean (types: com.netflix.discovery.AbstractDiscoveryClientOptionalArgs; SearchStrategy: current) did not find any beans (OnBeanCondition)

   DiscoveryClientOptionalArgsConfiguration#restTemplateTransportClientFactories matched:
      - @ConditionalOnClass found required class 'org.springframework.web.client.RestTemplate' (OnClassCondition)
      - @ConditionalOnProperty (eureka.client.webclient.enabled=false) matched (OnPropertyCondition)
      - AnyNestedCondition 1 matched 1 did not; NestedCondition on DiscoveryClientOptionalArgsConfiguration.JerseyClientNotPresentOrNotEnabledCondition.OnJerseyClientDisabled @ConditionalOnProperty (eureka.client.jersey.enabled=false) did not find property 'eureka.client.jersey.enabled'; NestedCondition on DiscoveryClientOptionalArgsConfiguration.JerseyClientNotPresentOrNotEnabledCondition.OnJerseyClientMissing @ConditionalOnMissingClass did not find unwanted class 'org.glassfish.jersey.client.JerseyClient' (DiscoveryClientOptionalArgsConfiguration.JerseyClientNotPresentOrNotEnabledCondition)
      - @ConditionalOnMissingBean (types: com.netflix.discovery.shared.transport.jersey.TransportClientFactories; SearchStrategy: current) did not find any beans (OnBeanCondition)

   DiskSpaceHealthContributorAutoConfiguration matched:
      - @ConditionalOnEnabledHealthIndicator management.health.defaults.enabled is considered true (OnEnabledHealthIndicatorCondition)

   DiskSpaceHealthContributorAutoConfiguration#diskSpaceHealthIndicator matched:
      - @ConditionalOnMissingBean (names: diskSpaceHealthIndicator; SearchStrategy: all) did not find any beans (OnBeanCondition)

   DispatcherServletAutoConfiguration matched:
      - @ConditionalOnClass found required class 'org.springframework.web.servlet.DispatcherServlet' (OnClassCondition)
      - found 'session' scope (OnWebApplicationCondition)

   DispatcherServletAutoConfiguration.DispatcherServletConfiguration matched:
      - @ConditionalOnClass found required class 'jakarta.servlet.ServletRegistration' (OnClassCondition)
      - Default DispatcherServlet did not find dispatcher servlet beans (DispatcherServletAutoConfiguration.DefaultDispatcherServletCondition)

   DispatcherServletAutoConfiguration.DispatcherServletRegistrationConfiguration matched:
      - @ConditionalOnClass found required class 'jakarta.servlet.ServletRegistration' (OnClassCondition)
      - DispatcherServlet Registration did not find servlet registration bean (DispatcherServletAutoConfiguration.DispatcherServletRegistrationCondition)

   DispatcherServletAutoConfiguration.DispatcherServletRegistrationConfiguration#dispatcherServletRegistration matched:
      - @ConditionalOnBean (names: dispatcherServlet types: org.springframework.web.servlet.DispatcherServlet; SearchStrategy: all) found bean 'dispatcherServlet' (OnBeanCondition)

   EmbeddedWebServerFactoryCustomizerAutoConfiguration matched:
      - @ConditionalOnWebApplication (required) found 'session' scope (OnWebApplicationCondition)
      - @ConditionalOnWarDeployment the application is not deployed as a WAR file. (OnWarDeploymentCondition)

   EmbeddedWebServerFactoryCustomizerAutoConfiguration.NettyWebServerFactoryCustomizerConfiguration matched:
      - @ConditionalOnClass found required class 'reactor.netty.http.server.HttpServer' (OnClassCondition)

   EmbeddedWebServerFactoryCustomizerAutoConfiguration.TomcatWebServerFactoryCustomizerConfiguration matched:
      - @ConditionalOnClass found required classes 'org.apache.catalina.startup.Tomcat', 'org.apache.coyote.UpgradeProtocol' (OnClassCondition)

   EndpointAutoConfiguration#endpointCachingOperationInvokerAdvisor matched:
      - @ConditionalOnMissingBean (types: org.springframework.boot.actuate.endpoint.invoker.cache.CachingOperationInvokerAdvisor; SearchStrategy: all) did not find any beans (OnBeanCondition)

   EndpointAutoConfiguration#endpointOperationParameterMapper matched:
      - @ConditionalOnMissingBean (types: org.springframework.boot.actuate.endpoint.invoke.ParameterValueMapper; SearchStrategy: all) did not find any beans (OnBeanCondition)

   ErrorMvcAutoConfiguration matched:
      - @ConditionalOnClass found required classes 'jakarta.servlet.Servlet', 'org.springframework.web.servlet.DispatcherServlet' (OnClassCondition)
      - found 'session' scope (OnWebApplicationCondition)

   ErrorMvcAutoConfiguration#basicErrorController matched:
      - @ConditionalOnMissingBean (types: org.springframework.boot.web.servlet.error.ErrorController; SearchStrategy: current) did not find any beans (OnBeanCondition)

   ErrorMvcAutoConfiguration#errorAttributes matched:
      - @ConditionalOnMissingBean (types: org.springframework.boot.web.servlet.error.ErrorAttributes; SearchStrategy: current) did not find any beans (OnBeanCondition)

   ErrorMvcAutoConfiguration.DefaultErrorViewResolverConfiguration#conventionErrorViewResolver matched:
      - @ConditionalOnBean (types: org.springframework.web.servlet.DispatcherServlet; SearchStrategy: all) found bean 'dispatcherServlet'; @ConditionalOnMissingBean (types: org.springframework.boot.autoconfigure.web.servlet.error.ErrorViewResolver; SearchStrategy: all) did not find any beans (OnBeanCondition)

   ErrorMvcAutoConfiguration.WhitelabelErrorViewConfiguration matched:
      - @ConditionalOnProperty (server.error.whitelabel.enabled) matched (OnPropertyCondition)
      - ErrorTemplate Missing did not find error template view (ErrorMvcAutoConfiguration.ErrorTemplateMissingCondition)

   ErrorMvcAutoConfiguration.WhitelabelErrorViewConfiguration#beanNameViewResolver matched:
      - @ConditionalOnMissingBean (types: org.springframework.web.servlet.view.BeanNameViewResolver; SearchStrategy: all) did not find any beans (OnBeanCondition)

   ErrorMvcAutoConfiguration.WhitelabelErrorViewConfiguration#defaultErrorView matched:
      - @ConditionalOnMissingBean (names: error; SearchStrategy: all) did not find any beans (OnBeanCondition)

   EurekaClientAutoConfiguration matched:
      - @ConditionalOnClass found required class 'com.netflix.discovery.EurekaClientConfig' (OnClassCondition)
      - @ConditionalOnProperty (eureka.client.enabled) matched; @ConditionalOnProperty (spring.cloud.discovery.enabled) matched (OnPropertyCondition)

   EurekaClientAutoConfiguration#eurekaAutoServiceRegistration matched:
      - @ConditionalOnProperty (spring.cloud.service-registry.auto-registration.enabled) matched (OnPropertyCondition)
      - @ConditionalOnBean (types: org.springframework.cloud.client.serviceregistry.AutoServiceRegistrationProperties; SearchStrategy: all) found bean 'spring.cloud.service-registry.auto-registration-org.springframework.cloud.client.serviceregistry.AutoServiceRegistrationProperties' (OnBeanCondition)

   EurekaClientAutoConfiguration#eurekaClientConfigBean matched:
      - @ConditionalOnMissingBean (types: com.netflix.discovery.EurekaClientConfig; SearchStrategy: current) did not find any beans (OnBeanCondition)

   EurekaClientAutoConfiguration#eurekaInstanceConfigBean matched:
      - @ConditionalOnMissingBean (types: com.netflix.appinfo.EurekaInstanceConfig; SearchStrategy: current) did not find any beans (OnBeanCondition)

   EurekaClientAutoConfiguration#serviceManagementMetadataProvider matched:
      - @ConditionalOnMissingBean (types: org.springframework.cloud.netflix.eureka.metadata.ManagementMetadataProvider; SearchStrategy: all) did not find any beans (OnBeanCondition)

   EurekaClientAutoConfiguration.EurekaHealthIndicatorConfiguration matched:
      - @ConditionalOnClass found required class 'org.springframework.boot.actuate.health.Health' (OnClassCondition)

   EurekaClientAutoConfiguration.EurekaHealthIndicatorConfiguration#eurekaHealthIndicator matched:
      - @ConditionalOnMissingBean (types: org.springframework.cloud.netflix.eureka.EurekaHealthIndicator; SearchStrategy: all) did not find any beans (OnBeanCondition)
      - @ConditionalOnEnabledHealthIndicator management.health.defaults.enabled is considered true (OnEnabledHealthIndicatorCondition)

   EurekaClientAutoConfiguration.RefreshableEurekaClientConfiguration matched:
      - @ConditionalOnClass found required class 'org.springframework.cloud.context.scope.refresh.RefreshScope' (OnClassCondition)
      - @ConditionalOnProperty (eureka.client.refresh.enable=true) matched (OnPropertyCondition)
      - @ConditionalOnBean (types: org.springframework.cloud.autoconfigure.RefreshAutoConfiguration; SearchStrategy: all) found bean 'org.springframework.cloud.autoconfigure.RefreshAutoConfiguration' (OnBeanCondition)

   EurekaClientAutoConfiguration.RefreshableEurekaClientConfiguration#eurekaApplicationInfoManager matched:
      - @ConditionalOnMissingBean (types: com.netflix.appinfo.ApplicationInfoManager; SearchStrategy: current) did not find any beans (OnBeanCondition)

   EurekaClientAutoConfiguration.RefreshableEurekaClientConfiguration#eurekaClient matched:
      - @ConditionalOnMissingBean (types: com.netflix.discovery.EurekaClient; SearchStrategy: current) did not find any beans (OnBeanCondition)

   EurekaClientAutoConfiguration.RefreshableEurekaClientConfiguration#eurekaRegistration matched:
      - @ConditionalOnProperty (spring.cloud.service-registry.auto-registration.enabled) matched (OnPropertyCondition)
      - @ConditionalOnBean (types: org.springframework.cloud.client.serviceregistry.AutoServiceRegistrationProperties; SearchStrategy: all) found bean 'spring.cloud.service-registry.auto-registration-org.springframework.cloud.client.serviceregistry.AutoServiceRegistrationProperties' (OnBeanCondition)

   EurekaDiscoveryClientConfiguration matched:
      - @ConditionalOnClass found required class 'com.netflix.discovery.EurekaClientConfig' (OnClassCondition)
      - @ConditionalOnProperty (eureka.client.enabled) matched; @ConditionalOnProperty (spring.cloud.discovery.enabled) matched; @ConditionalOnProperty (spring.cloud.discovery.blocking.enabled) matched (OnPropertyCondition)

   EurekaDiscoveryClientConfiguration#discoveryClient matched:
      - @ConditionalOnMissingBean (types: org.springframework.cloud.netflix.eureka.EurekaDiscoveryClient; SearchStrategy: all) did not find any beans (OnBeanCondition)

   EurekaDiscoveryClientConfiguration.EurekaClientConfigurationRefresher matched:
      - @ConditionalOnClass found required class 'org.springframework.cloud.context.scope.refresh.RefreshScopeRefreshedEvent' (OnClassCondition)

   EurekaReactiveDiscoveryClientConfiguration matched:
      - @ConditionalOnClass found required classes 'com.netflix.discovery.EurekaClientConfig', 'org.springframework.web.reactive.function.client.WebClient' (OnClassCondition)
      - @ConditionalOnProperty (eureka.client.enabled) matched; @ConditionalOnProperty (spring.cloud.discovery.enabled) matched; @ConditionalOnProperty (spring.cloud.discovery.reactive.enabled) matched (OnPropertyCondition)

   EurekaReactiveDiscoveryClientConfiguration#eurekaReactiveDiscoveryClient matched:
      - @ConditionalOnMissingBean (types: org.springframework.cloud.netflix.eureka.reactive.EurekaReactiveDiscoveryClient; SearchStrategy: all) did not find any beans (OnBeanCondition)

   EurekaReactiveDiscoveryClientConfiguration#eurekaReactiveDiscoveryClientHealthIndicator matched:
      - @ConditionalOnClass found required class 'org.springframework.boot.actuate.health.ReactiveHealthIndicator' (OnClassCondition)
      - @ConditionalOnProperty (spring.cloud.discovery.client.health-indicator.enabled) matched (OnPropertyCondition)

   FlywayAutoConfiguration matched:
      - @ConditionalOnClass found required class 'org.flywaydb.core.Flyway' (OnClassCondition)
      - @ConditionalOnProperty (spring.flyway.enabled) matched (OnPropertyCondition)
      - AnyNestedCondition 2 matched 1 did not; NestedCondition on FlywayAutoConfiguration.FlywayDataSourceCondition.FlywayUrlCondition @ConditionalOnProperty (spring.flyway.url) did not find property 'url'; NestedCondition on FlywayAutoConfiguration.FlywayDataSourceCondition.JdbcConnectionDetailsCondition @ConditionalOnBean (types: org.springframework.boot.autoconfigure.jdbc.JdbcConnectionDetails; SearchStrategy: all) found bean 'jdbcConnectionDetails'; NestedCondition on FlywayAutoConfiguration.FlywayDataSourceCondition.DataSourceBeanCondition @ConditionalOnBean (types: javax.sql.DataSource; SearchStrategy: all) found bean 'dataSource' (FlywayAutoConfiguration.FlywayDataSourceCondition)

   FlywayAutoConfiguration.FlywayConfiguration matched:
      - @ConditionalOnClass found required class 'org.springframework.jdbc.support.JdbcUtils' (OnClassCondition)
      - @ConditionalOnMissingBean (types: org.flywaydb.core.Flyway; SearchStrategy: all) did not find any beans (OnBeanCondition)

   FlywayAutoConfiguration.FlywayConfiguration#flywayConnectionDetails matched:
      - @ConditionalOnMissingBean (types: org.springframework.boot.autoconfigure.flyway.FlywayConnectionDetails; SearchStrategy: all) did not find any beans (OnBeanCondition)

   FlywayAutoConfiguration.FlywayConfiguration#flywayInitializer matched:
      - @ConditionalOnMissingBean (types: org.springframework.boot.autoconfigure.flyway.FlywayMigrationInitializer; SearchStrategy: all) did not find any beans (OnBeanCondition)

   GenericCacheConfiguration matched:
      - Cache org.springframework.boot.autoconfigure.cache.GenericCacheConfiguration automatic cache type (CacheCondition)

   GsonAutoConfiguration matched:
      - @ConditionalOnClass found required class 'com.google.gson.Gson' (OnClassCondition)

   GsonAutoConfiguration#gson matched:
      - @ConditionalOnMissingBean (types: com.google.gson.Gson; SearchStrategy: all) did not find any beans (OnBeanCondition)

   GsonAutoConfiguration#gsonBuilder matched:
      - @ConditionalOnMissingBean (types: com.google.gson.GsonBuilder; SearchStrategy: all) did not find any beans (OnBeanCondition)

   GsonHttpMessageConvertersConfiguration matched:
      - @ConditionalOnClass found required class 'com.google.gson.Gson' (OnClassCondition)

   HealthContributorAutoConfiguration#pingHealthContributor matched:
      - @ConditionalOnEnabledHealthIndicator management.health.defaults.enabled is considered true (OnEnabledHealthIndicatorCondition)

   HealthEndpointAutoConfiguration matched:
      - @ConditionalOnAvailableEndpoint marked as exposed by a 'management.endpoints.web.exposure' property (OnAvailableEndpointCondition)

   HealthEndpointConfiguration#healthContributorRegistry matched:
      - @ConditionalOnMissingBean (types: org.springframework.boot.actuate.health.HealthContributorRegistry; SearchStrategy: all) did not find any beans (OnBeanCondition)

   HealthEndpointConfiguration#healthEndpoint matched:
      - @ConditionalOnMissingBean (types: org.springframework.boot.actuate.health.HealthEndpoint; SearchStrategy: all) did not find any beans (OnBeanCondition)

   HealthEndpointConfiguration#healthEndpointGroupMembershipValidator matched:
      - @ConditionalOnProperty (management.endpoint.health.validate-group-membership=true) matched (OnPropertyCondition)

   HealthEndpointConfiguration#healthEndpointGroups matched:
      - @ConditionalOnMissingBean (types: org.springframework.boot.actuate.health.HealthEndpointGroups; SearchStrategy: all) did not find any beans (OnBeanCondition)

   HealthEndpointConfiguration#healthHttpCodeStatusMapper matched:
      - @ConditionalOnMissingBean (types: org.springframework.boot.actuate.health.HttpCodeStatusMapper; SearchStrategy: all) did not find any beans (OnBeanCondition)

   HealthEndpointConfiguration#healthStatusAggregator matched:
      - @ConditionalOnMissingBean (types: org.springframework.boot.actuate.health.StatusAggregator; SearchStrategy: all) did not find any beans (OnBeanCondition)

   HealthEndpointWebExtensionConfiguration matched:
      - found 'session' scope (OnWebApplicationCondition)
      - @ConditionalOnAvailableEndpoint marked as exposed by a 'management.endpoints.web.exposure' property (OnAvailableEndpointCondition)
      - @ConditionalOnBean (types: org.springframework.boot.actuate.health.HealthEndpoint; SearchStrategy: all) found bean 'healthEndpoint' (OnBeanCondition)

   HealthEndpointWebExtensionConfiguration#healthEndpointWebExtension matched:
      - @ConditionalOnMissingBean (types: org.springframework.boot.actuate.health.HealthEndpointWebExtension; SearchStrategy: all) did not find any beans (OnBeanCondition)

   HealthEndpointWebExtensionConfiguration.MvcAdditionalHealthEndpointPathsConfiguration matched:
      - @ConditionalOnAvailableEndpoint marked as exposed by a 'management.endpoints.web.exposure' property (OnAvailableEndpointCondition)
      - @ConditionalOnBean (types: org.springframework.web.servlet.DispatcherServlet; SearchStrategy: all) found bean 'dispatcherServlet' (OnBeanCondition)

   HibernateJpaAutoConfiguration matched:
      - @ConditionalOnClass found required classes 'org.springframework.orm.jpa.LocalContainerEntityManagerFactoryBean', 'jakarta.persistence.EntityManager', 'org.hibernate.engine.spi.SessionImplementor' (OnClassCondition)

   HibernateJpaConfiguration matched:
      - @ConditionalOnSingleCandidate (types: javax.sql.DataSource; SearchStrategy: all) found a single bean 'dataSource' (OnBeanCondition)

   HttpClientObservationsAutoConfiguration matched:
      - @ConditionalOnClass found required class 'io.micrometer.observation.Observation' (OnClassCondition)
      - @ConditionalOnBean (types: io.micrometer.observation.ObservationRegistry; SearchStrategy: all) found bean 'observationRegistry' (OnBeanCondition)

   HttpClientObservationsAutoConfiguration.MeterFilterConfiguration matched:
      - @ConditionalOnClass found required class 'io.micrometer.core.instrument.MeterRegistry' (OnClassCondition)
      - @ConditionalOnBean (types: io.micrometer.core.instrument.MeterRegistry; SearchStrategy: all) found bean 'simpleMeterRegistry' (OnBeanCondition)

   HttpEncodingAutoConfiguration matched:
      - @ConditionalOnClass found required class 'org.springframework.web.filter.CharacterEncodingFilter' (OnClassCondition)
      - found 'session' scope (OnWebApplicationCondition)
      - @ConditionalOnProperty (server.servlet.encoding.enabled) matched (OnPropertyCondition)

   HttpEncodingAutoConfiguration#characterEncodingFilter matched:
      - @ConditionalOnMissingBean (types: org.springframework.web.filter.CharacterEncodingFilter; SearchStrategy: all) did not find any beans (OnBeanCondition)

   HttpMessageConvertersAutoConfiguration matched:
      - @ConditionalOnClass found required class 'org.springframework.http.converter.HttpMessageConverter' (OnClassCondition)
      - NoneNestedConditions 0 matched 1 did not; NestedCondition on HttpMessageConvertersAutoConfiguration.NotReactiveWebApplicationCondition.ReactiveWebApplication not a reactive web application (HttpMessageConvertersAutoConfiguration.NotReactiveWebApplicationCondition)

   HttpMessageConvertersAutoConfiguration#messageConverters matched:
      - @ConditionalOnMissingBean (types: org.springframework.boot.autoconfigure.http.HttpMessageConverters; SearchStrategy: all) did not find any beans (OnBeanCondition)

   HttpMessageConvertersAutoConfiguration.StringHttpMessageConverterConfiguration matched:
      - @ConditionalOnClass found required class 'org.springframework.http.converter.StringHttpMessageConverter' (OnClassCondition)

   HttpMessageConvertersAutoConfiguration.StringHttpMessageConverterConfiguration#stringHttpMessageConverter matched:
      - @ConditionalOnMissingBean (types: org.springframework.http.converter.StringHttpMessageConverter; SearchStrategy: all) did not find any beans (OnBeanCondition)

   JacksonAutoConfiguration matched:
      - @ConditionalOnClass found required class 'com.fasterxml.jackson.databind.ObjectMapper' (OnClassCondition)

   JacksonAutoConfiguration.Jackson2ObjectMapperBuilderCustomizerConfiguration matched:
      - @ConditionalOnClass found required class 'org.springframework.http.converter.json.Jackson2ObjectMapperBuilder' (OnClassCondition)

   JacksonAutoConfiguration.JacksonObjectMapperBuilderConfiguration matched:
      - @ConditionalOnClass found required class 'org.springframework.http.converter.json.Jackson2ObjectMapperBuilder' (OnClassCondition)

   JacksonAutoConfiguration.JacksonObjectMapperBuilderConfiguration#jacksonObjectMapperBuilder matched:
      - @ConditionalOnMissingBean (types: org.springframework.http.converter.json.Jackson2ObjectMapperBuilder; SearchStrategy: all) did not find any beans (OnBeanCondition)

   JacksonAutoConfiguration.JacksonObjectMapperConfiguration matched:
      - @ConditionalOnClass found required class 'org.springframework.http.converter.json.Jackson2ObjectMapperBuilder' (OnClassCondition)

   JacksonAutoConfiguration.JacksonObjectMapperConfiguration#jacksonObjectMapper matched:
      - @ConditionalOnMissingBean (types: com.fasterxml.jackson.databind.ObjectMapper; SearchStrategy: all) did not find any beans (OnBeanCondition)

   JacksonAutoConfiguration.ParameterNamesModuleConfiguration matched:
      - @ConditionalOnClass found required class 'com.fasterxml.jackson.module.paramnames.ParameterNamesModule' (OnClassCondition)

   JacksonAutoConfiguration.ParameterNamesModuleConfiguration#parameterNamesModule matched:
      - @ConditionalOnMissingBean (types: com.fasterxml.jackson.module.paramnames.ParameterNamesModule; SearchStrategy: all) did not find any beans (OnBeanCondition)

   JacksonEndpointAutoConfiguration#endpointObjectMapper matched:
      - @ConditionalOnClass found required classes 'com.fasterxml.jackson.databind.ObjectMapper', 'org.springframework.http.converter.json.Jackson2ObjectMapperBuilder' (OnClassCondition)
      - @ConditionalOnProperty (management.endpoints.jackson.isolated-object-mapper) matched (OnPropertyCondition)

   JacksonHttpMessageConvertersConfiguration.MappingJackson2HttpMessageConverterConfiguration matched:
      - @ConditionalOnClass found required class 'com.fasterxml.jackson.databind.ObjectMapper' (OnClassCondition)
      - @ConditionalOnProperty (spring.mvc.converters.preferred-json-mapper=jackson) matched (OnPropertyCondition)
      - @ConditionalOnBean (types: com.fasterxml.jackson.databind.ObjectMapper; SearchStrategy: all) found bean 'jacksonObjectMapper' (OnBeanCondition)

   JacksonHttpMessageConvertersConfiguration.MappingJackson2HttpMessageConverterConfiguration#mappingJackson2HttpMessageConverter matched:
      - @ConditionalOnMissingBean (types: org.springframework.http.converter.json.MappingJackson2HttpMessageConverter ignored: org.springframework.hateoas.server.mvc.TypeConstrainedMappingJackson2HttpMessageConverter,org.springframework.data.rest.webmvc.alps.AlpsJsonHttpMessageConverter; SearchStrategy: all) did not find any beans (OnBeanCondition)

   JdbcClientAutoConfiguration matched:
      - @ConditionalOnSingleCandidate (types: org.springframework.jdbc.core.namedparam.NamedParameterJdbcTemplate; SearchStrategy: all) found a single bean 'namedParameterJdbcTemplate'; @ConditionalOnMissingBean (types: org.springframework.jdbc.core.simple.JdbcClient; SearchStrategy: all) did not find any beans (OnBeanCondition)

   JdbcTemplateAutoConfiguration matched:
      - @ConditionalOnClass found required classes 'javax.sql.DataSource', 'org.springframework.jdbc.core.JdbcTemplate' (OnClassCondition)
      - @ConditionalOnSingleCandidate (types: javax.sql.DataSource; SearchStrategy: all) found a single bean 'dataSource' (OnBeanCondition)

   JdbcTemplateConfiguration matched:
      - @ConditionalOnMissingBean (types: org.springframework.jdbc.core.JdbcOperations; SearchStrategy: all) did not find any beans (OnBeanCondition)

   JpaBaseConfiguration#entityManagerFactory matched:
      - @ConditionalOnMissingBean (types: org.springframework.orm.jpa.LocalContainerEntityManagerFactoryBean,jakarta.persistence.EntityManagerFactory; SearchStrategy: all) did not find any beans (OnBeanCondition)

   JpaBaseConfiguration#entityManagerFactoryBuilder matched:
      - @ConditionalOnMissingBean (types: org.springframework.boot.orm.jpa.EntityManagerFactoryBuilder; SearchStrategy: all) did not find any beans (OnBeanCondition)

   JpaBaseConfiguration#jpaVendorAdapter matched:
      - @ConditionalOnMissingBean (types: org.springframework.orm.jpa.JpaVendorAdapter; SearchStrategy: all) did not find any beans (OnBeanCondition)

   JpaBaseConfiguration#transactionManager matched:
      - @ConditionalOnMissingBean (types: org.springframework.transaction.TransactionManager; SearchStrategy: all) did not find any beans (OnBeanCondition)

   JpaBaseConfiguration.JpaWebConfiguration matched:
      - @ConditionalOnClass found required class 'org.springframework.web.servlet.config.annotation.WebMvcConfigurer' (OnClassCondition)
      - found 'session' scope (OnWebApplicationCondition)
      - @ConditionalOnProperty (spring.jpa.open-in-view=true) matched (OnPropertyCondition)
      - @ConditionalOnMissingBean (types: org.springframework.orm.jpa.support.OpenEntityManagerInViewInterceptor,org.springframework.orm.jpa.support.OpenEntityManagerInViewFilter; SearchStrategy: all) did not find any beans (OnBeanCondition)

   JpaBaseConfiguration.PersistenceManagedTypesConfiguration matched:
      - @ConditionalOnMissingBean (types: org.springframework.orm.jpa.LocalContainerEntityManagerFactoryBean,jakarta.persistence.EntityManagerFactory; SearchStrategy: all) did not find any beans (OnBeanCondition)

   JpaBaseConfiguration.PersistenceManagedTypesConfiguration#persistenceManagedTypes matched:
      - @ConditionalOnMissingBean (types: org.springframework.orm.jpa.persistenceunit.PersistenceManagedTypes; SearchStrategy: all) did not find any beans (OnBeanCondition)

   JpaRepositoriesAutoConfiguration matched:
      - @ConditionalOnClass found required class 'org.springframework.data.jpa.repository.JpaRepository' (OnClassCondition)
      - @ConditionalOnProperty (spring.data.jpa.repositories.enabled=true) matched (OnPropertyCondition)
      - @ConditionalOnBean (types: javax.sql.DataSource; SearchStrategy: all) found bean 'dataSource'; @ConditionalOnMissingBean (types: org.springframework.data.jpa.repository.support.JpaRepositoryFactoryBean,org.springframework.data.jpa.repository.config.JpaRepositoryConfigExtension; SearchStrategy: all) did not find any beans (OnBeanCondition)

   JtaAutoConfiguration matched:
      - @ConditionalOnClass found required class 'jakarta.transaction.Transaction' (OnClassCondition)
      - @ConditionalOnProperty (spring.jta.enabled) matched (OnPropertyCondition)

   JvmMetricsAutoConfiguration matched:
      - @ConditionalOnClass found required class 'io.micrometer.core.instrument.MeterRegistry' (OnClassCondition)
      - @ConditionalOnBean (types: io.micrometer.core.instrument.MeterRegistry; SearchStrategy: all) found bean 'simpleMeterRegistry' (OnBeanCondition)

   JvmMetricsAutoConfiguration#classLoaderMetrics matched:
      - @ConditionalOnMissingBean (types: io.micrometer.core.instrument.binder.jvm.ClassLoaderMetrics; SearchStrategy: all) did not find any beans (OnBeanCondition)

   JvmMetricsAutoConfiguration#jvmCompilationMetrics matched:
      - @ConditionalOnMissingBean (types: io.micrometer.core.instrument.binder.jvm.JvmCompilationMetrics; SearchStrategy: all) did not find any beans (OnBeanCondition)

   JvmMetricsAutoConfiguration#jvmGcMetrics matched:
      - @ConditionalOnMissingBean (types: io.micrometer.core.instrument.binder.jvm.JvmGcMetrics; SearchStrategy: all) did not find any beans (OnBeanCondition)

   JvmMetricsAutoConfiguration#jvmHeapPressureMetrics matched:
      - @ConditionalOnMissingBean (types: io.micrometer.core.instrument.binder.jvm.JvmHeapPressureMetrics; SearchStrategy: all) did not find any beans (OnBeanCondition)

   JvmMetricsAutoConfiguration#jvmInfoMetrics matched:
      - @ConditionalOnMissingBean (types: io.micrometer.core.instrument.binder.jvm.JvmInfoMetrics; SearchStrategy: all) did not find any beans (OnBeanCondition)

   JvmMetricsAutoConfiguration#jvmMemoryMetrics matched:
      - @ConditionalOnMissingBean (types: io.micrometer.core.instrument.binder.jvm.JvmMemoryMetrics; SearchStrategy: all) did not find any beans (OnBeanCondition)

   JvmMetricsAutoConfiguration#jvmThreadMetrics matched:
      - @ConditionalOnMissingBean (types: io.micrometer.core.instrument.binder.jvm.JvmThreadMetrics; SearchStrategy: all) did not find any beans (OnBeanCondition)

   LifecycleAutoConfiguration#defaultLifecycleProcessor matched:
      - @ConditionalOnMissingBean (names: lifecycleProcessor; SearchStrategy: current) did not find any beans (OnBeanCondition)

   LifecycleMvcEndpointAutoConfiguration#environmentManager matched:
      - @ConditionalOnMissingBean (types: org.springframework.cloud.context.environment.EnvironmentManager; SearchStrategy: all) did not find any beans (OnBeanCondition)

   org.springframework.cloud.client.loadbalancer.LoadBalancerAutoConfiguration matched:
      - AnyNestedCondition 2 matched 0 did not; NestedCondition on BlockingRestClassesPresentCondition.RestClientPresent @ConditionalOnClass found required class 'org.springframework.web.client.RestClient'; NestedCondition on BlockingRestClassesPresentCondition.RestTemplatePresent @ConditionalOnClass found required class 'org.springframework.web.client.RestTemplate' (BlockingRestClassesPresentCondition)
      - @ConditionalOnBean (types: org.springframework.cloud.client.loadbalancer.LoadBalancerClient; SearchStrategy: all) found bean 'blockingLoadBalancerClient' (OnBeanCondition)

   org.springframework.cloud.loadbalancer.config.LoadBalancerAutoConfiguration matched:
      - @ConditionalOnProperty (spring.cloud.loadbalancer.enabled=true) matched (OnPropertyCondition)

   LoadBalancerAutoConfiguration#loadBalancerClientFactory matched:
      - @ConditionalOnMissingBean (types: org.springframework.cloud.loadbalancer.support.LoadBalancerClientFactory; SearchStrategy: all) did not find any beans (OnBeanCondition)

   LoadBalancerAutoConfiguration#loadBalancerRequestFactory matched:
      - @ConditionalOnMissingBean (types: org.springframework.cloud.client.loadbalancer.LoadBalancerRequestFactory; SearchStrategy: all) did not find any beans (OnBeanCondition)

   LoadBalancerAutoConfiguration#zoneConfig matched:
      - @ConditionalOnMissingBean (types: org.springframework.cloud.loadbalancer.config.LoadBalancerZoneConfig; SearchStrategy: all) did not find any beans (OnBeanCondition)

   LoadBalancerAutoConfiguration.DeferringLoadBalancerInterceptorConfig#deferringLoadBalancerInterceptor matched:
      - @ConditionalOnMissingBean (types: org.springframework.cloud.client.loadbalancer.DeferringLoadBalancerInterceptor; SearchStrategy: all) did not find any beans (OnBeanCondition)

   LoadBalancerAutoConfiguration.DeferringLoadBalancerInterceptorConfig#lbRestClientPostProcessor matched:
      - @ConditionalOnBean (types: org.springframework.cloud.client.loadbalancer.DeferringLoadBalancerInterceptor; SearchStrategy: all) found bean 'deferringLoadBalancerInterceptor'; @ConditionalOnMissingBean (types: org.springframework.cloud.client.loadbalancer.LoadBalancerRestClientBuilderBeanPostProcessor; SearchStrategy: all) did not find any beans (OnBeanCondition)

   LoadBalancerAutoConfiguration.LoadBalancerInterceptorConfig matched:
      - AnyNestedCondition 1 matched 1 did not; NestedCondition on LoadBalancerAutoConfiguration.RetryMissingOrDisabledCondition.RetryDisabled @ConditionalOnProperty (spring.cloud.loadbalancer.retry.enabled=false) did not find property 'spring.cloud.loadbalancer.retry.enabled'; NestedCondition on LoadBalancerAutoConfiguration.RetryMissingOrDisabledCondition.RetryTemplateMissing @ConditionalOnMissingClass did not find unwanted class 'org.springframework.retry.support.RetryTemplate' (LoadBalancerAutoConfiguration.RetryMissingOrDisabledCondition)

   LoadBalancerAutoConfiguration.LoadBalancerInterceptorConfig#restTemplateCustomizer matched:
      - @ConditionalOnMissingBean (types: org.springframework.cloud.client.loadbalancer.RestTemplateCustomizer; SearchStrategy: all) did not find any beans (OnBeanCondition)

   LoadBalancerBeanPostProcessorAutoConfiguration matched:
      - @ConditionalOnClass found required class 'org.springframework.web.reactive.function.client.WebClient' (OnClassCondition)
      - AnyNestedCondition 2 matched 0 did not; NestedCondition on LoadBalancerBeanPostProcessorAutoConfiguration.OnAnyLoadBalancerImplementationPresentCondition.LoadBalancerClientPresent @ConditionalOnBean (types: org.springframework.cloud.client.loadbalancer.LoadBalancerClient; SearchStrategy: all) found bean 'blockingLoadBalancerClient'; NestedCondition on LoadBalancerBeanPostProcessorAutoConfiguration.OnAnyLoadBalancerImplementationPresentCondition.ReactiveLoadBalancerFactoryPresent @ConditionalOnBean (types: org.springframework.cloud.client.loadbalancer.reactive.ReactiveLoadBalancer$Factory; SearchStrategy: all) found bean 'loadBalancerClientFactory' (LoadBalancerBeanPostProcessorAutoConfiguration.OnAnyLoadBalancerImplementationPresentCondition)

   LoadBalancerBeanPostProcessorAutoConfiguration.ReactorDeferringLoadBalancerFilterConfig matched:
      - @ConditionalOnBean (types: org.springframework.cloud.client.loadbalancer.reactive.ReactiveLoadBalancer$Factory; SearchStrategy: all) found bean 'loadBalancerClientFactory' (OnBeanCondition)

   LoadBalancerCacheAutoConfiguration matched:
      - @ConditionalOnClass found required classes 'org.springframework.cache.CacheManager', 'org.springframework.boot.autoconfigure.cache.CacheAutoConfiguration' (OnClassCondition)
      - AllNestedConditions 2 matched 0 did not; NestedCondition on LoadBalancerCacheAutoConfiguration.OnLoadBalancerCachingEnabledCondition.LoadBalancerCacheEnabled @ConditionalOnProperty (spring.cloud.loadbalancer.cache.enabled) matched; NestedCondition on LoadBalancerCacheAutoConfiguration.OnLoadBalancerCachingEnabledCondition.LoadBalancerEnabled @ConditionalOnProperty (spring.cloud.loadbalancer.enabled=true) matched (LoadBalancerCacheAutoConfiguration.OnLoadBalancerCachingEnabledCondition)

   LoadBalancerCacheAutoConfiguration.DefaultLoadBalancerCacheManagerConfiguration matched:
      - @ConditionalOnClass found required class 'com.stoyanr.evictor.ConcurrentMapWithTimedEviction' (OnClassCondition)
      - AnyNestedCondition 1 matched 1 did not; NestedCondition on LoadBalancerCacheAutoConfiguration.OnCaffeineCacheMissingCondition.CaffeineCacheManagerClassMissing @ConditionalOnMissingClass found unwanted class 'org.springframework.cache.caffeine.CaffeineCacheManager'; NestedCondition on LoadBalancerCacheAutoConfiguration.OnCaffeineCacheMissingCondition.CaffeineClassMissing @ConditionalOnMissingClass did not find unwanted class 'com.github.benmanes.caffeine.cache.Caffeine' (LoadBalancerCacheAutoConfiguration.OnCaffeineCacheMissingCondition)

   LoadBalancerCacheAutoConfiguration.DefaultLoadBalancerCacheManagerConfiguration#defaultLoadBalancerCacheManager matched:
      - @ConditionalOnMissingBean (types: org.springframework.cloud.loadbalancer.cache.LoadBalancerCacheManager; SearchStrategy: all) did not find any beans (OnBeanCondition)

   LoadBalancerCacheAutoConfiguration.LoadBalancerCacheManagerWarnConfiguration matched:
      - AnyNestedCondition 1 matched 1 did not; NestedCondition on LoadBalancerCacheAutoConfiguration.OnCaffeineCacheMissingCondition.CaffeineCacheManagerClassMissing @ConditionalOnMissingClass found unwanted class 'org.springframework.cache.caffeine.CaffeineCacheManager'; NestedCondition on LoadBalancerCacheAutoConfiguration.OnCaffeineCacheMissingCondition.CaffeineClassMissing @ConditionalOnMissingClass did not find unwanted class 'com.github.benmanes.caffeine.cache.Caffeine' (LoadBalancerCacheAutoConfiguration.OnCaffeineCacheMissingCondition)

   LoadBalancerEurekaAutoConfiguration matched:
      - @ConditionalOnClass found required class 'org.springframework.cloud.loadbalancer.annotation.LoadBalancerClientConfigurationRegistrar' (OnClassCondition)
      - @ConditionalOnProperty (eureka.client.enabled) matched (OnPropertyCondition)

   LoadBalancerEurekaAutoConfiguration#eurekaLoadBalancerProperties matched:
      - @ConditionalOnMissingBean (types: org.springframework.cloud.netflix.eureka.loadbalancer.EurekaLoadBalancerProperties; SearchStrategy: all) did not find any beans (OnBeanCondition)

   LogbackMetricsAutoConfiguration matched:
      - @ConditionalOnClass found required classes 'io.micrometer.core.instrument.MeterRegistry', 'ch.qos.logback.classic.LoggerContext', 'org.slf4j.LoggerFactory' (OnClassCondition)
      - LogbackLoggingCondition ILoggerFactory is a Logback LoggerContext (LogbackMetricsAutoConfiguration.LogbackLoggingCondition)
      - @ConditionalOnBean (types: io.micrometer.core.instrument.MeterRegistry; SearchStrategy: all) found bean 'simpleMeterRegistry' (OnBeanCondition)

   LogbackMetricsAutoConfiguration#logbackMetrics matched:
      - @ConditionalOnMissingBean (types: io.micrometer.core.instrument.binder.logging.LogbackMetrics; SearchStrategy: all) did not find any beans (OnBeanCondition)

   MailSenderAutoConfiguration matched:
      - @ConditionalOnClass found required classes 'jakarta.mail.internet.MimeMessage', 'jakarta.activation.MimeType', 'org.springframework.mail.MailSender' (OnClassCondition)
      - AnyNestedCondition 1 matched 1 did not; NestedCondition on MailSenderAutoConfiguration.MailSenderCondition.JndiNameProperty @ConditionalOnProperty (spring.mail.jndi-name) did not find property 'jndi-name'; NestedCondition on MailSenderAutoConfiguration.MailSenderCondition.HostProperty @ConditionalOnProperty (spring.mail.host) matched (MailSenderAutoConfiguration.MailSenderCondition)
      - @ConditionalOnMissingBean (types: org.springframework.mail.MailSender; SearchStrategy: all) did not find any beans (OnBeanCondition)

   MailSenderPropertiesConfiguration matched:
      - @ConditionalOnProperty (spring.mail.host) matched (OnPropertyCondition)

   MailSenderPropertiesConfiguration#mailSender matched:
      - @ConditionalOnMissingBean (types: org.springframework.mail.javamail.JavaMailSender; SearchStrategy: all) did not find any beans (OnBeanCondition)

   ManagementContextAutoConfiguration.SameManagementContextConfiguration matched:
      - Management Port actual port type (SAME) matched required type (OnManagementPortCondition)

   MetricsAutoConfiguration matched:
      - @ConditionalOnClass found required class 'io.micrometer.core.annotation.Timed' (OnClassCondition)

   MetricsAutoConfiguration#micrometerClock matched:
      - @ConditionalOnMissingBean (types: io.micrometer.core.instrument.Clock; SearchStrategy: all) did not find any beans (OnBeanCondition)

   MultipartAutoConfiguration matched:
      - @ConditionalOnClass found required classes 'jakarta.servlet.Servlet', 'org.springframework.web.multipart.support.StandardServletMultipartResolver', 'jakarta.servlet.MultipartConfigElement' (OnClassCondition)
      - found 'session' scope (OnWebApplicationCondition)
      - @ConditionalOnProperty (spring.servlet.multipart.enabled) matched (OnPropertyCondition)

   MultipartAutoConfiguration#multipartConfigElement matched:
      - @ConditionalOnMissingBean (types: jakarta.servlet.MultipartConfigElement; SearchStrategy: all) did not find any beans (OnBeanCondition)

   MultipartAutoConfiguration#multipartResolver matched:
      - @ConditionalOnMissingBean (types: org.springframework.web.multipart.MultipartResolver; SearchStrategy: all) did not find any beans (OnBeanCondition)

   NamedParameterJdbcTemplateConfiguration matched:
      - @ConditionalOnSingleCandidate (types: org.springframework.jdbc.core.JdbcTemplate; SearchStrategy: all) found a single bean 'jdbcTemplate'; @ConditionalOnMissingBean (types: org.springframework.jdbc.core.namedparam.NamedParameterJdbcOperations; SearchStrategy: all) did not find any beans (OnBeanCondition)

   NettyAutoConfiguration matched:
      - @ConditionalOnClass found required class 'io.netty.util.NettyRuntime' (OnClassCondition)

   NoOpCacheConfiguration matched:
      - Cache org.springframework.boot.autoconfigure.cache.NoOpCacheConfiguration automatic cache type (CacheCondition)

   OAuth2ResourceServerAutoConfiguration matched:
      - @ConditionalOnClass found required class 'org.springframework.security.oauth2.server.resource.authentication.BearerTokenAuthenticationToken' (OnClassCondition)
      - found 'session' scope (OnWebApplicationCondition)

   OAuth2ResourceServerOpaqueTokenConfiguration.OpaqueTokenIntrospectionClientConfiguration matched:
      - @ConditionalOnMissingBean (types: org.springframework.security.oauth2.server.resource.introspection.OpaqueTokenIntrospector; SearchStrategy: all) did not find any beans (OnBeanCondition)

   Oauth2ResourceServerConfiguration.JwtConfiguration matched:
      - @ConditionalOnClass found required class 'org.springframework.security.oauth2.jwt.JwtDecoder' (OnClassCondition)

   ObservationAutoConfiguration matched:
      - @ConditionalOnClass found required class 'io.micrometer.observation.ObservationRegistry' (OnClassCondition)

   ObservationAutoConfiguration#observationRegistry matched:
      - @ConditionalOnMissingBean (types: io.micrometer.observation.ObservationRegistry; SearchStrategy: all) did not find any beans (OnBeanCondition)

   ObservationAutoConfiguration.MeterObservationHandlerConfiguration matched:
      - @ConditionalOnBean (types: io.micrometer.core.instrument.MeterRegistry; SearchStrategy: all) found bean 'simpleMeterRegistry'; @ConditionalOnMissingBean (types: io.micrometer.core.instrument.observation.MeterObservationHandler; SearchStrategy: all) did not find any beans (OnBeanCondition)

   ObservationAutoConfiguration.MeterObservationHandlerConfiguration.OnlyMetricsMeterObservationHandlerConfiguration matched:
      - @ConditionalOnMissingBean (types: io.micrometer.tracing.Tracer; SearchStrategy: all) did not find any beans (OnBeanCondition)

   ObservationAutoConfiguration.ObservedAspectConfiguration matched:
      - @ConditionalOnClass found required class 'org.aspectj.weaver.Advice' (OnClassCondition)

   ObservationAutoConfiguration.ObservedAspectConfiguration#observedAspect matched:
      - @ConditionalOnMissingBean (types: io.micrometer.observation.aop.ObservedAspect; SearchStrategy: all) did not find any beans (OnBeanCondition)

   ObservationAutoConfiguration.OnlyMetricsConfiguration matched:
      - @ConditionalOnClass found required class 'io.micrometer.core.instrument.MeterRegistry'; @ConditionalOnMissingClass did not find unwanted class 'io.micrometer.tracing.Tracer' (OnClassCondition)

   PersistenceExceptionTranslationAutoConfiguration matched:
      - @ConditionalOnClass found required class 'org.springframework.dao.annotation.PersistenceExceptionTranslationPostProcessor' (OnClassCondition)

   PersistenceExceptionTranslationAutoConfiguration#persistenceExceptionTranslationPostProcessor matched:
      - @ConditionalOnProperty (spring.dao.exceptiontranslation.enabled) matched (OnPropertyCondition)
      - @ConditionalOnMissingBean (types: org.springframework.dao.annotation.PersistenceExceptionTranslationPostProcessor; SearchStrategy: all) did not find any beans (OnBeanCondition)

   PropertyPlaceholderAutoConfiguration#propertySourcesPlaceholderConfigurer matched:
      - @ConditionalOnMissingBean (types: org.springframework.context.support.PropertySourcesPlaceholderConfigurer; SearchStrategy: current) did not find any beans (OnBeanCondition)

   ReactiveCommonsClientAutoConfiguration.ReactiveDiscoveryLoadBalancerConfiguration matched:
      - @ConditionalOnClass found required classes 'org.springframework.boot.actuate.health.ReactiveHealthIndicator', 'org.springframework.web.reactive.function.client.WebClient' (OnClassCondition)
      - @ConditionalOnProperty (spring.cloud.discovery.enabled) matched; @ConditionalOnProperty (spring.cloud.discovery.reactive.enabled) matched (OnPropertyCondition)
      - @ConditionalOnBean (types: org.springframework.cloud.client.discovery.ReactiveDiscoveryClient; SearchStrategy: all) found beans 'eurekaReactiveDiscoveryClient', 'simpleReactiveDiscoveryClient', 'reactiveCompositeDiscoveryClient' (OnBeanCondition)

   ReactiveCommonsClientAutoConfiguration.ReactiveDiscoveryLoadBalancerConfiguration#reactiveDiscoveryClients matched:
      - @ConditionalOnProperty (spring.cloud.discovery.client.composite-indicator.enabled) matched (OnPropertyCondition)
      - @ConditionalOnBean (types: org.springframework.cloud.client.discovery.health.reactive.ReactiveDiscoveryHealthIndicator; SearchStrategy: all) found beans 'eurekaReactiveDiscoveryClientHealthIndicator', 'simpleReactiveDiscoveryClientHealthIndicator' (OnBeanCondition)

   ReactiveCompositeDiscoveryClientAutoConfiguration matched:
      - @ConditionalOnClass found required class 'org.springframework.web.reactive.function.client.WebClient' (OnClassCondition)
      - @ConditionalOnProperty (spring.cloud.discovery.enabled) matched; @ConditionalOnProperty (spring.cloud.discovery.reactive.enabled) matched (OnPropertyCondition)

   ReactiveHealthEndpointConfiguration matched:
      - @ConditionalOnClass found required class 'reactor.core.publisher.Flux' (OnClassCondition)
      - @ConditionalOnBean (types: org.springframework.boot.actuate.health.HealthEndpoint; SearchStrategy: all) found bean 'healthEndpoint' (OnBeanCondition)

   ReactiveHealthEndpointConfiguration#reactiveHealthContributorRegistry matched:
      - @ConditionalOnMissingBean (types: org.springframework.boot.actuate.health.ReactiveHealthContributorRegistry; SearchStrategy: all) did not find any beans (OnBeanCondition)

   ReactiveSecurityAutoConfiguration matched:
      - @ConditionalOnClass found required classes 'reactor.core.publisher.Flux', 'org.springframework.security.config.annotation.web.reactive.EnableWebFluxSecurity', 'org.springframework.security.web.server.WebFilterChainProxy', 'org.springframework.web.reactive.config.WebFluxConfigurer' (OnClassCondition)

   ReactorAutoConfiguration matched:
      - @ConditionalOnClass found required class 'reactor.core.publisher.Hooks' (OnClassCondition)

   ReactorLoadBalancerClientAutoConfiguration matched:
      - @ConditionalOnClass found required class 'org.springframework.web.reactive.function.client.WebClient' (OnClassCondition)
      - @ConditionalOnBean (types: org.springframework.cloud.client.loadbalancer.reactive.ReactiveLoadBalancer$Factory; SearchStrategy: all) found bean 'loadBalancerClientFactory' (OnBeanCondition)

   ReactorLoadBalancerClientAutoConfiguration#loadBalancerExchangeFilterFunction matched:
      - @ConditionalOnProperty (spring.cloud.loadbalancer.retry.enabled=false) matched (OnPropertyCondition)
      - @ConditionalOnMissingBean (types: org.springframework.cloud.client.loadbalancer.reactive.ReactorLoadBalancerExchangeFilterFunction; SearchStrategy: all) did not find any beans (OnBeanCondition)

   ReactorNettyConfigurations.ReactorResourceFactoryConfiguration#reactorResourceFactory matched:
      - @ConditionalOnMissingBean (types: org.springframework.http.client.ReactorResourceFactory; SearchStrategy: all) did not find any beans (OnBeanCondition)

   RefreshAutoConfiguration matched:
      - @ConditionalOnClass found required class 'org.springframework.cloud.context.scope.refresh.RefreshScope' (OnClassCondition)
      - @ConditionalOnProperty (spring.cloud.refresh.enabled) matched (OnPropertyCondition)

   RefreshAutoConfiguration#configDataContextRefresher matched:
      - @ConditionalOnMissingBean (types: org.springframework.cloud.context.refresh.ConfigDataContextRefresher; SearchStrategy: all) did not find any beans (OnBeanCondition)
      - NoneNestedConditions 0 matched 3 did not; NestedCondition on ConditionalOnBootstrapDisabled.OnBootstrapDisabledCondition.OnBootstrapEnabled @ConditionalOnProperty (spring.cloud.bootstrap.enabled) did not find property 'spring.cloud.bootstrap.enabled'; NestedCondition on ConditionalOnBootstrapDisabled.OnBootstrapDisabledCondition.OnUseLegacyProcessingEnabled @ConditionalOnProperty (spring.config.use-legacy-processing) did not find property 'spring.config.use-legacy-processing'; NestedCondition on ConditionalOnBootstrapDisabled.OnBootstrapDisabledCondition.OnBootstrapMarkerClassPresent @ConditionalOnClass did not find required class 'org.springframework.cloud.bootstrap.marker.Marker' (ConditionalOnBootstrapDisabled.OnBootstrapDisabledCondition)

   RefreshAutoConfiguration#loggingRebinder matched:
      - @ConditionalOnMissingBean (types: org.springframework.cloud.logging.LoggingRebinder; SearchStrategy: all) did not find any beans (OnBeanCondition)

   RefreshAutoConfiguration#refreshScope matched:
      - @ConditionalOnMissingBean (types: org.springframework.cloud.context.scope.refresh.RefreshScope; SearchStrategy: all) did not find any beans (OnBeanCondition)

   RefreshAutoConfiguration#refreshScopeLifecycle matched:
      - @ConditionalOnProperty (spring.cloud.refresh.on-restart.enabled) matched (OnPropertyCondition)

   RefreshEndpointAutoConfiguration matched:
      - @ConditionalOnClass found required classes 'org.springframework.boot.actuate.autoconfigure.endpoint.EndpointAutoConfiguration', 'org.springframework.boot.actuate.health.Health' (OnClassCondition)

   RefreshEndpointAutoConfiguration#refreshScopeHealthIndicator matched:
      - @ConditionalOnMissingBean (types: org.springframework.cloud.health.RefreshScopeHealthIndicator; SearchStrategy: all) did not find any beans (OnBeanCondition)
      - @ConditionalOnEnabledHealthIndicator management.health.defaults.enabled is considered true (OnEnabledHealthIndicatorCondition)

   RepositoryMetricsAutoConfiguration matched:
      - @ConditionalOnClass found required class 'org.springframework.data.repository.Repository' (OnClassCondition)
      - @ConditionalOnBean (types: io.micrometer.core.instrument.MeterRegistry; SearchStrategy: all) found bean 'simpleMeterRegistry' (OnBeanCondition)

   RepositoryMetricsAutoConfiguration#metricsRepositoryMethodInvocationListener matched:
      - @ConditionalOnMissingBean (types: org.springframework.boot.actuate.metrics.data.MetricsRepositoryMethodInvocationListener; SearchStrategy: all) did not find any beans (OnBeanCondition)

   RepositoryMetricsAutoConfiguration#repositoryTagsProvider matched:
      - @ConditionalOnMissingBean (types: org.springframework.boot.actuate.metrics.data.RepositoryTagsProvider; SearchStrategy: all) did not find any beans (OnBeanCondition)

   ResourceServerTokenRelayAutoConfiguration matched:
      - @ConditionalOnClass found required class 'org.springframework.web.servlet.config.annotation.WebMvcConfigurer' (OnClassCondition)
      - found 'session' scope (OnWebApplicationCondition)
      - @ConditionalOnProperty (spring.cloud.mvc.token-relay.enabled) matched (OnPropertyCondition)

   RestClientAutoConfiguration matched:
      - @ConditionalOnClass found required class 'org.springframework.web.client.RestClient' (OnClassCondition)
      - NoneNestedConditions 0 matched 1 did not; NestedCondition on NotReactiveWebApplicationCondition.ReactiveWebApplication not a reactive web application (NotReactiveWebApplicationCondition)

   RestClientAutoConfiguration#httpMessageConvertersRestClientCustomizer matched:
      - @ConditionalOnMissingBean (types: org.springframework.boot.autoconfigure.web.client.HttpMessageConvertersRestClientCustomizer; SearchStrategy: all) did not find any beans (OnBeanCondition)

   RestClientAutoConfiguration#restClientBuilder matched:
      - @ConditionalOnMissingBean (types: org.springframework.web.client.RestClient$Builder; SearchStrategy: all) did not find any beans (OnBeanCondition)

   RestClientAutoConfiguration#restClientBuilderConfigurer matched:
      - @ConditionalOnMissingBean (types: org.springframework.boot.autoconfigure.web.client.RestClientBuilderConfigurer; SearchStrategy: all) did not find any beans (OnBeanCondition)

   RestClientAutoConfiguration#restClientSsl matched:
      - @ConditionalOnBean (types: org.springframework.boot.ssl.SslBundles; SearchStrategy: all) found bean 'sslBundleRegistry'; @ConditionalOnMissingBean (types: org.springframework.boot.autoconfigure.web.client.RestClientSsl; SearchStrategy: all) did not find any beans (OnBeanCondition)

   RestClientObservationConfiguration matched:
      - @ConditionalOnClass found required class 'org.springframework.web.client.RestClient' (OnClassCondition)
      - @ConditionalOnBean (types: org.springframework.web.client.RestClient$Builder; SearchStrategy: all) found bean 'restClientBuilder' (OnBeanCondition)

   RestTemplateAutoConfiguration matched:
      - @ConditionalOnClass found required class 'org.springframework.web.client.RestTemplate' (OnClassCondition)
      - NoneNestedConditions 0 matched 1 did not; NestedCondition on NotReactiveWebApplicationCondition.ReactiveWebApplication not a reactive web application (NotReactiveWebApplicationCondition)

   RestTemplateAutoConfiguration#restTemplateBuilder matched:
      - @ConditionalOnMissingBean (types: org.springframework.boot.web.client.RestTemplateBuilder; SearchStrategy: all) did not find any beans (OnBeanCondition)

   RestTemplateObservationConfiguration matched:
      - @ConditionalOnClass found required class 'org.springframework.web.client.RestTemplate' (OnClassCondition)
      - @ConditionalOnBean (types: org.springframework.boot.web.client.RestTemplateBuilder; SearchStrategy: all) found bean 'restTemplateBuilder' (OnBeanCondition)

   RestartEndpointWithoutIntegrationConfiguration matched:
      - @ConditionalOnMissingClass did not find unwanted class 'org.springframework.integration.monitor.IntegrationMBeanExporter' (OnClassCondition)

   ScheduledTasksObservabilityAutoConfiguration matched:
      - @ConditionalOnClass found required class 'org.springframework.scheduling.concurrent.ThreadPoolTaskScheduler' (OnClassCondition)
      - @ConditionalOnBean (types: io.micrometer.observation.ObservationRegistry; SearchStrategy: all) found bean 'observationRegistry' (OnBeanCondition)

   SecurityAutoConfiguration matched:
      - @ConditionalOnClass found required class 'org.springframework.security.authentication.DefaultAuthenticationEventPublisher' (OnClassCondition)

   SecurityAutoConfiguration#authenticationEventPublisher matched:
      - @ConditionalOnMissingBean (types: org.springframework.security.authentication.AuthenticationEventPublisher; SearchStrategy: all) did not find any beans (OnBeanCondition)

   SecurityFilterAutoConfiguration matched:
      - @ConditionalOnClass found required classes 'org.springframework.security.web.context.AbstractSecurityWebApplicationInitializer', 'org.springframework.security.config.http.SessionCreationPolicy' (OnClassCondition)
      - found 'session' scope (OnWebApplicationCondition)

   SecurityFilterAutoConfiguration#securityFilterChainRegistration matched:
      - @ConditionalOnBean (names: springSecurityFilterChain; SearchStrategy: all) found bean 'springSecurityFilterChain' (OnBeanCondition)

   SecurityRequestMatchersManagementContextConfiguration matched:
      - @ConditionalOnClass found required class 'org.springframework.security.web.util.matcher.RequestMatcher' (OnClassCondition)
      - found 'session' scope (OnWebApplicationCondition)

   SecurityRequestMatchersManagementContextConfiguration.MvcRequestMatcherConfiguration matched:
      - @ConditionalOnClass found required class 'org.springframework.web.servlet.DispatcherServlet' (OnClassCondition)
      - @ConditionalOnBean (types: org.springframework.boot.autoconfigure.web.servlet.DispatcherServletPath; SearchStrategy: all) found bean 'dispatcherServletRegistration' (OnBeanCondition)

   SecurityRequestMatchersManagementContextConfiguration.MvcRequestMatcherConfiguration#requestMatcherProvider matched:
      - @ConditionalOnClass found required class 'org.springframework.web.servlet.DispatcherServlet' (OnClassCondition)
      - @ConditionalOnMissingBean (types: org.springframework.boot.autoconfigure.security.servlet.RequestMatcherProvider; SearchStrategy: all) did not find any beans (OnBeanCondition)

   ServiceRegistryAutoConfiguration.ServiceRegistryEndpointConfiguration matched:
      - @ConditionalOnClass found required class 'org.springframework.boot.actuate.endpoint.annotation.Endpoint' (OnClassCondition)
      - @ConditionalOnBean (types: org.springframework.cloud.client.serviceregistry.ServiceRegistry; SearchStrategy: all) found bean 'eurekaServiceRegistry' (OnBeanCondition)

   ServletEndpointManagementContextConfiguration matched:
      - found 'session' scope (OnWebApplicationCondition)

   ServletEndpointManagementContextConfiguration.WebMvcServletEndpointManagementContextConfiguration matched:
      - @ConditionalOnClass found required class 'org.springframework.web.servlet.DispatcherServlet' (OnClassCondition)

   ServletManagementContextAutoConfiguration matched:
      - @ConditionalOnClass found required class 'jakarta.servlet.Servlet' (OnClassCondition)
      - found 'session' scope (OnWebApplicationCondition)

   ServletWebServerFactoryAutoConfiguration matched:
      - @ConditionalOnClass found required class 'jakarta.servlet.ServletRequest' (OnClassCondition)
      - found 'session' scope (OnWebApplicationCondition)

   ServletWebServerFactoryAutoConfiguration#tomcatServletWebServerFactoryCustomizer matched:
      - @ConditionalOnClass found required class 'org.apache.catalina.startup.Tomcat' (OnClassCondition)

   ServletWebServerFactoryConfiguration.EmbeddedTomcat matched:
      - @ConditionalOnClass found required classes 'jakarta.servlet.Servlet', 'org.apache.catalina.startup.Tomcat', 'org.apache.coyote.UpgradeProtocol' (OnClassCondition)
      - @ConditionalOnMissingBean (types: org.springframework.boot.web.servlet.server.ServletWebServerFactory; SearchStrategy: current) did not find any beans (OnBeanCondition)

   SimpleCacheConfiguration matched:
      - Cache org.springframework.boot.autoconfigure.cache.SimpleCacheConfiguration automatic cache type (CacheCondition)

   SimpleDiscoveryClientAutoConfiguration#simpleDiscoveryProperties matched:
      - @ConditionalOnMissingBean (types: org.springframework.cloud.client.discovery.simple.SimpleDiscoveryProperties; SearchStrategy: all) did not find any beans (OnBeanCondition)

   SimpleMetricsExportAutoConfiguration matched:
      - @ConditionalOnEnabledMetricsExport management.defaults.metrics.export.enabled is considered true (OnMetricsExportEnabledCondition)
      - @ConditionalOnBean (types: io.micrometer.core.instrument.Clock; SearchStrategy: all) found bean 'micrometerClock'; @ConditionalOnMissingBean (types: io.micrometer.core.instrument.MeterRegistry; SearchStrategy: all) did not find any beans (OnBeanCondition)

   SimpleMetricsExportAutoConfiguration#simpleConfig matched:
      - @ConditionalOnMissingBean (types: io.micrometer.core.instrument.simple.SimpleConfig; SearchStrategy: all) did not find any beans (OnBeanCondition)

   SimpleReactiveDiscoveryClientAutoConfiguration matched:
      - @ConditionalOnClass found required class 'org.springframework.web.reactive.function.client.WebClient' (OnClassCondition)
      - @ConditionalOnProperty (spring.cloud.discovery.enabled) matched; @ConditionalOnProperty (spring.cloud.discovery.reactive.enabled) matched (OnPropertyCondition)

   SimpleReactiveDiscoveryClientAutoConfiguration.HealthConfiguration matched:
      - @ConditionalOnClass found required class 'org.springframework.boot.actuate.health.ReactiveHealthIndicator' (OnClassCondition)

   SimpleReactiveDiscoveryClientAutoConfiguration.HealthConfiguration#simpleReactiveDiscoveryClientHealthIndicator matched:
      - @ConditionalOnProperty (spring.cloud.discovery.client.health-indicator.enabled) matched (OnPropertyCondition)

   SpringBootWebSecurityConfiguration matched:
      - found 'session' scope (OnWebApplicationCondition)

   SpringBootWebSecurityConfiguration.WebSecurityEnablerConfiguration matched:
      - @ConditionalOnClass found required class 'org.springframework.security.config.annotation.web.configuration.EnableWebSecurity' (OnClassCondition)
      - @ConditionalOnMissingBean (names: springSecurityFilterChain; SearchStrategy: all) did not find any beans (OnBeanCondition)

   SpringDataWebAutoConfiguration matched:
      - @ConditionalOnClass found required classes 'org.springframework.data.web.PageableHandlerMethodArgumentResolver', 'org.springframework.web.servlet.config.annotation.WebMvcConfigurer' (OnClassCondition)
      - found 'session' scope (OnWebApplicationCondition)
      - @ConditionalOnMissingBean (types: org.springframework.data.web.PageableHandlerMethodArgumentResolver; SearchStrategy: all) did not find any beans (OnBeanCondition)

   SpringDataWebAutoConfiguration#pageableCustomizer matched:
      - @ConditionalOnMissingBean (types: org.springframework.data.web.config.PageableHandlerMethodArgumentResolverCustomizer; SearchStrategy: all) did not find any beans (OnBeanCondition)

   SpringDataWebAutoConfiguration#sortCustomizer matched:
      - @ConditionalOnMissingBean (types: org.springframework.data.web.config.SortHandlerMethodArgumentResolverCustomizer; SearchStrategy: all) did not find any beans (OnBeanCondition)

   SpringDocConfigProperties matched:
      - @ConditionalOnProperty (springdoc.api-docs.enabled) matched (OnPropertyCondition)
      - @ConditionalOnBean (types: org.springdoc.core.configuration.SpringDocConfiguration; SearchStrategy: all) found bean 'org.springdoc.core.configuration.SpringDocConfiguration' (OnBeanCondition)

   SpringDocConfiguration matched:
      - @ConditionalOnWebApplication (required) found 'session' scope (OnWebApplicationCondition)
      - @ConditionalOnProperty (springdoc.api-docs.enabled) matched (OnPropertyCondition)

   SpringDocConfiguration#fileSupportConverter matched:
      - @ConditionalOnMissingBean (types: org.springdoc.core.converters.FileSupportConverter; SearchStrategy: all) did not find any beans (OnBeanCondition)

   SpringDocConfiguration#openAPIBuilder matched:
      - @ConditionalOnMissingBean (types: org.springdoc.core.service.OpenAPIService; SearchStrategy: all) did not find any beans (OnBeanCondition)

   SpringDocConfiguration#operationBuilder matched:
      - @ConditionalOnMissingBean (types: org.springdoc.core.service.OperationService; SearchStrategy: all) did not find any beans (OnBeanCondition)

   SpringDocConfiguration#parameterBuilder matched:
      - @ConditionalOnMissingBean (types: org.springdoc.core.service.GenericParameterService; SearchStrategy: all) did not find any beans (OnBeanCondition)

   SpringDocConfiguration#polymorphicModelConverter matched:
      - @ConditionalOnProperty (springdoc.model-converters.polymorphic-converter.enabled) matched (OnPropertyCondition)
      - @ConditionalOnMissingBean (types: org.springdoc.core.converters.PolymorphicModelConverter; SearchStrategy: all) did not find any beans (OnBeanCondition)

   SpringDocConfiguration#requestBodyBuilder matched:
      - @ConditionalOnMissingBean (types: org.springdoc.core.service.RequestBodyService; SearchStrategy: all) did not find any beans (OnBeanCondition)

   SpringDocConfiguration#responseSupportConverter matched:
      - @ConditionalOnMissingBean (types: org.springdoc.core.converters.ResponseSupportConverter; SearchStrategy: all) did not find any beans (OnBeanCondition)

   SpringDocConfiguration#schemaPropertyDeprecatingConverter matched:
      - @ConditionalOnProperty (springdoc.model-converters.deprecating-converter.enabled) matched (OnPropertyCondition)
      - @ConditionalOnMissingBean (types: org.springdoc.core.converters.SchemaPropertyDeprecatingConverter; SearchStrategy: all) did not find any beans (OnBeanCondition)

   SpringDocConfiguration#securityParser matched:
      - @ConditionalOnMissingBean (types: org.springdoc.core.service.SecurityService; SearchStrategy: all) did not find any beans (OnBeanCondition)

   SpringDocConfiguration#springDocCustomizers matched:
      - @ConditionalOnMissingBean (types: org.springdoc.core.customizers.SpringDocCustomizers; SearchStrategy: all) did not find any beans (OnBeanCondition)

   SpringDocConfiguration#springDocProviders matched:
      - @ConditionalOnMissingBean (types: org.springdoc.core.providers.SpringDocProviders; SearchStrategy: all) did not find any beans (OnBeanCondition)

   SpringDocConfiguration#springdocObjectMapperProvider matched:
      - @ConditionalOnMissingBean (types: org.springdoc.core.providers.ObjectMapperProvider; SearchStrategy: all) did not find any beans (OnBeanCondition)

   SpringDocConfiguration.QuerydslProvider matched:
      - @ConditionalOnClass found required class 'org.springframework.data.querydsl.binding.QuerydslBindingsFactory' (OnClassCondition)

   SpringDocConfiguration.QuerydslProvider#queryDslQuerydslPredicateOperationCustomizer matched:
      - @ConditionalOnMissingBean (types: org.springdoc.core.customizers.QuerydslPredicateOperationCustomizer; SearchStrategy: all) did not find any beans (OnBeanCondition)

   SpringDocConfiguration.SpringDocSpringDataWebPropertiesProvider matched:
      - @ConditionalOnClass found required class 'org.springframework.boot.autoconfigure.data.web.SpringDataWebProperties' (OnClassCondition)

   SpringDocConfiguration.SpringDocSpringDataWebPropertiesProvider#springDataWebPropertiesProvider matched:
      - @ConditionalOnMissingBean (types: org.springdoc.core.providers.SpringDataWebPropertiesProvider; SearchStrategy: all) did not find any beans (OnBeanCondition)

   SpringDocConfiguration.SpringDocWebFluxSupportConfiguration matched:
      - @ConditionalOnClass found required class 'reactor.core.publisher.Flux' (OnClassCondition)

   SpringDocConfiguration.SpringDocWebFluxSupportConfiguration#webFluxSupportConverter matched:
      - @ConditionalOnMissingBean (types: org.springdoc.core.converters.WebFluxSupportConverter; SearchStrategy: all) did not find any beans (OnBeanCondition)

   SpringDocConfiguration.WebConversionServiceConfiguration matched:
      - @ConditionalOnClass found required class 'org.springframework.boot.autoconfigure.web.format.WebConversionService' (OnClassCondition)

   SpringDocPageableConfiguration matched:
      - @ConditionalOnClass found required class 'org.springframework.data.domain.Pageable' (OnClassCondition)
      - @ConditionalOnWebApplication (required) found 'session' scope (OnWebApplicationCondition)
      - @ConditionalOnProperty (springdoc.api-docs.enabled) matched (OnPropertyCondition)
      - @ConditionalOnBean (types: org.springdoc.core.configuration.SpringDocConfiguration; SearchStrategy: all) found bean 'org.springdoc.core.configuration.SpringDocConfiguration' (OnBeanCondition)

   SpringDocPageableConfiguration#delegatingMethodParameterCustomizer matched:
      - @ConditionalOnMissingBean (types: org.springdoc.core.customizers.DelegatingMethodParameterCustomizer; SearchStrategy: all) did not find any beans (OnBeanCondition)

   SpringDocPageableConfiguration#pageableOpenAPIConverter matched:
      - @ConditionalOnProperty (springdoc.model-converters.pageable-converter.enabled) matched (OnPropertyCondition)
      - @ConditionalOnMissingBean (types: org.springdoc.core.converters.PageableOpenAPIConverter; SearchStrategy: all) did not find any beans (OnBeanCondition)

   SpringDocSecurityConfiguration matched:
      - @ConditionalOnClass found required class 'org.springframework.security.web.SecurityFilterChain' (OnClassCondition)
      - @ConditionalOnWebApplication (required) found 'session' scope (OnWebApplicationCondition)
      - @ConditionalOnExpression (#{${springdoc.api-docs.enabled:true} and ${springdoc.enable-spring-security:true}}) resulted in true (OnExpressionCondition)
      - @ConditionalOnBean (types: org.springdoc.core.configuration.SpringDocConfiguration; SearchStrategy: all) found bean 'org.springdoc.core.configuration.SpringDocConfiguration' (OnBeanCondition)

   SpringDocSecurityConfiguration.SpringSecurityLoginEndpointConfiguration matched:
      - @ConditionalOnClass found required class 'jakarta.servlet.Filter' (OnClassCondition)

   SpringDocSortConfiguration matched:
      - @ConditionalOnClass found required class 'org.springframework.data.domain.Sort' (OnClassCondition)
      - @ConditionalOnWebApplication (required) found 'session' scope (OnWebApplicationCondition)
      - @ConditionalOnProperty (springdoc.api-docs.enabled) matched (OnPropertyCondition)
      - @ConditionalOnBean (types: org.springdoc.core.configuration.SpringDocConfiguration; SearchStrategy: all) found bean 'org.springdoc.core.configuration.SpringDocConfiguration' (OnBeanCondition)

   SpringDocSortConfiguration#sortOpenAPIConverter matched:
      - @ConditionalOnProperty (springdoc.sort-converter.enabled) matched (OnPropertyCondition)
      - @ConditionalOnMissingBean (types: org.springdoc.core.converters.SortOpenAPIConverter; SearchStrategy: all) did not find any beans (OnBeanCondition)

   SpringDocUIConfiguration matched:
      - @ConditionalOnWebApplication (required) found 'session' scope (OnWebApplicationCondition)
      - @ConditionalOnBean (types: org.springdoc.core.configuration.SpringDocConfiguration; SearchStrategy: all) found bean 'org.springdoc.core.configuration.SpringDocConfiguration' (OnBeanCondition)

   SpringDocWebMvcConfiguration matched:
      - found 'session' scope (OnWebApplicationCondition)
      - @ConditionalOnProperty (springdoc.api-docs.enabled) matched (OnPropertyCondition)
      - @ConditionalOnBean (types: org.springdoc.core.configuration.SpringDocConfiguration; SearchStrategy: all) found bean 'org.springdoc.core.configuration.SpringDocConfiguration' (OnBeanCondition)

   SpringDocWebMvcConfiguration#openApiResource matched:
      - @ConditionalOnExpression (#{(${springdoc.use-management-port:false} == false ) and ${springdoc.enable-default-api-docs:true}}) resulted in true (OnExpressionCondition)
      - @ConditionalOnMissingBean (types: org.springdoc.webmvc.api.OpenApiWebMvcResource; SearchStrategy: all) did not find any beans (OnBeanCondition)

   SpringDocWebMvcConfiguration#requestBuilder matched:
      - @ConditionalOnMissingBean (types: org.springdoc.webmvc.core.service.RequestService; SearchStrategy: all) did not find any beans (OnBeanCondition)

   SpringDocWebMvcConfiguration#responseBuilder matched:
      - @ConditionalOnMissingBean (types: org.springdoc.core.service.GenericResponseService; SearchStrategy: all) did not find any beans (OnBeanCondition)

   SpringDocWebMvcConfiguration#springWebProvider matched:
      - @ConditionalOnMissingBean (types: org.springdoc.core.providers.SpringWebProvider; SearchStrategy: all) did not find any beans (OnBeanCondition)

   SpringDocWebMvcConfiguration.SpringDocWebMvcActuatorConfiguration matched:
      - @ConditionalOnClass found required class 'org.springframework.boot.actuate.endpoint.web.servlet.WebMvcEndpointHandlerMapping' (OnClassCondition)

   SpringDocWebMvcConfiguration.SpringDocWebMvcRouterConfiguration matched:
      - @ConditionalOnClass found required class 'org.springframework.web.servlet.function.RouterFunction' (OnClassCondition)

   SpringDocWebMvcConfiguration.SpringDocWebMvcRouterConfiguration#routerFunctionProvider matched:
      - @ConditionalOnMissingBean (types: org.springdoc.webmvc.core.providers.RouterFunctionWebMvcProvider; SearchStrategy: all) did not find any beans (OnBeanCondition)

   SqlInitializationAutoConfiguration matched:
      - @ConditionalOnProperty (spring.sql.init.enabled) matched (OnPropertyCondition)
      - NoneNestedConditions 0 matched 1 did not; NestedCondition on SqlInitializationAutoConfiguration.SqlInitializationModeCondition.ModeIsNever @ConditionalOnProperty (spring.sql.init.mode=never) did not find property 'mode' (SqlInitializationAutoConfiguration.SqlInitializationModeCondition)

   SslAutoConfiguration#sslBundleRegistry matched:
      - @ConditionalOnMissingBean (types: org.springframework.boot.ssl.SslBundleRegistry,org.springframework.boot.ssl.SslBundles; SearchStrategy: all) did not find any beans (OnBeanCondition)

   StartupTimeMetricsListenerAutoConfiguration matched:
      - @ConditionalOnClass found required class 'io.micrometer.core.instrument.MeterRegistry' (OnClassCondition)
      - @ConditionalOnBean (types: io.micrometer.core.instrument.MeterRegistry; SearchStrategy: all) found bean 'simpleMeterRegistry' (OnBeanCondition)

   StartupTimeMetricsListenerAutoConfiguration#startupTimeMetrics matched:
      - @ConditionalOnMissingBean (types: org.springframework.boot.actuate.metrics.startup.StartupTimeMetricsListener; SearchStrategy: all) did not find any beans (OnBeanCondition)

   SwaggerConfig matched:
      - found 'session' scope (OnWebApplicationCondition)
      - @ConditionalOnProperty (springdoc.swagger-ui.enabled) matched (OnPropertyCondition)
      - @ConditionalOnBean (types: org.springdoc.core.configuration.SpringDocConfiguration; SearchStrategy: all) found bean 'org.springdoc.core.configuration.SpringDocConfiguration' (OnBeanCondition)

   SwaggerConfig#indexPageTransformer matched:
      - @ConditionalOnMissingBean (types: org.springdoc.webmvc.ui.SwaggerIndexTransformer; SearchStrategy: all) did not find any beans (OnBeanCondition)

   SwaggerConfig#swaggerConfigResource matched:
      - @ConditionalOnProperty (springdoc.use-management-port=false) matched (OnPropertyCondition)
      - @ConditionalOnMissingBean (types: org.springdoc.webmvc.ui.SwaggerConfigResource; SearchStrategy: all) did not find any beans (OnBeanCondition)

   SwaggerConfig#swaggerResourceResolver matched:
      - @ConditionalOnMissingBean (types: org.springdoc.webmvc.ui.SwaggerResourceResolver; SearchStrategy: all) did not find any beans (OnBeanCondition)

   SwaggerConfig#swaggerWebMvcConfigurer matched:
      - @ConditionalOnMissingBean (types: org.springdoc.webmvc.ui.SwaggerWebMvcConfigurer; SearchStrategy: all) did not find any beans (OnBeanCondition)

   SwaggerConfig#swaggerWelcome matched:
      - @ConditionalOnProperty (springdoc.use-management-port=false) matched (OnPropertyCondition)
      - @ConditionalOnMissingBean (types: org.springdoc.webmvc.ui.SwaggerWelcomeWebMvc; SearchStrategy: all) did not find any beans (OnBeanCondition)

   SwaggerUiConfigParameters matched:
      - @ConditionalOnProperty (springdoc.swagger-ui.enabled) matched (OnPropertyCondition)
      - @ConditionalOnBean (types: org.springdoc.core.configuration.SpringDocConfiguration; SearchStrategy: all) found bean 'org.springdoc.core.configuration.SpringDocConfiguration' (OnBeanCondition)

   SwaggerUiConfigProperties matched:
      - @ConditionalOnProperty (springdoc.swagger-ui.enabled) matched (OnPropertyCondition)
      - @ConditionalOnBean (types: org.springdoc.core.configuration.SpringDocConfiguration; SearchStrategy: all) found bean 'org.springdoc.core.configuration.SpringDocConfiguration' (OnBeanCondition)

   SwaggerUiOAuthProperties matched:
      - @ConditionalOnProperty (springdoc.swagger-ui.enabled) matched (OnPropertyCondition)
      - @ConditionalOnBean (types: org.springdoc.core.configuration.SpringDocConfiguration; SearchStrategy: all) found bean 'org.springdoc.core.configuration.SpringDocConfiguration' (OnBeanCondition)

   SystemMetricsAutoConfiguration matched:
      - @ConditionalOnClass found required class 'io.micrometer.core.instrument.MeterRegistry' (OnClassCondition)
      - @ConditionalOnBean (types: io.micrometer.core.instrument.MeterRegistry; SearchStrategy: all) found bean 'simpleMeterRegistry' (OnBeanCondition)

   SystemMetricsAutoConfiguration#diskSpaceMetrics matched:
      - @ConditionalOnMissingBean (types: org.springframework.boot.actuate.metrics.system.DiskSpaceMetricsBinder; SearchStrategy: all) did not find any beans (OnBeanCondition)

   SystemMetricsAutoConfiguration#fileDescriptorMetrics matched:
      - @ConditionalOnMissingBean (types: io.micrometer.core.instrument.binder.system.FileDescriptorMetrics; SearchStrategy: all) did not find any beans (OnBeanCondition)

   SystemMetricsAutoConfiguration#processorMetrics matched:
      - @ConditionalOnMissingBean (types: io.micrometer.core.instrument.binder.system.ProcessorMetrics; SearchStrategy: all) did not find any beans (OnBeanCondition)

   SystemMetricsAutoConfiguration#uptimeMetrics matched:
      - @ConditionalOnMissingBean (types: io.micrometer.core.instrument.binder.system.UptimeMetrics; SearchStrategy: all) did not find any beans (OnBeanCondition)

   TaskExecutionAutoConfiguration matched:
      - @ConditionalOnClass found required class 'org.springframework.scheduling.concurrent.ThreadPoolTaskExecutor' (OnClassCondition)

   TaskExecutorConfigurations.SimpleAsyncTaskExecutorBuilderConfiguration#simpleAsyncTaskExecutorBuilder matched:
      - @ConditionalOnMissingBean (types: org.springframework.boot.task.SimpleAsyncTaskExecutorBuilder; SearchStrategy: all) did not find any beans (OnBeanCondition)
      - @ConditionalOnThreading found PLATFORM (OnThreadingCondition)

   TaskExecutorConfigurations.TaskExecutorBuilderConfiguration#taskExecutorBuilder matched:
      - @ConditionalOnMissingBean (types: org.springframework.boot.task.TaskExecutorBuilder; SearchStrategy: all) did not find any beans (OnBeanCondition)

   TaskExecutorConfigurations.TaskExecutorConfiguration matched:
      - @ConditionalOnMissingBean (types: java.util.concurrent.Executor; SearchStrategy: all) did not find any beans (OnBeanCondition)

   TaskExecutorConfigurations.TaskExecutorConfiguration#applicationTaskExecutor matched:
      - @ConditionalOnThreading found PLATFORM (OnThreadingCondition)

   TaskExecutorConfigurations.ThreadPoolTaskExecutorBuilderConfiguration#threadPoolTaskExecutorBuilder matched:
      - @ConditionalOnMissingBean (types: org.springframework.boot.task.TaskExecutorBuilder,org.springframework.boot.task.ThreadPoolTaskExecutorBuilder; SearchStrategy: all) did not find any beans (OnBeanCondition)

   TaskExecutorMetricsAutoConfiguration matched:
      - @ConditionalOnClass found required class 'io.micrometer.core.instrument.binder.jvm.ExecutorServiceMetrics' (OnClassCondition)
      - @ConditionalOnBean (types: java.util.concurrent.Executor,io.micrometer.core.instrument.MeterRegistry; SearchStrategy: all) found beans 'applicationTaskExecutor', 'simpleMeterRegistry', 'taskScheduler' (OnBeanCondition)

   TaskSchedulingAutoConfiguration matched:
      - @ConditionalOnClass found required class 'org.springframework.scheduling.concurrent.ThreadPoolTaskScheduler' (OnClassCondition)

   TaskSchedulingAutoConfiguration#scheduledBeanLazyInitializationExcludeFilter matched:
      - @ConditionalOnBean (names: org.springframework.context.annotation.internalScheduledAnnotationProcessor; SearchStrategy: all) found bean 'org.springframework.context.annotation.internalScheduledAnnotationProcessor' (OnBeanCondition)

   TaskSchedulingConfigurations.SimpleAsyncTaskSchedulerBuilderConfiguration#simpleAsyncTaskSchedulerBuilder matched:
      - @ConditionalOnMissingBean (types: org.springframework.boot.task.SimpleAsyncTaskSchedulerBuilder; SearchStrategy: all) did not find any beans (OnBeanCondition)
      - @ConditionalOnThreading found PLATFORM (OnThreadingCondition)

   TaskSchedulingConfigurations.TaskSchedulerBuilderConfiguration#taskSchedulerBuilder matched:
      - @ConditionalOnMissingBean (types: org.springframework.boot.task.TaskSchedulerBuilder; SearchStrategy: all) did not find any beans (OnBeanCondition)

   TaskSchedulingConfigurations.TaskSchedulerConfiguration matched:
      - @ConditionalOnBean (names: org.springframework.context.annotation.internalScheduledAnnotationProcessor; SearchStrategy: all) found bean 'org.springframework.context.annotation.internalScheduledAnnotationProcessor'; @ConditionalOnMissingBean (types: org.springframework.scheduling.TaskScheduler,java.util.concurrent.ScheduledExecutorService; SearchStrategy: all) did not find any beans (OnBeanCondition)

   TaskSchedulingConfigurations.TaskSchedulerConfiguration#taskScheduler matched:
      - @ConditionalOnThreading found PLATFORM (OnThreadingCondition)

   TaskSchedulingConfigurations.ThreadPoolTaskSchedulerBuilderConfiguration#threadPoolTaskSchedulerBuilder matched:
      - @ConditionalOnMissingBean (types: org.springframework.boot.task.TaskSchedulerBuilder,org.springframework.boot.task.ThreadPoolTaskSchedulerBuilder; SearchStrategy: all) did not find any beans (OnBeanCondition)

   TomcatMetricsAutoConfiguration matched:
      - @ConditionalOnClass found required classes 'io.micrometer.core.instrument.binder.tomcat.TomcatMetrics', 'org.apache.catalina.Manager' (OnClassCondition)
      - @ConditionalOnWebApplication (required) found 'session' scope (OnWebApplicationCondition)

   TomcatMetricsAutoConfiguration#tomcatMetricsBinder matched:
      - @ConditionalOnBean (types: io.micrometer.core.instrument.MeterRegistry; SearchStrategy: all) found bean 'simpleMeterRegistry'; @ConditionalOnMissingBean (types: io.micrometer.core.instrument.binder.tomcat.TomcatMetrics,org.springframework.boot.actuate.metrics.web.tomcat.TomcatMetricsBinder; SearchStrategy: all) did not find any beans (OnBeanCondition)

   TransactionAutoConfiguration matched:
      - @ConditionalOnClass found required class 'org.springframework.transaction.PlatformTransactionManager' (OnClassCondition)

   TransactionAutoConfiguration.EnableTransactionManagementConfiguration matched:
      - @ConditionalOnBean (types: org.springframework.transaction.TransactionManager; SearchStrategy: all) found bean 'transactionManager'; @ConditionalOnMissingBean (types: org.springframework.transaction.annotation.AbstractTransactionManagementConfiguration; SearchStrategy: all) did not find any beans (OnBeanCondition)

   TransactionAutoConfiguration.EnableTransactionManagementConfiguration.CglibAutoProxyConfiguration matched:
      - @ConditionalOnProperty (spring.aop.proxy-target-class=true) matched (OnPropertyCondition)

   TransactionAutoConfiguration.TransactionTemplateConfiguration matched:
      - @ConditionalOnSingleCandidate (types: org.springframework.transaction.PlatformTransactionManager; SearchStrategy: all) found a single bean 'transactionManager' (OnBeanCondition)

   TransactionAutoConfiguration.TransactionTemplateConfiguration#transactionTemplate matched:
      - @ConditionalOnMissingBean (types: org.springframework.transaction.support.TransactionOperations; SearchStrategy: all) did not find any beans (OnBeanCondition)

   TransactionManagerCustomizationAutoConfiguration matched:
      - @ConditionalOnClass found required class 'org.springframework.transaction.PlatformTransactionManager' (OnClassCondition)

   TransactionManagerCustomizationAutoConfiguration#platformTransactionManagerCustomizers matched:
      - @ConditionalOnMissingBean (types: org.springframework.boot.autoconfigure.transaction.TransactionManagerCustomizers; SearchStrategy: all) did not find any beans (OnBeanCondition)

   UtilAutoConfiguration matched:
      - @ConditionalOnProperty (spring.cloud.util.enabled) matched (OnPropertyCondition)

   UtilAutoConfiguration#inetUtils matched:
      - @ConditionalOnMissingBean (types: org.springframework.cloud.commons.util.InetUtils; SearchStrategy: all) did not find any beans (OnBeanCondition)

   WebClientAutoConfiguration matched:
      - @ConditionalOnClass found required class 'org.springframework.web.reactive.function.client.WebClient' (OnClassCondition)

   WebClientAutoConfiguration#webClientBuilder matched:
      - @ConditionalOnMissingBean (types: org.springframework.web.reactive.function.client.WebClient$Builder; SearchStrategy: all) did not find any beans (OnBeanCondition)

   WebClientAutoConfiguration#webClientSsl matched:
      - @ConditionalOnBean (types: org.springframework.boot.ssl.SslBundles; SearchStrategy: all) found bean 'sslBundleRegistry'; @ConditionalOnMissingBean (types: org.springframework.boot.autoconfigure.web.reactive.function.client.WebClientSsl; SearchStrategy: all) did not find any beans (OnBeanCondition)

   WebClientAutoConfiguration.WebClientCodecsConfiguration matched:
      - @ConditionalOnBean (types: org.springframework.boot.web.codec.CodecCustomizer; SearchStrategy: all) found beans 'jacksonCodecCustomizer', 'defaultCodecCustomizer' (OnBeanCondition)

   WebClientAutoConfiguration.WebClientCodecsConfiguration#exchangeStrategiesCustomizer matched:
      - @ConditionalOnMissingBean (types: org.springframework.boot.autoconfigure.web.reactive.function.client.WebClientCodecCustomizer; SearchStrategy: all) did not find any beans (OnBeanCondition)

   WebClientObservationConfiguration matched:
      - @ConditionalOnClass found required class 'org.springframework.web.reactive.function.client.WebClient' (OnClassCondition)

   WebEndpointAutoConfiguration matched:
      - @ConditionalOnWebApplication (required) found 'session' scope (OnWebApplicationCondition)

   WebEndpointAutoConfiguration#controllerEndpointDiscoverer matched:
      - @ConditionalOnMissingBean (types: org.springframework.boot.actuate.endpoint.web.annotation.ControllerEndpointsSupplier; SearchStrategy: all) did not find any beans (OnBeanCondition)

   WebEndpointAutoConfiguration#endpointMediaTypes matched:
      - @ConditionalOnMissingBean (types: org.springframework.boot.actuate.endpoint.web.EndpointMediaTypes; SearchStrategy: all) did not find any beans (OnBeanCondition)

   WebEndpointAutoConfiguration#pathMappedEndpoints matched:
      - @ConditionalOnMissingBean (types: org.springframework.boot.actuate.endpoint.web.PathMappedEndpoints; SearchStrategy: all) did not find any beans (OnBeanCondition)

   WebEndpointAutoConfiguration#webEndpointDiscoverer matched:
      - @ConditionalOnMissingBean (types: org.springframework.boot.actuate.endpoint.web.WebEndpointsSupplier; SearchStrategy: all) did not find any beans (OnBeanCondition)

   WebEndpointAutoConfiguration.WebEndpointServletConfiguration matched:
      - found 'session' scope (OnWebApplicationCondition)

   WebEndpointAutoConfiguration.WebEndpointServletConfiguration#servletEndpointDiscoverer matched:
      - @ConditionalOnMissingBean (types: org.springframework.boot.actuate.endpoint.web.annotation.ServletEndpointsSupplier; SearchStrategy: all) did not find any beans (OnBeanCondition)

   WebMvcAutoConfiguration matched:
      - @ConditionalOnClass found required classes 'jakarta.servlet.Servlet', 'org.springframework.web.servlet.DispatcherServlet', 'org.springframework.web.servlet.config.annotation.WebMvcConfigurer' (OnClassCondition)
      - found 'session' scope (OnWebApplicationCondition)
      - @ConditionalOnMissingBean (types: org.springframework.web.servlet.config.annotation.WebMvcConfigurationSupport; SearchStrategy: all) did not find any beans (OnBeanCondition)

   WebMvcAutoConfiguration#formContentFilter matched:
      - @ConditionalOnProperty (spring.mvc.formcontent.filter.enabled) matched (OnPropertyCondition)
      - @ConditionalOnMissingBean (types: org.springframework.web.filter.FormContentFilter; SearchStrategy: all) did not find any beans (OnBeanCondition)

   WebMvcAutoConfiguration.EnableWebMvcConfiguration#flashMapManager matched:
      - @ConditionalOnMissingBean (names: flashMapManager; SearchStrategy: all) did not find any beans (OnBeanCondition)

   WebMvcAutoConfiguration.EnableWebMvcConfiguration#localeResolver matched:
      - @ConditionalOnMissingBean (names: localeResolver; SearchStrategy: all) did not find any beans (OnBeanCondition)

   WebMvcAutoConfiguration.EnableWebMvcConfiguration#themeResolver matched:
      - @ConditionalOnMissingBean (names: themeResolver; SearchStrategy: all) did not find any beans (OnBeanCondition)

   WebMvcAutoConfiguration.WebMvcAutoConfigurationAdapter#defaultViewResolver matched:
      - @ConditionalOnMissingBean (types: org.springframework.web.servlet.view.InternalResourceViewResolver; SearchStrategy: all) did not find any beans (OnBeanCondition)

   WebMvcAutoConfiguration.WebMvcAutoConfigurationAdapter#requestContextFilter matched:
      - @ConditionalOnMissingBean (types: org.springframework.web.context.request.RequestContextListener,org.springframework.web.filter.RequestContextFilter; SearchStrategy: all) did not find any beans (OnBeanCondition)

   WebMvcAutoConfiguration.WebMvcAutoConfigurationAdapter#viewResolver matched:
      - @ConditionalOnBean (types: org.springframework.web.servlet.ViewResolver; SearchStrategy: all) found beans 'defaultViewResolver', 'beanNameViewResolver', 'mvcViewResolver'; @ConditionalOnMissingBean (names: viewResolver types: org.springframework.web.servlet.view.ContentNegotiatingViewResolver; SearchStrategy: all) did not find any beans (OnBeanCondition)

   WebMvcEndpointManagementContextConfiguration matched:
      - @ConditionalOnClass found required class 'org.springframework.web.servlet.DispatcherServlet' (OnClassCondition)
      - found 'session' scope (OnWebApplicationCondition)
      - @ConditionalOnBean (types: org.springframework.web.servlet.DispatcherServlet,org.springframework.boot.actuate.endpoint.web.WebEndpointsSupplier; SearchStrategy: all) found beans 'webEndpointDiscoverer', 'dispatcherServlet' (OnBeanCondition)

   WebMvcEndpointManagementContextConfiguration#controllerEndpointHandlerMapping matched:
      - @ConditionalOnMissingBean (types: org.springframework.boot.actuate.endpoint.web.servlet.ControllerEndpointHandlerMapping; SearchStrategy: all) did not find any beans (OnBeanCondition)

   WebMvcEndpointManagementContextConfiguration#endpointObjectMapperWebMvcConfigurer matched:
      - @ConditionalOnBean (types: org.springframework.boot.actuate.endpoint.jackson.EndpointObjectMapper; SearchStrategy: all) found bean 'endpointObjectMapper' (OnBeanCondition)

   WebMvcEndpointManagementContextConfiguration#webEndpointServletHandlerMapping matched:
      - @ConditionalOnMissingBean (types: org.springframework.boot.actuate.endpoint.web.servlet.WebMvcEndpointHandlerMapping; SearchStrategy: all) did not find any beans (OnBeanCondition)

   WebMvcObservationAutoConfiguration matched:
      - @ConditionalOnClass found required classes 'org.springframework.web.servlet.DispatcherServlet', 'io.micrometer.observation.Observation' (OnClassCondition)
      - found 'session' scope (OnWebApplicationCondition)
      - @ConditionalOnBean (types: io.micrometer.observation.ObservationRegistry; SearchStrategy: all) found bean 'observationRegistry' (OnBeanCondition)

   WebMvcObservationAutoConfiguration#webMvcObservationFilter matched:
      - @ConditionalOnMissingBean (types: org.springframework.web.filter.ServerHttpObservationFilter; SearchStrategy: all) did not find any beans (OnBeanCondition)

   WebMvcObservationAutoConfiguration.MeterFilterConfiguration matched:
      - @ConditionalOnClass found required class 'io.micrometer.core.instrument.MeterRegistry' (OnClassCondition)
      - @ConditionalOnBean (types: io.micrometer.core.instrument.MeterRegistry; SearchStrategy: all) found bean 'simpleMeterRegistry' (OnBeanCondition)

   WebSocketServletAutoConfiguration matched:
      - @ConditionalOnClass found required classes 'jakarta.servlet.Servlet', 'jakarta.websocket.server.ServerContainer' (OnClassCondition)
      - found 'session' scope (OnWebApplicationCondition)

   WebSocketServletAutoConfiguration.TomcatWebSocketConfiguration matched:
      - @ConditionalOnClass found required classes 'org.apache.catalina.startup.Tomcat', 'org.apache.tomcat.websocket.server.WsSci' (OnClassCondition)

   WebSocketServletAutoConfiguration.TomcatWebSocketConfiguration#websocketServletWebServerCustomizer matched:
      - @ConditionalOnMissingBean (names: websocketServletWebServerCustomizer; SearchStrategy: all) did not find any beans (OnBeanCondition)


Negative matches:
-----------------

   ActiveMQAutoConfiguration:
      Did not match:
         - @ConditionalOnClass did not find required class 'jakarta.jms.ConnectionFactory' (OnClassCondition)

   AopAutoConfiguration.AspectJAutoProxyingConfiguration.JdkDynamicAutoProxyConfiguration:
      Did not match:
         - @ConditionalOnProperty (spring.aop.proxy-target-class=false) did not find property 'proxy-target-class' (OnPropertyCondition)

   AopAutoConfiguration.ClassProxyingConfiguration:
      Did not match:
         - @ConditionalOnMissingClass found unwanted class 'org.aspectj.weaver.Advice' (OnClassCondition)

   AppOpticsMetricsExportAutoConfiguration:
      Did not match:
         - @ConditionalOnClass did not find required class 'io.micrometer.appoptics.AppOpticsMeterRegistry' (OnClassCondition)

   ArtemisAutoConfiguration:
      Did not match:
         - @ConditionalOnClass did not find required class 'jakarta.jms.ConnectionFactory' (OnClassCondition)

   AtlasMetricsExportAutoConfiguration:
      Did not match:
         - @ConditionalOnClass did not find required class 'io.micrometer.atlas.AtlasMeterRegistry' (OnClassCondition)

   AuditAutoConfiguration:
      Did not match:
         - @ConditionalOnBean (types: org.springframework.boot.actuate.audit.AuditEventRepository; SearchStrategy: all) did not find any beans of type org.springframework.boot.actuate.audit.AuditEventRepository (OnBeanCondition)
      Matched:
         - @ConditionalOnProperty (management.auditevents.enabled) matched (OnPropertyCondition)

   AuditEventsEndpointAutoConfiguration:
      Did not match:
         - @ConditionalOnAvailableEndpoint no 'management.endpoints' property marked it as exposed (OnAvailableEndpointCondition)

   AvailabilityHealthContributorAutoConfiguration#livenessStateHealthIndicator:
      Did not match:
         - @ConditionalOnProperty (management.health.livenessstate.enabled=true) did not find property 'enabled' (OnPropertyCondition)

   AvailabilityHealthContributorAutoConfiguration#readinessStateHealthIndicator:
      Did not match:
         - @ConditionalOnProperty (management.health.readinessstate.enabled=true) did not find property 'enabled' (OnPropertyCondition)

   AvailabilityProbesAutoConfiguration:
      Did not match:
         - Probes availability not running on a supported cloud platform (AvailabilityProbesAutoConfiguration.ProbesCondition)

   BatchAutoConfiguration:
      Did not match:
         - @ConditionalOnClass did not find required class 'org.springframework.batch.core.launch.JobLauncher' (OnClassCondition)

   BatchObservationAutoConfiguration:
      Did not match:
         - @ConditionalOnClass did not find required class 'org.springframework.batch.core.configuration.annotation.BatchObservabilityBeanPostProcessor' (OnClassCondition)

   BeansEndpointAutoConfiguration:
      Did not match:
         - @ConditionalOnAvailableEndpoint no 'management.endpoints' property marked it as exposed (OnAvailableEndpointCondition)

   BlockingLoadBalancerClientAutoConfiguration.BlockingLoadBalancerRetryConfig:
      Did not match:
         - @ConditionalOnClass did not find required class 'org.springframework.retry.support.RetryTemplate' (OnClassCondition)

   BraveAutoConfiguration:
      Did not match:
         - @ConditionalOnClass did not find required class 'brave.Tracer' (OnClassCondition)

   Cache2kCacheConfiguration:
      Did not match:
         - @ConditionalOnClass did not find required class 'org.cache2k.Cache2kBuilder' (OnClassCondition)

   CacheAutoConfiguration:
      Did not match:
         - @ConditionalOnBean (types: org.springframework.cache.interceptor.CacheAspectSupport; SearchStrategy: all) did not find any beans of type org.springframework.cache.interceptor.CacheAspectSupport (OnBeanCondition)
      Matched:
         - @ConditionalOnClass found required class 'org.springframework.cache.CacheManager' (OnClassCondition)

   CacheAutoConfiguration.CacheManagerEntityManagerFactoryDependsOnPostProcessor:
      Did not match:
         - Ancestor org.springframework.boot.autoconfigure.cache.CacheAutoConfiguration did not match (ConditionEvaluationReport.AncestorsMatchedCondition)
      Matched:
         - @ConditionalOnClass found required class 'org.springframework.orm.jpa.LocalContainerEntityManagerFactoryBean' (OnClassCondition)

   CacheMeterBinderProvidersConfiguration.Cache2kCacheMeterBinderProviderConfiguration:
      Did not match:
         - @ConditionalOnClass did not find required classes 'org.cache2k.Cache2kBuilder', 'org.cache2k.extra.spring.SpringCache2kCache', 'org.cache2k.extra.micrometer.Cache2kCacheMetrics' (OnClassCondition)

   CacheMeterBinderProvidersConfiguration.CaffeineCacheMeterBinderProviderConfiguration:
      Did not match:
         - @ConditionalOnClass did not find required class 'com.github.benmanes.caffeine.cache.Cache' (OnClassCondition)

   CacheMeterBinderProvidersConfiguration.HazelcastCacheMeterBinderProviderConfiguration:
      Did not match:
         - @ConditionalOnClass did not find required classes 'com.hazelcast.spring.cache.HazelcastCache', 'com.hazelcast.core.Hazelcast' (OnClassCondition)

   CacheMeterBinderProvidersConfiguration.JCacheCacheMeterBinderProviderConfiguration:
      Did not match:
         - @ConditionalOnClass did not find required class 'javax.cache.CacheManager' (OnClassCondition)

   CacheMeterBinderProvidersConfiguration.RedisCacheMeterBinderProviderConfiguration:
      Did not match:
         - @ConditionalOnClass did not find required class 'org.springframework.data.redis.cache.RedisCache' (OnClassCondition)

   CacheMetricsAutoConfiguration:
      Did not match:
         - @ConditionalOnBean (types: org.springframework.cache.CacheManager; SearchStrategy: all) did not find any beans of type org.springframework.cache.CacheManager (OnBeanCondition)

   CachesEndpointAutoConfiguration:
      Did not match:
         - @ConditionalOnAvailableEndpoint no 'management.endpoints' property marked it as exposed (OnAvailableEndpointCondition)
      Matched:
         - @ConditionalOnClass found required class 'org.springframework.cache.CacheManager' (OnClassCondition)

   CaffeineCacheConfiguration:
      Did not match:
         - @ConditionalOnClass did not find required class 'com.github.benmanes.caffeine.cache.Caffeine' (OnClassCondition)

   CassandraAutoConfiguration:
      Did not match:
         - @ConditionalOnClass did not find required class 'com.datastax.oss.driver.api.core.CqlSession' (OnClassCondition)

   CassandraDataAutoConfiguration:
      Did not match:
         - @ConditionalOnClass did not find required class 'com.datastax.oss.driver.api.core.CqlSession' (OnClassCondition)

   CassandraHealthContributorAutoConfiguration:
      Did not match:
         - @ConditionalOnClass did not find required class 'com.datastax.oss.driver.api.core.CqlSession' (OnClassCondition)

   CassandraReactiveDataAutoConfiguration:
      Did not match:
         - @ConditionalOnClass did not find required class 'com.datastax.oss.driver.api.core.CqlSession' (OnClassCondition)

   CassandraReactiveHealthContributorAutoConfiguration:
      Did not match:
         - @ConditionalOnClass did not find required class 'com.datastax.oss.driver.api.core.CqlSession' (OnClassCondition)

   CassandraReactiveRepositoriesAutoConfiguration:
      Did not match:
         - @ConditionalOnClass did not find required class 'org.springframework.data.cassandra.ReactiveSession' (OnClassCondition)

   CassandraRepositoriesAutoConfiguration:
      Did not match:
         - @ConditionalOnClass did not find required class 'com.datastax.oss.driver.api.core.CqlSession' (OnClassCondition)

   ClientHttpConnectorFactoryConfiguration.HttpClient5:
      Did not match:
         - @ConditionalOnClass did not find required class 'org.apache.hc.core5.reactive.ReactiveResponseConsumer' (OnClassCondition)

   ClientHttpConnectorFactoryConfiguration.JdkClient:
      Did not match:
         - @ConditionalOnMissingBean (types: org.springframework.boot.autoconfigure.web.reactive.function.client.ClientHttpConnectorFactory; SearchStrategy: all) found beans of type 'org.springframework.boot.autoconfigure.web.reactive.function.client.ClientHttpConnectorFactory' reactorClientHttpConnectorFactory (OnBeanCondition)
      Matched:
         - @ConditionalOnClass found required class 'java.net.http.HttpClient' (OnClassCondition)

   CloudFoundryActuatorAutoConfiguration:
      Did not match:
         - @ConditionalOnCloudPlatform did not find CLOUD_FOUNDRY (OnCloudPlatformCondition)
      Matched:
         - @ConditionalOnClass found required class 'org.springframework.web.servlet.DispatcherServlet' (OnClassCondition)
         - found 'session' scope (OnWebApplicationCondition)
         - @ConditionalOnProperty (management.cloudfoundry.enabled) matched (OnPropertyCondition)

   CloudHypermediaAutoConfiguration:
      Did not match:
         - @ConditionalOnClass did not find required class 'org.springframework.hateoas.Link' (OnClassCondition)

   CommonsClientAutoConfiguration.ActuatorConfiguration#featuresEndpoint:
      Did not match:
         - @ConditionalOnAvailableEndpoint no 'management.endpoints' property marked it as exposed (OnAvailableEndpointCondition)

   CompositeMeterRegistryConfiguration:
      Did not match:
         - NoneNestedConditions 1 matched 1 did not; NestedCondition on CompositeMeterRegistryConfiguration.MultipleNonPrimaryMeterRegistriesCondition.SingleInjectableMeterRegistry @ConditionalOnSingleCandidate (types: io.micrometer.core.instrument.MeterRegistry; SearchStrategy: all) found a single bean 'simpleMeterRegistry'; NestedCondition on CompositeMeterRegistryConfiguration.MultipleNonPrimaryMeterRegistriesCondition.NoMeterRegistryCondition @ConditionalOnMissingBean (types: io.micrometer.core.instrument.MeterRegistry; SearchStrategy: all) found beans of type 'io.micrometer.core.instrument.MeterRegistry' simpleMeterRegistry (CompositeMeterRegistryConfiguration.MultipleNonPrimaryMeterRegistriesCondition)

   ConditionsReportEndpointAutoConfiguration:
      Did not match:
         - @ConditionalOnAvailableEndpoint no 'management.endpoints' property marked it as exposed (OnAvailableEndpointCondition)

   ConfigurationPropertiesReportEndpointAutoConfiguration:
      Did not match:
         - @ConditionalOnAvailableEndpoint no 'management.endpoints' property marked it as exposed (OnAvailableEndpointCondition)

   ConnectionFactoryHealthContributorAutoConfiguration:
      Did not match:
         - @ConditionalOnClass did not find required class 'io.r2dbc.spi.ConnectionFactory' (OnClassCondition)

   ConnectionPoolMetricsAutoConfiguration:
      Did not match:
         - @ConditionalOnClass did not find required class 'io.r2dbc.pool.ConnectionPool' (OnClassCondition)

   CouchbaseAutoConfiguration:
      Did not match:
         - @ConditionalOnClass did not find required class 'com.couchbase.client.java.Cluster' (OnClassCondition)

   CouchbaseCacheConfiguration:
      Did not match:
         - @ConditionalOnClass did not find required class 'com.couchbase.client.java.Cluster' (OnClassCondition)

   CouchbaseDataAutoConfiguration:
      Did not match:
         - @ConditionalOnClass did not find required class 'com.couchbase.client.java.Bucket' (OnClassCondition)

   CouchbaseHealthContributorAutoConfiguration:
      Did not match:
         - @ConditionalOnClass did not find required class 'com.couchbase.client.java.Cluster' (OnClassCondition)

   CouchbaseReactiveDataAutoConfiguration:
      Did not match:
         - @ConditionalOnClass did not find required class 'com.couchbase.client.java.Cluster' (OnClassCondition)

   CouchbaseReactiveHealthContributorAutoConfiguration:
      Did not match:
         - @ConditionalOnClass did not find required class 'com.couchbase.client.java.Cluster' (OnClassCondition)

   CouchbaseReactiveRepositoriesAutoConfiguration:
      Did not match:
         - @ConditionalOnClass did not find required class 'com.couchbase.client.java.Cluster' (OnClassCondition)

   CouchbaseRepositoriesAutoConfiguration:
      Did not match:
         - @ConditionalOnClass did not find required class 'com.couchbase.client.java.Bucket' (OnClassCondition)

   DataSourceAutoConfiguration.EmbeddedDatabaseConfiguration:
      Did not match:
         - EmbeddedDataSource spring.datasource.url is set (DataSourceAutoConfiguration.EmbeddedDatabaseCondition)

   DataSourceCheckpointRestoreConfiguration:
      Did not match:
         - @ConditionalOnClass did not find required class 'org.crac.Resource' (OnClassCondition)

   DataSourceConfiguration.Dbcp2:
      Did not match:
         - @ConditionalOnClass did not find required class 'org.apache.commons.dbcp2.BasicDataSource' (OnClassCondition)

   DataSourceConfiguration.Generic:
      Did not match:
         - @ConditionalOnProperty (spring.datasource.type) did not find property 'spring.datasource.type' (OnPropertyCondition)

   DataSourceConfiguration.OracleUcp:
      Did not match:
         - @ConditionalOnClass did not find required classes 'oracle.ucp.jdbc.PoolDataSourceImpl', 'oracle.jdbc.OracleConnection' (OnClassCondition)

   DataSourceConfiguration.Tomcat:
      Did not match:
         - @ConditionalOnClass did not find required class 'org.apache.tomcat.jdbc.pool.DataSource' (OnClassCondition)

   DataSourceJmxConfiguration.TomcatDataSourceJmxConfiguration:
      Did not match:
         - @ConditionalOnClass did not find required class 'org.apache.tomcat.jdbc.pool.DataSourceProxy' (OnClassCondition)

   DataSourcePoolMetadataProvidersConfiguration.CommonsDbcp2PoolDataSourceMetadataProviderConfiguration:
      Did not match:
         - @ConditionalOnClass did not find required class 'org.apache.commons.dbcp2.BasicDataSource' (OnClassCondition)

   DataSourcePoolMetadataProvidersConfiguration.OracleUcpPoolDataSourceMetadataProviderConfiguration:
      Did not match:
         - @ConditionalOnClass did not find required classes 'oracle.ucp.jdbc.PoolDataSource', 'oracle.jdbc.OracleConnection' (OnClassCondition)

   DataSourcePoolMetadataProvidersConfiguration.TomcatDataSourcePoolMetadataProviderConfiguration:
      Did not match:
         - @ConditionalOnClass did not find required class 'org.apache.tomcat.jdbc.pool.DataSource' (OnClassCondition)

   DataSourceTransactionManagerAutoConfiguration.JdbcTransactionManagerConfiguration#transactionManager:
      Did not match:
         - @ConditionalOnMissingBean (types: org.springframework.transaction.TransactionManager; SearchStrategy: all) found beans of type 'org.springframework.transaction.TransactionManager' transactionManager (OnBeanCondition)

   DatadogMetricsExportAutoConfiguration:
      Did not match:
         - @ConditionalOnClass did not find required class 'io.micrometer.datadog.DatadogMeterRegistry' (OnClassCondition)

   DiscoveryClientOptionalArgsConfiguration.DiscoveryClientOptionalArgsTlsConfiguration:
      Did not match:
         - AllNestedConditions 1 matched 1 did not; NestedCondition on DiscoveryClientOptionalArgsConfiguration.JerseyClientPresentAndEnabledCondition.OnJerseyClientEnabled @ConditionalOnProperty (eureka.client.jersey.enabled) matched; NestedCondition on DiscoveryClientOptionalArgsConfiguration.JerseyClientPresentAndEnabledCondition.OnJerseyClientPresent @ConditionalOnClass did not find required class 'org.glassfish.jersey.client.JerseyClient' (DiscoveryClientOptionalArgsConfiguration.JerseyClientPresentAndEnabledCondition)

   DiscoveryClientOptionalArgsConfiguration.WebClientConfiguration:
      Did not match:
         - @ConditionalOnProperty (eureka.client.webclient.enabled=true) did not find property 'webclient.enabled' (OnPropertyCondition)
      Matched:
         - @ConditionalOnClass found required class 'org.springframework.web.reactive.function.client.WebClient' (OnClassCondition)

   DiscoveryClientOptionalArgsConfiguration.WebClientNotFoundConfiguration:
      Did not match:
         - @ConditionalOnMissingClass found unwanted class 'org.springframework.web.reactive.function.client.WebClient' (OnClassCondition)

   DispatcherServletAutoConfiguration.DispatcherServletConfiguration#multipartResolver:
      Did not match:
         - @ConditionalOnBean (types: org.springframework.web.multipart.MultipartResolver; SearchStrategy: all) did not find any beans of type org.springframework.web.multipart.MultipartResolver (OnBeanCondition)

   DynatraceMetricsExportAutoConfiguration:
      Did not match:
         - @ConditionalOnClass did not find required class 'io.micrometer.dynatrace.DynatraceMeterRegistry' (OnClassCondition)

   ElasticMetricsExportAutoConfiguration:
      Did not match:
         - @ConditionalOnClass did not find required class 'io.micrometer.elastic.ElasticMeterRegistry' (OnClassCondition)

   ElasticsearchClientAutoConfiguration:
      Did not match:
         - @ConditionalOnClass did not find required class 'co.elastic.clients.elasticsearch.ElasticsearchClient' (OnClassCondition)

   ElasticsearchDataAutoConfiguration:
      Did not match:
         - @ConditionalOnClass did not find required class 'org.springframework.data.elasticsearch.client.elc.ElasticsearchTemplate' (OnClassCondition)

   ElasticsearchReactiveHealthContributorAutoConfiguration:
      Did not match:
         - @ConditionalOnClass did not find required class 'org.springframework.data.elasticsearch.client.elc.ReactiveElasticsearchClient' (OnClassCondition)

   ElasticsearchRepositoriesAutoConfiguration:
      Did not match:
         - @ConditionalOnClass did not find required class 'org.springframework.data.elasticsearch.repository.ElasticsearchRepository' (OnClassCondition)

   ElasticsearchRestClientAutoConfiguration:
      Did not match:
         - @ConditionalOnClass did not find required class 'org.elasticsearch.client.RestClientBuilder' (OnClassCondition)

   ElasticsearchRestHealthContributorAutoConfiguration:
      Did not match:
         - @ConditionalOnClass did not find required class 'org.elasticsearch.client.RestClient' (OnClassCondition)

   EmbeddedLdapAutoConfiguration:
      Did not match:
         - @ConditionalOnClass did not find required class 'com.unboundid.ldap.listener.InMemoryDirectoryServer' (OnClassCondition)

   EmbeddedWebServerFactoryCustomizerAutoConfiguration.JettyWebServerFactoryCustomizerConfiguration:
      Did not match:
         - @ConditionalOnClass did not find required classes 'org.eclipse.jetty.server.Server', 'org.eclipse.jetty.util.Loader', 'org.eclipse.jetty.ee10.webapp.WebAppContext' (OnClassCondition)

   EmbeddedWebServerFactoryCustomizerAutoConfiguration.TomcatWebServerFactoryCustomizerConfiguration#tomcatVirtualThreadsProtocolHandlerCustomizer:
      Did not match:
         - @ConditionalOnThreading did not find VIRTUAL (OnThreadingCondition)

   EmbeddedWebServerFactoryCustomizerAutoConfiguration.UndertowWebServerFactoryCustomizerConfiguration:
      Did not match:
         - @ConditionalOnClass did not find required classes 'io.undertow.Undertow', 'org.xnio.SslClientAuthMode' (OnClassCondition)

   EnvironmentEndpointAutoConfiguration:
      Did not match:
         - @ConditionalOnAvailableEndpoint no 'management.endpoints' property marked it as exposed (OnAvailableEndpointCondition)

   ErrorWebFluxAutoConfiguration:
      Did not match:
         - not a reactive web application (OnWebApplicationCondition)
      Matched:
         - @ConditionalOnClass found required class 'org.springframework.web.reactive.config.WebFluxConfigurer' (OnClassCondition)

   EurekaClientAutoConfiguration.EurekaClientConfiguration:
      Did not match:
         - AnyNestedCondition 0 matched 3 did not; NestedCondition on EurekaClientAutoConfiguration.OnMissingRefreshScopeCondition.OnPropertyDisabled @ConditionalOnProperty (eureka.client.refresh.enable=false) did not find property 'eureka.client.refresh.enable'; NestedCondition on EurekaClientAutoConfiguration.OnMissingRefreshScopeCondition.MissingScope @ConditionalOnMissingBean (types: org.springframework.cloud.autoconfigure.RefreshAutoConfiguration; SearchStrategy: all) found beans of type 'org.springframework.cloud.autoconfigure.RefreshAutoConfiguration' org.springframework.cloud.autoconfigure.RefreshAutoConfiguration; NestedCondition on EurekaClientAutoConfiguration.OnMissingRefreshScopeCondition.MissingClass @ConditionalOnMissingClass found unwanted class 'org.springframework.cloud.context.scope.refresh.RefreshScope' (EurekaClientAutoConfiguration.OnMissingRefreshScopeCondition)

   EurekaClientConfigServerAutoConfiguration:
      Did not match:
         - @ConditionalOnClass did not find required class 'org.springframework.cloud.config.server.config.ConfigServerProperties' (OnClassCondition)

   EurekaDiscoveryClientConfiguration.EurekaHealthCheckHandlerConfiguration:
      Did not match:
         - @ConditionalOnProperty (eureka.client.healthcheck.enabled) did not find property 'eureka.client.healthcheck.enabled' (OnPropertyCondition)

   FlywayAutoConfiguration.FlywayConfiguration#oracleFlywayConfigurationCustomizer:
      Did not match:
         - @ConditionalOnClass did not find required class 'org.flywaydb.database.oracle.OracleConfigurationExtension' (OnClassCondition)

   FlywayAutoConfiguration.FlywayConfiguration#postgresqlFlywayConfigurationCustomizer:
      Did not match:
         - @ConditionalOnClass did not find required class 'org.flywaydb.database.postgresql.PostgreSQLConfigurationExtension' (OnClassCondition)

   FlywayAutoConfiguration.FlywayConfiguration#sqlServerFlywayConfigurationCustomizer:
      Did not match:
         - @ConditionalOnClass did not find required class 'org.flywaydb.database.sqlserver.SQLServerConfigurationExtension' (OnClassCondition)

   FlywayEndpointAutoConfiguration:
      Did not match:
         - @ConditionalOnAvailableEndpoint no 'management.endpoints' property marked it as exposed (OnAvailableEndpointCondition)
      Matched:
         - @ConditionalOnClass found required class 'org.flywaydb.core.Flyway' (OnClassCondition)

   FreeMarkerAutoConfiguration:
      Did not match:
         - @ConditionalOnClass did not find required class 'freemarker.template.Configuration' (OnClassCondition)

   GangliaMetricsExportAutoConfiguration:
      Did not match:
         - @ConditionalOnClass did not find required class 'io.micrometer.ganglia.GangliaMeterRegistry' (OnClassCondition)

   GraphQlAutoConfiguration:
      Did not match:
         - @ConditionalOnClass did not find required class 'graphql.GraphQL' (OnClassCondition)

   GraphQlObservationAutoConfiguration:
      Did not match:
         - @ConditionalOnClass did not find required class 'graphql.GraphQL' (OnClassCondition)

   GraphQlQueryByExampleAutoConfiguration:
      Did not match:
         - @ConditionalOnClass did not find required class 'graphql.GraphQL' (OnClassCondition)

   GraphQlQuerydslAutoConfiguration:
      Did not match:
         - @ConditionalOnClass did not find required class 'com.querydsl.core.Query' (OnClassCondition)

   GraphQlRSocketAutoConfiguration:
      Did not match:
         - @ConditionalOnClass did not find required class 'graphql.GraphQL' (OnClassCondition)

   GraphQlReactiveQueryByExampleAutoConfiguration:
      Did not match:
         - @ConditionalOnClass did not find required class 'graphql.GraphQL' (OnClassCondition)

   GraphQlReactiveQuerydslAutoConfiguration:
      Did not match:
         - @ConditionalOnClass did not find required class 'com.querydsl.core.Query' (OnClassCondition)

   GraphQlWebFluxAutoConfiguration:
      Did not match:
         - @ConditionalOnClass did not find required class 'graphql.GraphQL' (OnClassCondition)

   GraphQlWebFluxSecurityAutoConfiguration:
      Did not match:
         - @ConditionalOnClass did not find required class 'graphql.GraphQL' (OnClassCondition)

   GraphQlWebMvcAutoConfiguration:
      Did not match:
         - @ConditionalOnClass did not find required class 'graphql.GraphQL' (OnClassCondition)

   GraphQlWebMvcSecurityAutoConfiguration:
      Did not match:
         - @ConditionalOnClass did not find required class 'graphql.GraphQL' (OnClassCondition)

   GraphiteMetricsExportAutoConfiguration:
      Did not match:
         - @ConditionalOnClass did not find required class 'io.micrometer.graphite.GraphiteMeterRegistry' (OnClassCondition)

   GroovyTemplateAutoConfiguration:
      Did not match:
         - @ConditionalOnClass did not find required class 'groovy.text.markup.MarkupTemplateEngine' (OnClassCondition)

   GsonHttpMessageConvertersConfiguration.GsonHttpMessageConverterConfiguration:
      Did not match:
         - AnyNestedCondition 0 matched 2 did not; NestedCondition on GsonHttpMessageConvertersConfiguration.PreferGsonOrJacksonAndJsonbUnavailableCondition.JacksonJsonbUnavailable NoneNestedConditions 1 matched 1 did not; NestedCondition on GsonHttpMessageConvertersConfiguration.JacksonAndJsonbUnavailableCondition.JsonbPreferred @ConditionalOnProperty (spring.mvc.converters.preferred-json-mapper=jsonb) did not find property 'spring.mvc.converters.preferred-json-mapper'; NestedCondition on GsonHttpMessageConvertersConfiguration.JacksonAndJsonbUnavailableCondition.JacksonAvailable @ConditionalOnBean (types: org.springframework.http.converter.json.MappingJackson2HttpMessageConverter; SearchStrategy: all) found bean 'mappingJackson2HttpMessageConverter'; NestedCondition on GsonHttpMessageConvertersConfiguration.PreferGsonOrJacksonAndJsonbUnavailableCondition.GsonPreferred @ConditionalOnProperty (spring.mvc.converters.preferred-json-mapper=gson) did not find property 'spring.mvc.converters.preferred-json-mapper' (GsonHttpMessageConvertersConfiguration.PreferGsonOrJacksonAndJsonbUnavailableCondition)

   H2ConsoleAutoConfiguration:
      Did not match:
         - @ConditionalOnClass did not find required class 'org.h2.server.web.JakartaWebServlet' (OnClassCondition)

   HazelcastAutoConfiguration:
      Did not match:
         - @ConditionalOnClass did not find required class 'com.hazelcast.core.HazelcastInstance' (OnClassCondition)

   HazelcastCacheConfiguration:
      Did not match:
         - @ConditionalOnClass did not find required class 'com.hazelcast.core.HazelcastInstance' (OnClassCondition)

   HazelcastHealthContributorAutoConfiguration:
      Did not match:
         - @ConditionalOnClass did not find required class 'com.hazelcast.core.HazelcastInstance' (OnClassCondition)

   HazelcastJpaDependencyAutoConfiguration:
      Did not match:
         - @ConditionalOnClass did not find required class 'com.hazelcast.core.HazelcastInstance' (OnClassCondition)

   HealthEndpointReactiveWebExtensionConfiguration:
      Did not match:
         - not a reactive web application (OnWebApplicationCondition)

   HealthEndpointWebExtensionConfiguration.JerseyAdditionalHealthEndpointPathsConfiguration:
      Did not match:
         - @ConditionalOnClass did not find required class 'org.glassfish.jersey.server.ResourceConfig' (OnClassCondition)

   HeapDumpWebEndpointAutoConfiguration:
      Did not match:
         - @ConditionalOnAvailableEndpoint no 'management.endpoints' property marked it as exposed (OnAvailableEndpointCondition)

   HibernateMetricsAutoConfiguration:
      Did not match:
         - @ConditionalOnClass did not find required class 'org.hibernate.stat.HibernateMetrics' (OnClassCondition)

   HttpExchangesAutoConfiguration:
      Did not match:
         - @ConditionalOnBean (types: org.springframework.boot.actuate.web.exchanges.HttpExchangeRepository; SearchStrategy: all) did not find any beans of type org.springframework.boot.actuate.web.exchanges.HttpExchangeRepository (OnBeanCondition)
      Matched:
         - @ConditionalOnWebApplication (required) found 'session' scope (OnWebApplicationCondition)
         - @ConditionalOnProperty (management.httpexchanges.recording.enabled) matched (OnPropertyCondition)

   HttpExchangesAutoConfiguration.ReactiveHttpExchangesConfiguration:
      Did not match:
         - not a reactive web application (OnWebApplicationCondition)
         - Ancestor org.springframework.boot.actuate.autoconfigure.web.exchanges.HttpExchangesAutoConfiguration did not match (ConditionEvaluationReport.AncestorsMatchedCondition)

   HttpExchangesAutoConfiguration.ServletHttpExchangesConfiguration:
      Did not match:
         - Ancestor org.springframework.boot.actuate.autoconfigure.web.exchanges.HttpExchangesAutoConfiguration did not match (ConditionEvaluationReport.AncestorsMatchedCondition)
      Matched:
         - found 'session' scope (OnWebApplicationCondition)

   HttpExchangesEndpointAutoConfiguration:
      Did not match:
         - @ConditionalOnAvailableEndpoint no 'management.endpoints' property marked it as exposed (OnAvailableEndpointCondition)

   HttpHandlerAutoConfiguration:
      Did not match:
         - not a reactive web application (OnWebApplicationCondition)
      Matched:
         - @ConditionalOnClass found required classes 'org.springframework.web.reactive.DispatcherHandler', 'org.springframework.http.server.reactive.HttpHandler' (OnClassCondition)

   HumioMetricsExportAutoConfiguration:
      Did not match:
         - @ConditionalOnClass did not find required class 'io.micrometer.humio.HumioMeterRegistry' (OnClassCondition)

   HypermediaAutoConfiguration:
      Did not match:
         - @ConditionalOnClass did not find required class 'org.springframework.hateoas.EntityModel' (OnClassCondition)

   InfinispanCacheConfiguration:
      Did not match:
         - @ConditionalOnClass did not find required class 'org.infinispan.spring.embedded.provider.SpringEmbeddedCacheManager' (OnClassCondition)

   InfluxDbAutoConfiguration:
      Did not match:
         - @ConditionalOnClass did not find required class 'org.influxdb.InfluxDB' (OnClassCondition)

   InfluxDbHealthContributorAutoConfiguration:
      Did not match:
         - @ConditionalOnClass did not find required class 'org.influxdb.InfluxDB' (OnClassCondition)

   InfluxMetricsExportAutoConfiguration:
      Did not match:
         - @ConditionalOnClass did not find required class 'io.micrometer.influx.InfluxMeterRegistry' (OnClassCondition)

   InfoContributorAutoConfiguration#buildInfoContributor:
      Did not match:
         - @ConditionalOnSingleCandidate (types: org.springframework.boot.info.BuildProperties; SearchStrategy: all) did not find any beans (OnBeanCondition)
      Matched:
         - @ConditionalOnEnabledInfoContributor management.info.defaults.enabled is considered true (OnEnabledInfoContributorCondition)

   InfoContributorAutoConfiguration#envInfoContributor:
      Did not match:
         - @ConditionalOnEnabledInfoContributor management.info.env.enabled is not true (OnEnabledInfoContributorCondition)

   InfoContributorAutoConfiguration#gitInfoContributor:
      Did not match:
         - @ConditionalOnSingleCandidate (types: org.springframework.boot.info.GitProperties; SearchStrategy: all) did not find any beans (OnBeanCondition)
      Matched:
         - @ConditionalOnEnabledInfoContributor management.info.defaults.enabled is considered true (OnEnabledInfoContributorCondition)

   InfoContributorAutoConfiguration#javaInfoContributor:
      Did not match:
         - @ConditionalOnEnabledInfoContributor management.info.java.enabled is not true (OnEnabledInfoContributorCondition)

   InfoContributorAutoConfiguration#osInfoContributor:
      Did not match:
         - @ConditionalOnEnabledInfoContributor management.info.os.enabled is not true (OnEnabledInfoContributorCondition)

   InfoContributorAutoConfiguration#processInfoContributor:
      Did not match:
         - @ConditionalOnEnabledInfoContributor management.info.process.enabled is not true (OnEnabledInfoContributorCondition)

   InfoEndpointAutoConfiguration:
      Did not match:
         - @ConditionalOnAvailableEndpoint no 'management.endpoints' property marked it as exposed (OnAvailableEndpointCondition)

   IntegrationAutoConfiguration:
      Did not match:
         - @ConditionalOnClass did not find required class 'org.springframework.integration.config.EnableIntegration' (OnClassCondition)

   IntegrationGraphEndpointAutoConfiguration:
      Did not match:
         - @ConditionalOnClass did not find required class 'org.springframework.integration.graph.IntegrationGraphServer' (OnClassCondition)

   JCacheCacheConfiguration:
      Did not match:
         - @ConditionalOnClass did not find required class 'javax.cache.Caching' (OnClassCondition)

   JacksonHttpMessageConvertersConfiguration.MappingJackson2XmlHttpMessageConverterConfiguration:
      Did not match:
         - @ConditionalOnClass did not find required class 'com.fasterxml.jackson.dataformat.xml.XmlMapper' (OnClassCondition)

   JdbcRepositoriesAutoConfiguration:
      Did not match:
         - @ConditionalOnClass did not find required class 'org.springframework.data.jdbc.repository.config.AbstractJdbcConfiguration' (OnClassCondition)

   JerseyAutoConfiguration:
      Did not match:
         - @ConditionalOnClass did not find required class 'org.glassfish.jersey.server.spring.SpringComponentProvider' (OnClassCondition)

   JerseySameManagementContextConfiguration:
      Did not match:
         - @ConditionalOnClass did not find required class 'org.glassfish.jersey.server.ResourceConfig' (OnClassCondition)

   JerseyServerMetricsAutoConfiguration:
      Did not match:
         - @ConditionalOnClass did not find required class 'org.glassfish.jersey.micrometer.server.ObservationApplicationEventListener' (OnClassCondition)

   JerseyWebEndpointManagementContextConfiguration:
      Did not match:
         - @ConditionalOnClass did not find required class 'org.glassfish.jersey.server.ResourceConfig' (OnClassCondition)

   JettyMetricsAutoConfiguration:
      Did not match:
         - @ConditionalOnClass did not find required class 'org.eclipse.jetty.server.Server' (OnClassCondition)

   JmsAutoConfiguration:
      Did not match:
         - @ConditionalOnClass did not find required class 'jakarta.jms.Message' (OnClassCondition)

   JmsHealthContributorAutoConfiguration:
      Did not match:
         - @ConditionalOnClass did not find required class 'jakarta.jms.ConnectionFactory' (OnClassCondition)

   JmxAutoConfiguration:
      Did not match:
         - @ConditionalOnProperty (spring.jmx.enabled=true) did not find property 'enabled' (OnPropertyCondition)
      Matched:
         - @ConditionalOnClass found required class 'org.springframework.jmx.export.MBeanExporter' (OnClassCondition)

   JmxEndpointAutoConfiguration:
      Did not match:
         - @ConditionalOnProperty (spring.jmx.enabled=true) did not find property 'enabled' (OnPropertyCondition)

   JmxMetricsExportAutoConfiguration:
      Did not match:
         - @ConditionalOnClass did not find required class 'io.micrometer.jmx.JmxMeterRegistry' (OnClassCondition)

   JndiConnectionFactoryAutoConfiguration:
      Did not match:
         - @ConditionalOnClass did not find required class 'org.springframework.jms.core.JmsTemplate' (OnClassCondition)

   JndiDataSourceAutoConfiguration:
      Did not match:
         - @ConditionalOnProperty (spring.datasource.jndi-name) did not find property 'jndi-name' (OnPropertyCondition)
      Matched:
         - @ConditionalOnClass found required classes 'javax.sql.DataSource', 'org.springframework.jdbc.datasource.embedded.EmbeddedDatabaseType' (OnClassCondition)

   JndiJtaConfiguration:
      Did not match:
         - @ConditionalOnJndi JNDI environment is not available (OnJndiCondition)
      Matched:
         - @ConditionalOnClass found required class 'org.springframework.transaction.jta.JtaTransactionManager' (OnClassCondition)

   JooqAutoConfiguration:
      Did not match:
         - @ConditionalOnClass did not find required class 'org.jooq.DSLContext' (OnClassCondition)

   JpaRepositoriesAutoConfiguration#entityManagerFactoryBootstrapExecutorCustomizer:
      Did not match:
         - AnyNestedCondition 0 matched 2 did not; NestedCondition on JpaRepositoriesAutoConfiguration.BootstrapExecutorCondition.LazyBootstrapMode @ConditionalOnProperty (spring.data.jpa.repositories.bootstrap-mode=lazy) did not find property 'bootstrap-mode'; NestedCondition on JpaRepositoriesAutoConfiguration.BootstrapExecutorCondition.DeferredBootstrapMode @ConditionalOnProperty (spring.data.jpa.repositories.bootstrap-mode=deferred) did not find property 'bootstrap-mode' (JpaRepositoriesAutoConfiguration.BootstrapExecutorCondition)

   JsonbAutoConfiguration:
      Did not match:
         - @ConditionalOnClass did not find required class 'jakarta.json.bind.Jsonb' (OnClassCondition)

   JsonbHttpMessageConvertersConfiguration:
      Did not match:
         - @ConditionalOnClass did not find required class 'jakarta.json.bind.Jsonb' (OnClassCondition)

   KafkaAutoConfiguration:
      Did not match:
         - @ConditionalOnClass did not find required class 'org.springframework.kafka.core.KafkaTemplate' (OnClassCondition)

   KafkaMetricsAutoConfiguration:
      Did not match:
         - @ConditionalOnClass did not find required class 'org.springframework.kafka.core.ProducerFactory' (OnClassCondition)

   KairosMetricsExportAutoConfiguration:
      Did not match:
         - @ConditionalOnClass did not find required class 'io.micrometer.kairos.KairosMeterRegistry' (OnClassCondition)

   LdapAutoConfiguration:
      Did not match:
         - @ConditionalOnClass did not find required class 'org.springframework.ldap.core.ContextSource' (OnClassCondition)

   LdapHealthContributorAutoConfiguration:
      Did not match:
         - @ConditionalOnClass did not find required class 'org.springframework.ldap.core.LdapOperations' (OnClassCondition)

   LdapRepositoriesAutoConfiguration:
      Did not match:
         - @ConditionalOnClass did not find required class 'org.springframework.data.ldap.repository.LdapRepository' (OnClassCondition)

   LettuceMetricsAutoConfiguration:
      Did not match:
         - @ConditionalOnClass did not find required class 'io.lettuce.core.metrics.MicrometerCommandLatencyRecorder' (OnClassCondition)

   LiquibaseAutoConfiguration:
      Did not match:
         - @ConditionalOnClass did not find required class 'liquibase.change.DatabaseChange' (OnClassCondition)

   LiquibaseEndpointAutoConfiguration:
      Did not match:
         - @ConditionalOnClass did not find required class 'liquibase.integration.spring.SpringLiquibase' (OnClassCondition)

   LoadBalancerAutoConfiguration.RetryAutoConfiguration:
      Did not match:
         - @ConditionalOnClass did not find required class 'org.springframework.retry.support.RetryTemplate' (OnClassCondition)

   LoadBalancerAutoConfiguration.RetryInterceptorAutoConfiguration:
      Did not match:
         - @ConditionalOnClass did not find required class 'org.springframework.retry.support.RetryTemplate' (OnClassCondition)

   LoadBalancerCacheAutoConfiguration.CaffeineLoadBalancerCacheManagerConfiguration:
      Did not match:
         - @ConditionalOnClass did not find required class 'com.github.benmanes.caffeine.cache.Caffeine' (OnClassCondition)

   LoadBalancerEurekaAutoConfiguration#zoneConfig:
      Did not match:
         - @ConditionalOnMissingBean (types: org.springframework.cloud.loadbalancer.config.LoadBalancerZoneConfig; SearchStrategy: all) found beans of type 'org.springframework.cloud.loadbalancer.config.LoadBalancerZoneConfig' zoneConfig (OnBeanCondition)

   LoadBalancerStatsAutoConfiguration:
      Did not match:
         - @ConditionalOnProperty (spring.cloud.loadbalancer.stats.micrometer.enabled=true) did not find property 'spring.cloud.loadbalancer.stats.micrometer.enabled' (OnPropertyCondition)
      Matched:
         - @ConditionalOnClass found required class 'io.micrometer.core.instrument.MeterRegistry' (OnClassCondition)

   Log4J2MetricsAutoConfiguration:
      Did not match:
         - @ConditionalOnClass did not find required class 'org.apache.logging.log4j.core.LoggerContext' (OnClassCondition)

   LogFileWebEndpointAutoConfiguration:
      Did not match:
         - @ConditionalOnAvailableEndpoint no 'management.endpoints' property marked it as exposed (OnAvailableEndpointCondition)

   LoggersEndpointAutoConfiguration:
      Did not match:
         - @ConditionalOnAvailableEndpoint no 'management.endpoints' property marked it as exposed (OnAvailableEndpointCondition)

   MailHealthContributorAutoConfiguration:
      Did not match:
         - @ConditionalOnEnabledHealthIndicator management.health.mail.enabled is false (OnEnabledHealthIndicatorCondition)
      Matched:
         - @ConditionalOnClass found required class 'org.springframework.mail.javamail.JavaMailSenderImpl' (OnClassCondition)

   MailSenderJndiConfiguration:
      Did not match:
         - @ConditionalOnProperty (spring.mail.jndi-name) did not find property 'jndi-name' (OnPropertyCondition)
      Matched:
         - @ConditionalOnClass found required class 'jakarta.mail.Session' (OnClassCondition)

   MailSenderValidatorAutoConfiguration:
      Did not match:
         - @ConditionalOnProperty (spring.mail.test-connection) did not find property 'test-connection' (OnPropertyCondition)

   ManagementContextAutoConfiguration.DifferentManagementContextConfiguration:
      Did not match:
         - Management Port actual port type (SAME) did not match required type (DIFFERENT) (OnManagementPortCondition)

   ManagementWebSecurityAutoConfiguration:
      Did not match:
         - AllNestedConditions 1 matched 1 did not; NestedCondition on DefaultWebSecurityCondition.Beans @ConditionalOnMissingBean (types: org.springframework.security.web.SecurityFilterChain; SearchStrategy: all) found beans of type 'org.springframework.security.web.SecurityFilterChain' securityFilterChain; NestedCondition on DefaultWebSecurityCondition.Classes @ConditionalOnClass found required classes 'org.springframework.security.web.SecurityFilterChain', 'org.springframework.security.config.annotation.web.builders.HttpSecurity' (DefaultWebSecurityCondition)
      Matched:
         - found 'session' scope (OnWebApplicationCondition)

   MappingsEndpointAutoConfiguration:
      Did not match:
         - @ConditionalOnAvailableEndpoint no 'management.endpoints' property marked it as exposed (OnAvailableEndpointCondition)

   MessageSourceAutoConfiguration:
      Did not match:
         - ResourceBundle did not find bundle with basename messages (MessageSourceAutoConfiguration.ResourceBundleCondition)

   MetricsAspectsAutoConfiguration:
      Did not match:
         - AnyNestedCondition 0 matched 2 did not; NestedCondition on MetricsAspectsAutoConfiguration.ObservationAnnotationsEnabledCondition.ManagementObservationsEnabledCondition @ConditionalOnProperty (management.observations.annotations.enabled=true) did not find property 'enabled'; NestedCondition on MetricsAspectsAutoConfiguration.ObservationAnnotationsEnabledCondition.MicrometerObservationsEnabledCondition @ConditionalOnProperty (micrometer.observations.annotations.enabled=true) did not find property 'enabled' (MetricsAspectsAutoConfiguration.ObservationAnnotationsEnabledCondition)
      Matched:
         - @ConditionalOnClass found required classes 'io.micrometer.core.instrument.MeterRegistry', 'org.aspectj.weaver.Advice' (OnClassCondition)

   MetricsEndpointAutoConfiguration:
      Did not match:
         - @ConditionalOnAvailableEndpoint no 'management.endpoints' property marked it as exposed (OnAvailableEndpointCondition)
      Matched:
         - @ConditionalOnClass found required class 'io.micrometer.core.annotation.Timed' (OnClassCondition)

   MicrometerTracingAutoConfiguration:
      Did not match:
         - @ConditionalOnClass did not find required class 'io.micrometer.tracing.Tracer' (OnClassCondition)

   MongoAutoConfiguration:
      Did not match:
         - @ConditionalOnClass did not find required class 'com.mongodb.client.MongoClient' (OnClassCondition)

   MongoDataAutoConfiguration:
      Did not match:
         - @ConditionalOnClass did not find required class 'com.mongodb.client.MongoClient' (OnClassCondition)

   MongoHealthContributorAutoConfiguration:
      Did not match:
         - @ConditionalOnClass did not find required class 'org.springframework.data.mongodb.core.MongoTemplate' (OnClassCondition)

   MongoMetricsAutoConfiguration:
      Did not match:
         - @ConditionalOnClass did not find required class 'com.mongodb.MongoClientSettings' (OnClassCondition)

   MongoReactiveAutoConfiguration:
      Did not match:
         - @ConditionalOnClass did not find required class 'com.mongodb.reactivestreams.client.MongoClient' (OnClassCondition)

   MongoReactiveDataAutoConfiguration:
      Did not match:
         - @ConditionalOnClass did not find required class 'com.mongodb.reactivestreams.client.MongoClient' (OnClassCondition)

   MongoReactiveHealthContributorAutoConfiguration:
      Did not match:
         - @ConditionalOnClass did not find required class 'org.springframework.data.mongodb.core.ReactiveMongoTemplate' (OnClassCondition)

   MongoReactiveRepositoriesAutoConfiguration:
      Did not match:
         - @ConditionalOnClass did not find required class 'com.mongodb.reactivestreams.client.MongoClient' (OnClassCondition)

   MongoRepositoriesAutoConfiguration:
      Did not match:
         - @ConditionalOnClass did not find required class 'com.mongodb.client.MongoClient' (OnClassCondition)

   MultipleOpenApiSupportConfiguration:
      Did not match:
         - AnyNestedCondition 0 matched 2 did not; NestedCondition on MultipleOpenApiSupportCondition.OnActuatorDifferentPort found non-matching nested conditions Management Port actual port type (SAME) did not match required type (DIFFERENT), @ConditionalOnProperty (springdoc.show-actuator) did not find property 'springdoc.show-actuator'; NestedCondition on MultipleOpenApiSupportCondition.OnMultipleOpenApiSupportCondition AnyNestedCondition 0 matched 2 did not; NestedCondition on MultipleOpenApiGroupsCondition.OnGroupConfigProperty @ConditionalOnProperty (springdoc.group-configs[0].group) did not find property 'springdoc.group-configs[0].group'; NestedCondition on MultipleOpenApiGroupsCondition.OnGroupedOpenApiBean @ConditionalOnBean (types: org.springdoc.core.models.GroupedOpenApi; SearchStrategy: all) did not find any beans of type org.springdoc.core.models.GroupedOpenApi (MultipleOpenApiSupportCondition)
      Matched:
         - found 'session' scope (OnWebApplicationCondition)
         - @ConditionalOnProperty (springdoc.api-docs.enabled) matched (OnPropertyCondition)

   MultipleOpenApiSupportConfiguration.SpringDocWebMvcActuatorDifferentConfiguration:
      Did not match:
         - Management Port actual port type (SAME) did not match required type (DIFFERENT) (OnManagementPortCondition)
         - Ancestor org.springdoc.webmvc.core.configuration.MultipleOpenApiSupportConfiguration did not match (ConditionEvaluationReport.AncestorsMatchedCondition)
      Matched:
         - @ConditionalOnClass found required class 'org.springframework.boot.actuate.endpoint.web.servlet.WebMvcEndpointHandlerMapping' (OnClassCondition)

   MustacheAutoConfiguration:
      Did not match:
         - @ConditionalOnClass did not find required class 'com.samskivert.mustache.Mustache' (OnClassCondition)

   Neo4jAutoConfiguration:
      Did not match:
         - @ConditionalOnClass did not find required class 'org.neo4j.driver.Driver' (OnClassCondition)

   Neo4jDataAutoConfiguration:
      Did not match:
         - @ConditionalOnClass did not find required class 'org.neo4j.driver.Driver' (OnClassCondition)

   Neo4jHealthContributorAutoConfiguration:
      Did not match:
         - @ConditionalOnClass did not find required class 'org.neo4j.driver.Driver' (OnClassCondition)

   Neo4jReactiveDataAutoConfiguration:
      Did not match:
         - @ConditionalOnClass did not find required class 'org.neo4j.driver.Driver' (OnClassCondition)

   Neo4jReactiveRepositoriesAutoConfiguration:
      Did not match:
         - @ConditionalOnClass did not find required class 'org.neo4j.driver.Driver' (OnClassCondition)

   Neo4jRepositoriesAutoConfiguration:
      Did not match:
         - @ConditionalOnClass did not find required class 'org.neo4j.driver.Driver' (OnClassCondition)

   NewRelicMetricsExportAutoConfiguration:
      Did not match:
         - @ConditionalOnClass did not find required class 'io.micrometer.newrelic.NewRelicMeterRegistry' (OnClassCondition)

   NoOpMeterRegistryConfiguration:
      Did not match:
         - @ConditionalOnMissingBean (types: io.micrometer.core.instrument.MeterRegistry; SearchStrategy: all) found beans of type 'io.micrometer.core.instrument.MeterRegistry' simpleMeterRegistry (OnBeanCondition)

   NoopTracerAutoConfiguration:
      Did not match:
         - @ConditionalOnClass did not find required class 'io.micrometer.tracing.Tracer' (OnClassCondition)

   OAuth2AuthorizationServerAutoConfiguration:
      Did not match:
         - @ConditionalOnClass did not find required class 'org.springframework.security.oauth2.server.authorization.OAuth2Authorization' (OnClassCondition)

   OAuth2AuthorizationServerJwtAutoConfiguration:
      Did not match:
         - @ConditionalOnClass did not find required class 'org.springframework.security.oauth2.server.authorization.OAuth2Authorization' (OnClassCondition)

   OAuth2ClientAutoConfiguration:
      Did not match:
         - @ConditionalOnClass did not find required class 'org.springframework.security.oauth2.client.registration.ClientRegistration' (OnClassCondition)

   OAuth2LoadBalancerClientAutoConfiguration:
      Did not match:
         - @ConditionalOnProperty (spring.cloud.oauth2.load-balanced.enabled) did not find property 'spring.cloud.oauth2.load-balanced.enabled' (OnPropertyCondition)

   OAuth2ResourceServerJwtConfiguration.JwtConverterConfiguration:
      Did not match:
         - AnyNestedCondition 0 matched 3 did not; NestedCondition on OAuth2ResourceServerJwtConfiguration.JwtConverterPropertiesCondition.OnAuthoritiesClaimName @ConditionalOnProperty (spring.security.oauth2.resourceserver.jwt.authorities-claim-name) did not find property 'authorities-claim-name'; NestedCondition on OAuth2ResourceServerJwtConfiguration.JwtConverterPropertiesCondition.OnPrincipalClaimName @ConditionalOnProperty (spring.security.oauth2.resourceserver.jwt.principal-claim-name) did not find property 'principal-claim-name'; NestedCondition on OAuth2ResourceServerJwtConfiguration.JwtConverterPropertiesCondition.OnAuthorityPrefix @ConditionalOnProperty (spring.security.oauth2.resourceserver.jwt.authority-prefix) did not find property 'authority-prefix' (OAuth2ResourceServerJwtConfiguration.JwtConverterPropertiesCondition)

   OAuth2ResourceServerJwtConfiguration.JwtDecoderConfiguration:
      Did not match:
         - @ConditionalOnMissingBean (types: org.springframework.security.oauth2.jwt.JwtDecoder; SearchStrategy: all) found beans of type 'org.springframework.security.oauth2.jwt.JwtDecoder' jwtDecoder (OnBeanCondition)

   OAuth2ResourceServerJwtConfiguration.OAuth2SecurityFilterChainConfiguration:
      Did not match:
         - AllNestedConditions 1 matched 1 did not; NestedCondition on DefaultWebSecurityCondition.Beans @ConditionalOnMissingBean (types: org.springframework.security.web.SecurityFilterChain; SearchStrategy: all) found beans of type 'org.springframework.security.web.SecurityFilterChain' securityFilterChain; NestedCondition on DefaultWebSecurityCondition.Classes @ConditionalOnClass found required classes 'org.springframework.security.web.SecurityFilterChain', 'org.springframework.security.config.annotation.web.builders.HttpSecurity' (DefaultWebSecurityCondition)

   OAuth2ResourceServerOpaqueTokenConfiguration.OAuth2SecurityFilterChainConfiguration:
      Did not match:
         - AllNestedConditions 1 matched 1 did not; NestedCondition on DefaultWebSecurityCondition.Beans @ConditionalOnMissingBean (types: org.springframework.security.web.SecurityFilterChain; SearchStrategy: all) found beans of type 'org.springframework.security.web.SecurityFilterChain' securityFilterChain; NestedCondition on DefaultWebSecurityCondition.Classes @ConditionalOnClass found required classes 'org.springframework.security.web.SecurityFilterChain', 'org.springframework.security.config.annotation.web.builders.HttpSecurity' (DefaultWebSecurityCondition)

   OAuth2ResourceServerOpaqueTokenConfiguration.OpaqueTokenIntrospectionClientConfiguration#opaqueTokenIntrospector:
      Did not match:
         - @ConditionalOnProperty (spring.security.oauth2.resourceserver.opaquetoken.introspection-uri) did not find property 'spring.security.oauth2.resourceserver.opaquetoken.introspection-uri' (OnPropertyCondition)

   ObservationAutoConfiguration.MeterObservationHandlerConfiguration.TracingAndMetricsObservationHandlerConfiguration:
      Did not match:
         - @ConditionalOnBean did not find required type 'io.micrometer.tracing.Tracer' (OnBeanCondition)
         - @ConditionalOnBean (types: io.micrometer.tracing.Tracer; SearchStrategy: all) did not find any beans of type io.micrometer.tracing.Tracer (OnBeanCondition)

   ObservationAutoConfiguration.MetricsWithTracingConfiguration:
      Did not match:
         - @ConditionalOnClass did not find required class 'io.micrometer.tracing.Tracer' (OnClassCondition)

   ObservationAutoConfiguration.OnlyTracingConfiguration:
      Did not match:
         - @ConditionalOnClass did not find required class 'io.micrometer.tracing.Tracer' (OnClassCondition)

   org.springframework.boot.actuate.autoconfigure.opentelemetry.OpenTelemetryAutoConfiguration:
      Did not match:
         - @ConditionalOnClass did not find required class 'io.opentelemetry.sdk.OpenTelemetrySdk' (OnClassCondition)

   org.springframework.boot.actuate.autoconfigure.tracing.OpenTelemetryAutoConfiguration:
      Did not match:
         - @ConditionalOnClass did not find required class 'io.micrometer.tracing.otel.bridge.OtelTracer' (OnClassCondition)

   OtlpAutoConfiguration:
      Did not match:
         - @ConditionalOnClass did not find required class 'io.micrometer.tracing.otel.bridge.OtelTracer' (OnClassCondition)

   OtlpMetricsExportAutoConfiguration:
      Did not match:
         - @ConditionalOnClass did not find required class 'io.micrometer.registry.otlp.OtlpMeterRegistry' (OnClassCondition)

   PauseResumeEndpointsConfiguration#pauseEndpoint:
      Did not match:
         - @ConditionalOnBean (types: org.springframework.cloud.context.restart.RestartEndpoint; SearchStrategy: all) did not find any beans of type org.springframework.cloud.context.restart.RestartEndpoint (OnBeanCondition)

   PauseResumeEndpointsConfiguration#resumeEndpoint:
      Did not match:
         - @ConditionalOnBean (types: org.springframework.cloud.context.restart.RestartEndpoint; SearchStrategy: all) did not find any beans of type org.springframework.cloud.context.restart.RestartEndpoint (OnBeanCondition)

   ProjectInfoAutoConfiguration#buildProperties:
      Did not match:
         - @ConditionalOnResource did not find resource '${spring.info.build.location:classpath:META-INF/build-info.properties}' (OnResourceCondition)

   ProjectInfoAutoConfiguration#gitProperties:
      Did not match:
         - GitResource did not find git info at classpath:git.properties (ProjectInfoAutoConfiguration.GitResourceAvailableCondition)

   PrometheusExemplarsAutoConfiguration:
      Did not match:
         - @ConditionalOnClass did not find required class 'io.micrometer.tracing.Tracer' (OnClassCondition)

   PrometheusMetricsExportAutoConfiguration:
      Did not match:
         - @ConditionalOnClass did not find required class 'io.micrometer.prometheusmetrics.PrometheusMeterRegistry' (OnClassCondition)

   PrometheusSimpleclientExemplarsAutoConfiguration:
      Did not match:
         - @ConditionalOnClass did not find required class 'io.micrometer.tracing.Tracer' (OnClassCondition)

   PrometheusSimpleclientMetricsExportAutoConfiguration:
      Did not match:
         - @ConditionalOnClass did not find required class 'io.micrometer.prometheus.PrometheusMeterRegistry' (OnClassCondition)

   PulsarAutoConfiguration:
      Did not match:
         - @ConditionalOnClass did not find required class 'org.apache.pulsar.client.api.PulsarClient' (OnClassCondition)

   PulsarReactiveAutoConfiguration:
      Did not match:
         - @ConditionalOnClass did not find required class 'org.apache.pulsar.client.api.PulsarClient' (OnClassCondition)

   QuartzAutoConfiguration:
      Did not match:
         - @ConditionalOnClass did not find required class 'org.quartz.Scheduler' (OnClassCondition)

   QuartzEndpointAutoConfiguration:
      Did not match:
         - @ConditionalOnClass did not find required class 'org.quartz.Scheduler' (OnClassCondition)

   R2dbcAutoConfiguration:
      Did not match:
         - @ConditionalOnClass did not find required class 'io.r2dbc.spi.ConnectionFactory' (OnClassCondition)

   R2dbcDataAutoConfiguration:
      Did not match:
         - @ConditionalOnClass did not find required class 'org.springframework.data.r2dbc.core.R2dbcEntityTemplate' (OnClassCondition)

   R2dbcInitializationConfiguration:
      Did not match:
         - @ConditionalOnClass did not find required classes 'io.r2dbc.spi.ConnectionFactory', 'org.springframework.r2dbc.connection.init.DatabasePopulator' (OnClassCondition)

   R2dbcObservationAutoConfiguration:
      Did not match:
         - @ConditionalOnClass did not find required class 'io.r2dbc.proxy.ProxyConnectionFactory' (OnClassCondition)

   R2dbcRepositoriesAutoConfiguration:
      Did not match:
         - @ConditionalOnClass did not find required class 'io.r2dbc.spi.ConnectionFactory' (OnClassCondition)

   R2dbcTransactionManagerAutoConfiguration:
      Did not match:
         - @ConditionalOnClass did not find required class 'org.springframework.r2dbc.connection.R2dbcTransactionManager' (OnClassCondition)

   RSocketGraphQlClientAutoConfiguration:
      Did not match:
         - @ConditionalOnClass did not find required class 'graphql.GraphQL' (OnClassCondition)

   RSocketMessagingAutoConfiguration:
      Did not match:
         - @ConditionalOnClass did not find required class 'io.rsocket.RSocket' (OnClassCondition)

   RSocketRequesterAutoConfiguration:
      Did not match:
         - @ConditionalOnClass did not find required class 'io.rsocket.RSocket' (OnClassCondition)

   RSocketSecurityAutoConfiguration:
      Did not match:
         - @ConditionalOnClass did not find required class 'org.springframework.security.rsocket.core.SecuritySocketAcceptorInterceptor' (OnClassCondition)

   RSocketServerAutoConfiguration:
      Did not match:
         - @ConditionalOnClass did not find required class 'io.rsocket.core.RSocketServer' (OnClassCondition)

   RSocketStrategiesAutoConfiguration:
      Did not match:
         - @ConditionalOnClass did not find required class 'io.rsocket.RSocket' (OnClassCondition)

   RabbitAutoConfiguration:
      Did not match:
         - @ConditionalOnClass did not find required class 'com.rabbitmq.client.Channel' (OnClassCondition)

   RabbitHealthContributorAutoConfiguration:
      Did not match:
         - @ConditionalOnClass did not find required class 'org.springframework.amqp.rabbit.core.RabbitTemplate' (OnClassCondition)

   RabbitMetricsAutoConfiguration:
      Did not match:
         - @ConditionalOnClass did not find required class 'com.rabbitmq.client.ConnectionFactory' (OnClassCondition)

   ReactiveCloudFoundryActuatorAutoConfiguration:
      Did not match:
         - not a reactive web application (OnWebApplicationCondition)

   ReactiveElasticsearchClientAutoConfiguration:
      Did not match:
         - @ConditionalOnClass did not find required class 'co.elastic.clients.transport.ElasticsearchTransport' (OnClassCondition)

   ReactiveElasticsearchRepositoriesAutoConfiguration:
      Did not match:
         - @ConditionalOnClass did not find required class 'org.springframework.data.elasticsearch.client.elc.ReactiveElasticsearchClient' (OnClassCondition)

   ReactiveManagementContextAutoConfiguration:
      Did not match:
         - not a reactive web application (OnWebApplicationCondition)
      Matched:
         - @ConditionalOnClass found required class 'reactor.core.publisher.Flux' (OnClassCondition)

   ReactiveManagementWebSecurityAutoConfiguration:
      Did not match:
         - not a reactive web application (OnWebApplicationCondition)
      Matched:
         - @ConditionalOnClass found required classes 'org.springframework.security.config.annotation.web.reactive.EnableWebFluxSecurity', 'org.springframework.security.web.server.WebFilterChainProxy' (OnClassCondition)

   ReactiveMultipartAutoConfiguration:
      Did not match:
         - not a reactive web application (OnWebApplicationCondition)
      Matched:
         - @ConditionalOnClass found required classes 'org.springframework.http.codec.multipart.DefaultPartHttpMessageReader', 'org.springframework.web.reactive.config.WebFluxConfigurer' (OnClassCondition)

   ReactiveOAuth2ClientAutoConfiguration:
      Did not match:
         - @ConditionalOnClass did not find required class 'org.springframework.security.oauth2.client.registration.ClientRegistration' (OnClassCondition)

   ReactiveOAuth2ResourceServerAutoConfiguration:
      Did not match:
         - not a reactive web application (OnWebApplicationCondition)
      Matched:
         - @ConditionalOnClass found required class 'org.springframework.security.config.annotation.web.reactive.EnableWebFluxSecurity' (OnClassCondition)

   ReactiveSecurityAutoConfiguration.SpringBootWebFluxSecurityConfiguration:
      Did not match:
         - not a reactive web application (OnWebApplicationCondition)

   ReactiveUserDetailsServiceAutoConfiguration:
      Did not match:
         - AnyNestedCondition 0 matched 3 did not; NestedCondition on ReactiveUserDetailsServiceAutoConfiguration.MissingAlternativeOrUserPropertiesConfigured.PasswordConfigured @ConditionalOnProperty (spring.security.user.password) did not find property 'password'; NestedCondition on ReactiveUserDetailsServiceAutoConfiguration.MissingAlternativeOrUserPropertiesConfigured.NameConfigured @ConditionalOnProperty (spring.security.user.name) did not find property 'name'; NestedCondition on ReactiveUserDetailsServiceAutoConfiguration.MissingAlternativeOrUserPropertiesConfigured.MissingAlternative @ConditionalOnMissingClass found unwanted class 'org.springframework.security.oauth2.server.resource.introspection.ReactiveOpaqueTokenIntrospector' (ReactiveUserDetailsServiceAutoConfiguration.MissingAlternativeOrUserPropertiesConfigured)
      Matched:
         - @ConditionalOnClass found required class 'org.springframework.security.authentication.ReactiveAuthenticationManager' (OnClassCondition)

   ReactiveWebServerFactoryAutoConfiguration:
      Did not match:
         - not a reactive web application (OnWebApplicationCondition)
      Matched:
         - @ConditionalOnClass found required class 'org.springframework.http.ReactiveHttpInputMessage' (OnClassCondition)

   ReactorLoadBalancerClientAutoConfiguration#loadBalancerRetryPolicy:
      Did not match:
         - @ConditionalOnProperty (spring.cloud.loadbalancer.retry.enabled=true) did not find property 'spring.cloud.loadbalancer.retry.enabled' (OnPropertyCondition)

   ReactorLoadBalancerClientAutoConfiguration#retryableLoadBalancerExchangeFilterFunction:
      Did not match:
         - @ConditionalOnProperty (spring.cloud.loadbalancer.retry.enabled=true) did not find property 'spring.cloud.loadbalancer.retry.enabled' (OnPropertyCondition)

   RedisAutoConfiguration:
      Did not match:
         - @ConditionalOnClass did not find required class 'org.springframework.data.redis.core.RedisOperations' (OnClassCondition)

   RedisCacheConfiguration:
      Did not match:
         - @ConditionalOnClass did not find required class 'org.springframework.data.redis.connection.RedisConnectionFactory' (OnClassCondition)

   RedisHealthContributorAutoConfiguration:
      Did not match:
         - @ConditionalOnClass did not find required class 'org.springframework.data.redis.connection.RedisConnectionFactory' (OnClassCondition)

   RedisReactiveAutoConfiguration:
      Did not match:
         - @ConditionalOnClass did not find required class 'org.springframework.data.redis.connection.ReactiveRedisConnectionFactory' (OnClassCondition)

   RedisReactiveHealthContributorAutoConfiguration:
      Did not match:
         - @ConditionalOnClass did not find required class 'org.springframework.data.redis.connection.ReactiveRedisConnectionFactory' (OnClassCondition)

   RedisRepositoriesAutoConfiguration:
      Did not match:
         - @ConditionalOnClass did not find required class 'org.springframework.data.redis.repository.configuration.EnableRedisRepositories' (OnClassCondition)

   RefreshAutoConfiguration#legacyContextRefresher:
      Did not match:
         - AnyNestedCondition 0 matched 3 did not; NestedCondition on ConditionalOnBootstrapEnabled.OnBootstrapEnabledCondition.OnBootstrapEnabled @ConditionalOnProperty (spring.cloud.bootstrap.enabled) did not find property 'spring.cloud.bootstrap.enabled'; NestedCondition on ConditionalOnBootstrapEnabled.OnBootstrapEnabledCondition.OnUseLegacyProcessingEnabled @ConditionalOnProperty (spring.config.use-legacy-processing) did not find property 'spring.config.use-legacy-processing'; NestedCondition on ConditionalOnBootstrapEnabled.OnBootstrapEnabledCondition.OnBootstrapMarkerClassPresent @ConditionalOnClass did not find required class 'org.springframework.cloud.bootstrap.marker.Marker' (ConditionalOnBootstrapEnabled.OnBootstrapEnabledCondition)

   RefreshAutoConfiguration.JpaInvokerConfiguration:
      Did not match:
         - @ConditionalOnClass did not find required class 'javax.persistence.EntityManagerFactory' (OnClassCondition)

   RefreshEndpointAutoConfiguration.RefreshEndpointConfiguration#refreshEndpoint:
      Did not match:
         - @ConditionalOnAvailableEndpoint no 'management.endpoints' property marked it as exposed (OnAvailableEndpointCondition)
      Matched:
         - @ConditionalOnBean (types: org.springframework.cloud.context.refresh.ContextRefresher; SearchStrategy: all) found bean 'configDataContextRefresher'; @ConditionalOnMissingBean (types: org.springframework.cloud.endpoint.RefreshEndpoint; SearchStrategy: all) did not find any beans (OnBeanCondition)

   RepositoryRestMvcAutoConfiguration:
      Did not match:
         - @ConditionalOnClass did not find required class 'org.springframework.data.rest.webmvc.config.RepositoryRestMvcConfiguration' (OnClassCondition)

   RestartEndpointWithIntegrationConfiguration:
      Did not match:
         - @ConditionalOnClass did not find required class 'org.springframework.integration.monitor.IntegrationMBeanExporter' (OnClassCondition)

   RestartEndpointWithoutIntegrationConfiguration#restartEndpointWithoutIntegration:
      Did not match:
         - @ConditionalOnAvailableEndpoint no property management.endpoint.restart.enabled found so using endpoint default of false (OnAvailableEndpointCondition)

   Saml2RelyingPartyAutoConfiguration:
      Did not match:
         - @ConditionalOnClass did not find required class 'org.springframework.security.saml2.provider.service.registration.RelyingPartyRegistrationRepository' (OnClassCondition)

   SbomEndpointAutoConfiguration:
      Did not match:
         - @ConditionalOnAvailableEndpoint no 'management.endpoints' property marked it as exposed (OnAvailableEndpointCondition)

   ScheduledTasksEndpointAutoConfiguration:
      Did not match:
         - @ConditionalOnAvailableEndpoint no 'management.endpoints' property marked it as exposed (OnAvailableEndpointCondition)

   SecurityDataConfiguration:
      Did not match:
         - @ConditionalOnClass did not find required class 'org.springframework.security.data.repository.query.SecurityEvaluationContextExtension' (OnClassCondition)

   SecurityRequestMatchersManagementContextConfiguration.JerseyRequestMatcherConfiguration:
      Did not match:
         - @ConditionalOnClass did not find required class 'org.glassfish.jersey.server.ResourceConfig' (OnClassCondition)

   SendGridAutoConfiguration:
      Did not match:
         - @ConditionalOnClass did not find required class 'com.sendgrid.SendGrid' (OnClassCondition)

   ServiceRegistryAutoConfiguration.ServiceRegistryEndpointConfiguration#serviceRegistryEndpoint:
      Did not match:
         - @ConditionalOnAvailableEndpoint no 'management.endpoints' property marked it as exposed (OnAvailableEndpointCondition)

   ServletEndpointManagementContextConfiguration.JerseyServletEndpointManagementContextConfiguration:
      Did not match:
         - @ConditionalOnClass did not find required class 'org.glassfish.jersey.server.ResourceConfig' (OnClassCondition)

   ServletManagementContextAutoConfiguration.ApplicationContextFilterConfiguration:
      Did not match:
         - @ConditionalOnProperty (management.server.add-application-context-header=true) did not find property 'add-application-context-header' (OnPropertyCondition)

   ServletWebServerFactoryAutoConfiguration.ForwardedHeaderFilterConfiguration:
      Did not match:
         - @ConditionalOnProperty (server.forward-headers-strategy=framework) did not find property 'server.forward-headers-strategy' (OnPropertyCondition)

   ServletWebServerFactoryConfiguration.EmbeddedJetty:
      Did not match:
         - @ConditionalOnClass did not find required classes 'org.eclipse.jetty.server.Server', 'org.eclipse.jetty.util.Loader', 'org.eclipse.jetty.ee10.webapp.WebAppContext' (OnClassCondition)

   ServletWebServerFactoryConfiguration.EmbeddedUndertow:
      Did not match:
         - @ConditionalOnClass did not find required classes 'io.undertow.Undertow', 'org.xnio.SslClientAuthMode' (OnClassCondition)

   SessionAutoConfiguration:
      Did not match:
         - @ConditionalOnClass did not find required class 'org.springframework.session.Session' (OnClassCondition)

   SessionsEndpointAutoConfiguration:
      Did not match:
         - @ConditionalOnClass did not find required class 'org.springframework.session.Session' (OnClassCondition)

   ShutdownEndpointAutoConfiguration:
      Did not match:
         - @ConditionalOnAvailableEndpoint no property management.endpoint.shutdown.enabled found so using endpoint default of false (OnAvailableEndpointCondition)

   SignalFxMetricsExportAutoConfiguration:
      Did not match:
         - @ConditionalOnClass did not find required class 'io.micrometer.signalfx.SignalFxMeterRegistry' (OnClassCondition)

   SpringApplicationAdminJmxAutoConfiguration:
      Did not match:
         - @ConditionalOnProperty (spring.application.admin.enabled=true) did not find property 'enabled' (OnPropertyCondition)

   SpringBootWebSecurityConfiguration.SecurityFilterChainConfiguration:
      Did not match:
         - AllNestedConditions 1 matched 1 did not; NestedCondition on DefaultWebSecurityCondition.Beans @ConditionalOnMissingBean (types: org.springframework.security.web.SecurityFilterChain; SearchStrategy: all) found beans of type 'org.springframework.security.web.SecurityFilterChain' securityFilterChain; NestedCondition on DefaultWebSecurityCondition.Classes @ConditionalOnClass found required classes 'org.springframework.security.web.SecurityFilterChain', 'org.springframework.security.config.annotation.web.builders.HttpSecurity' (DefaultWebSecurityCondition)

   SpringDocConfiguration#propertiesResolverForSchema:
      Did not match:
         - @ConditionalOnProperty (springdoc.api-docs.resolve-schema-properties) did not find property 'springdoc.api-docs.resolve-schema-properties' (OnPropertyCondition)

   SpringDocConfiguration#propertyCustomizingConverter:
      Did not match:
         - @ConditionalOnBean (types: org.springdoc.core.customizers.PropertyCustomizer; SearchStrategy: all) did not find any beans of type org.springdoc.core.customizers.PropertyCustomizer (OnBeanCondition)

   SpringDocConfiguration#springdocBeanFactoryPostProcessor:
      Did not match:
         - AnyNestedCondition 0 matched 2 did not; NestedCondition on CacheOrGroupedOpenApiCondition.OnCacheDisabled found non-matching nested conditions @ConditionalOnProperty (springdoc.cache.disabled) did not find property 'springdoc.cache.disabled'; NestedCondition on CacheOrGroupedOpenApiCondition.OnMultipleOpenApiSupportCondition AnyNestedCondition 0 matched 2 did not; NestedCondition on MultipleOpenApiSupportCondition.OnActuatorDifferentPort found non-matching nested conditions Management Port actual port type (SAME) did not match required type (DIFFERENT), @ConditionalOnProperty (springdoc.show-actuator) did not find property 'springdoc.show-actuator'; NestedCondition on MultipleOpenApiSupportCondition.OnMultipleOpenApiSupportCondition AnyNestedCondition 0 matched 2 did not; NestedCondition on MultipleOpenApiGroupsCondition.OnGroupConfigProperty @ConditionalOnProperty (springdoc.group-configs[0].group) did not find property 'springdoc.group-configs[0].group'; NestedCondition on MultipleOpenApiGroupsCondition.OnGroupedOpenApiBean @ConditionalOnBean (types: org.springdoc.core.models.GroupedOpenApi; SearchStrategy: all) did not find any beans of type org.springdoc.core.models.GroupedOpenApi (CacheOrGroupedOpenApiCondition)
      Matched:
         - @ConditionalOnClass found required class 'org.springframework.boot.context.properties.bind.BindResult' (OnClassCondition)

   SpringDocConfiguration#springdocBeanFactoryPostProcessor2:
      Did not match:
         - @ConditionalOnMissingClass found unwanted class 'org.springframework.boot.context.properties.bind.BindResult' (OnClassCondition)

   SpringDocConfiguration.SpringDocActuatorConfiguration:
      Did not match:
         - @ConditionalOnProperty (springdoc.show-actuator) did not find property 'springdoc.show-actuator' (OnPropertyCondition)
      Matched:
         - @ConditionalOnClass found required class 'org.springframework.boot.actuate.autoconfigure.endpoint.web.WebEndpointProperties' (OnClassCondition)

   SpringDocConfiguration.SpringDocRepositoryRestConfiguration:
      Did not match:
         - @ConditionalOnClass did not find required class 'org.springframework.data.rest.core.config.RepositoryRestConfiguration' (OnClassCondition)

   SpringDocDataRestConfiguration:
      Did not match:
         - @ConditionalOnClass did not find required class 'org.springframework.data.rest.core.config.RepositoryRestConfiguration' (OnClassCondition)

   SpringDocFunctionCatalogConfiguration:
      Did not match:
         - @ConditionalOnClass did not find required class 'org.springframework.cloud.function.web.function.FunctionEndpointInitializer' (OnClassCondition)

   SpringDocGroovyConfiguration:
      Did not match:
         - @ConditionalOnClass did not find required class 'groovy.lang.MetaClass' (OnClassCondition)

   SpringDocHateoasConfiguration:
      Did not match:
         - @ConditionalOnClass did not find required class 'org.springframework.hateoas.server.LinkRelationProvider' (OnClassCondition)

   SpringDocJacksonKotlinModuleConfiguration:
      Did not match:
         - @ConditionalOnClass did not find required class 'com.fasterxml.jackson.module.kotlin.KotlinModule' (OnClassCondition)

   SpringDocJavadocConfiguration:
      Did not match:
         - @ConditionalOnClass did not find required class 'com.github.therapi.runtimejavadoc.CommentFormatter' (OnClassCondition)

   SpringDocKotlinConfiguration:
      Did not match:
         - @ConditionalOnClass did not find required class 'kotlin.coroutines.Continuation' (OnClassCondition)

   SpringDocKotlinxConfiguration:
      Did not match:
         - @ConditionalOnClass did not find required class 'kotlinx.coroutines.flow.Flow' (OnClassCondition)

   SpringDocSecurityConfiguration.SpringDocSecurityOAuth2Configuration:
      Did not match:
         - @ConditionalOnClass did not find required class 'org.springframework.security.oauth2.server.authorization.OAuth2AuthorizationService' (OnClassCondition)

   SpringDocSecurityConfiguration.SpringSecurityLoginEndpointConfiguration#springSecurityLoginEndpointCustomiser:
      Did not match:
         - @ConditionalOnProperty (springdoc.show-login-endpoint) did not find property 'springdoc.show-login-endpoint' (OnPropertyCondition)

   SpringDocSortConfiguration#delegatingMethodParameterCustomizer:
      Did not match:
         - @ConditionalOnMissingBean (types: org.springdoc.core.customizers.DelegatingMethodParameterCustomizer; SearchStrategy: all) found beans of type 'org.springdoc.core.customizers.DelegatingMethodParameterCustomizer' delegatingMethodParameterCustomizer (OnBeanCondition)

   SpringDocWebMvcConfiguration.SpringDocWebMvcActuatorConfiguration#actuatorProvider:
      Did not match:
         - @ConditionalOnExpression (#{${springdoc.show-actuator:false} or ${springdoc.use-management-port:false}}) resulted in false (OnExpressionCondition)

   SpringDocWebMvcConfiguration.SpringDocWebMvcActuatorConfiguration#openApiActuatorResource:
      Did not match:
         - @ConditionalOnExpression (#{${springdoc.use-management-port:false} and ${springdoc.enable-default-api-docs:true}}) resulted in false (OnExpressionCondition)

   StackdriverMetricsExportAutoConfiguration:
      Did not match:
         - @ConditionalOnClass did not find required class 'io.micrometer.stackdriver.StackdriverMeterRegistry' (OnClassCondition)

   StartupEndpointAutoConfiguration:
      Did not match:
         - ApplicationStartup configured applicationStartup is of type class org.springframework.core.metrics.DefaultApplicationStartup, expected BufferingApplicationStartup. (StartupEndpointAutoConfiguration.ApplicationStartupCondition)

   StatsdMetricsExportAutoConfiguration:
      Did not match:
         - @ConditionalOnClass did not find required class 'io.micrometer.statsd.StatsdMeterRegistry' (OnClassCondition)

   SwaggerConfig#springWebProvider:
      Did not match:
         - @ConditionalOnMissingBean (types: org.springdoc.core.providers.SpringWebProvider; SearchStrategy: all) found beans of type 'org.springdoc.core.providers.SpringWebProvider' springWebProvider (OnBeanCondition)

   SwaggerConfig#swaggerUiConfigParameters:
      Did not match:
         - @ConditionalOnMissingBean (types: org.springdoc.core.properties.SwaggerUiConfigParameters; SearchStrategy: all) found beans of type 'org.springdoc.core.properties.SwaggerUiConfigParameters' org.springdoc.core.properties.SwaggerUiConfigParameters (OnBeanCondition)

   SwaggerConfig#swaggerUiHome:
      Did not match:
         - @ConditionalOnProperty (springdoc.swagger-ui.use-root-path=true) did not find property 'springdoc.swagger-ui.use-root-path' (OnPropertyCondition)

   SwaggerConfig.SwaggerActuatorWelcomeConfiguration:
      Did not match:
         - @ConditionalOnProperty (springdoc.use-management-port) did not find property 'springdoc.use-management-port' (OnPropertyCondition)
      Matched:
         - @ConditionalOnClass found required class 'org.springframework.boot.actuate.endpoint.web.servlet.WebMvcEndpointHandlerMapping' (OnClassCondition)

   TaskExecutorConfigurations.SimpleAsyncTaskExecutorBuilderConfiguration#simpleAsyncTaskExecutorBuilderVirtualThreads:
      Did not match:
         - @ConditionalOnMissingBean (types: org.springframework.boot.task.SimpleAsyncTaskExecutorBuilder; SearchStrategy: all) found beans of type 'org.springframework.boot.task.SimpleAsyncTaskExecutorBuilder' simpleAsyncTaskExecutorBuilder (OnBeanCondition)

   TaskExecutorConfigurations.TaskExecutorConfiguration#applicationTaskExecutorVirtualThreads:
      Did not match:
         - @ConditionalOnThreading did not find VIRTUAL (OnThreadingCondition)

   TaskSchedulingConfigurations.SimpleAsyncTaskSchedulerBuilderConfiguration#simpleAsyncTaskSchedulerBuilderVirtualThreads:
      Did not match:
         - @ConditionalOnMissingBean (types: org.springframework.boot.task.SimpleAsyncTaskSchedulerBuilder; SearchStrategy: all) found beans of type 'org.springframework.boot.task.SimpleAsyncTaskSchedulerBuilder' simpleAsyncTaskSchedulerBuilder (OnBeanCondition)

   TaskSchedulingConfigurations.TaskSchedulerConfiguration#taskSchedulerVirtualThreads:
      Did not match:
         - @ConditionalOnThreading did not find VIRTUAL (OnThreadingCondition)

   ThreadDumpEndpointAutoConfiguration:
      Did not match:
         - @ConditionalOnAvailableEndpoint no 'management.endpoints' property marked it as exposed (OnAvailableEndpointCondition)

   ThymeleafAutoConfiguration:
      Did not match:
         - @ConditionalOnClass did not find required class 'org.thymeleaf.spring6.SpringTemplateEngine' (OnClassCondition)

   TransactionAutoConfiguration#transactionalOperator:
      Did not match:
         - @ConditionalOnSingleCandidate (types: org.springframework.transaction.ReactiveTransactionManager; SearchStrategy: all) did not find any beans (OnBeanCondition)

   TransactionAutoConfiguration.AspectJTransactionManagementConfiguration:
      Did not match:
         - @ConditionalOnBean (types: org.springframework.transaction.aspectj.AbstractTransactionAspect; SearchStrategy: all) did not find any beans of type org.springframework.transaction.aspectj.AbstractTransactionAspect (OnBeanCondition)

   TransactionAutoConfiguration.EnableTransactionManagementConfiguration.JdkDynamicAutoProxyConfiguration:
      Did not match:
         - @ConditionalOnProperty (spring.aop.proxy-target-class=false) did not find property 'proxy-target-class' (OnPropertyCondition)

   UserDetailsServiceAutoConfiguration:
      Did not match:
         - AnyNestedCondition 0 matched 3 did not; NestedCondition on UserDetailsServiceAutoConfiguration.MissingAlternativeOrUserPropertiesConfigured.PasswordConfigured @ConditionalOnProperty (spring.security.user.password) did not find property 'password'; NestedCondition on UserDetailsServiceAutoConfiguration.MissingAlternativeOrUserPropertiesConfigured.NameConfigured @ConditionalOnProperty (spring.security.user.name) did not find property 'name'; NestedCondition on UserDetailsServiceAutoConfiguration.MissingAlternativeOrUserPropertiesConfigured.MissingAlternative @ConditionalOnMissingClass found unwanted class 'org.springframework.security.oauth2.server.resource.introspection.OpaqueTokenIntrospector' (UserDetailsServiceAutoConfiguration.MissingAlternativeOrUserPropertiesConfigured)
      Matched:
         - @ConditionalOnClass found required class 'org.springframework.security.authentication.AuthenticationManager' (OnClassCondition)

   ValidationAutoConfiguration:
      Did not match:
         - @ConditionalOnResource did not find resource 'classpath:META-INF/services/jakarta.validation.spi.ValidationProvider' (OnResourceCondition)
      Matched:
         - @ConditionalOnClass found required class 'jakarta.validation.executable.ExecutableValidator' (OnClassCondition)

   WavefrontAutoConfiguration:
      Did not match:
         - @ConditionalOnClass did not find required class 'com.wavefront.sdk.common.application.ApplicationTags' (OnClassCondition)

   WavefrontMetricsExportAutoConfiguration:
      Did not match:
         - @ConditionalOnClass did not find required class 'com.wavefront.sdk.common.WavefrontSender' (OnClassCondition)

   WavefrontTracingAutoConfiguration:
      Did not match:
         - @ConditionalOnClass did not find required class 'com.wavefront.sdk.common.WavefrontSender' (OnClassCondition)

   WebFluxAutoConfiguration:
      Did not match:
         - not a reactive web application (OnWebApplicationCondition)
      Matched:
         - @ConditionalOnClass found required class 'org.springframework.web.reactive.config.WebFluxConfigurer' (OnClassCondition)

   WebFluxEndpointManagementContextConfiguration:
      Did not match:
         - not a reactive web application (OnWebApplicationCondition)
      Matched:
         - @ConditionalOnClass found required classes 'org.springframework.web.reactive.DispatcherHandler', 'org.springframework.http.server.reactive.HttpHandler' (OnClassCondition)

   WebFluxObservationAutoConfiguration:
      Did not match:
         - not a reactive web application (OnWebApplicationCondition)
      Matched:
         - @ConditionalOnClass found required classes 'io.micrometer.observation.Observation', 'io.micrometer.core.instrument.MeterRegistry' (OnClassCondition)

   WebMvcAutoConfiguration#hiddenHttpMethodFilter:
      Did not match:
         - @ConditionalOnProperty (spring.mvc.hiddenmethod.filter.enabled) did not find property 'enabled' (OnPropertyCondition)

   WebMvcAutoConfiguration.ProblemDetailsErrorHandlingConfiguration:
      Did not match:
         - @ConditionalOnProperty (spring.mvc.problemdetails.enabled=true) did not find property 'enabled' (OnPropertyCondition)

   WebMvcAutoConfiguration.ResourceChainCustomizerConfiguration:
      Did not match:
         - @ConditionalOnEnabledResourceChain did not find class org.webjars.WebJarAssetLocator (OnEnabledResourceChainCondition)

   WebMvcAutoConfiguration.WebMvcAutoConfigurationAdapter#beanNameViewResolver:
      Did not match:
         - @ConditionalOnMissingBean (types: org.springframework.web.servlet.view.BeanNameViewResolver; SearchStrategy: all) found beans of type 'org.springframework.web.servlet.view.BeanNameViewResolver' beanNameViewResolver (OnBeanCondition)

   WebMvcEndpointManagementContextConfiguration#managementHealthEndpointWebMvcHandlerMapping:
      Did not match:
         - Management Port actual port type (SAME) did not match required type (DIFFERENT) (OnManagementPortCondition)

   WebServiceTemplateAutoConfiguration:
      Did not match:
         - @ConditionalOnClass did not find required class 'org.springframework.oxm.Marshaller' (OnClassCondition)

   WebServicesAutoConfiguration:
      Did not match:
         - @ConditionalOnClass did not find required class 'org.springframework.ws.transport.http.MessageDispatcherServlet' (OnClassCondition)

   WebSessionIdResolverAutoConfiguration:
      Did not match:
         - not a reactive web application (OnWebApplicationCondition)
      Matched:
         - @ConditionalOnClass found required classes 'org.springframework.web.server.session.WebSessionManager', 'reactor.core.publisher.Mono' (OnClassCondition)

   WebSocketMessagingAutoConfiguration:
      Did not match:
         - @ConditionalOnClass did not find required class 'org.springframework.web.socket.config.annotation.WebSocketMessageBrokerConfigurer' (OnClassCondition)

   WebSocketReactiveAutoConfiguration:
      Did not match:
         - not a reactive web application (OnWebApplicationCondition)
      Matched:
         - @ConditionalOnClass found required classes 'jakarta.servlet.Servlet', 'jakarta.websocket.server.ServerContainer' (OnClassCondition)

   WebSocketServletAutoConfiguration.JettyWebSocketConfiguration:
      Did not match:
         - @ConditionalOnClass did not find required class 'org.eclipse.jetty.ee10.websocket.jakarta.server.config.JakartaWebSocketServletContainerInitializer' (OnClassCondition)

   WebSocketServletAutoConfiguration.UndertowWebSocketConfiguration:
      Did not match:
         - @ConditionalOnClass did not find required class 'io.undertow.websockets.jsr.Bootstrap' (OnClassCondition)

   WritableEnvironmentEndpointAutoConfiguration:
      Did not match:
         - @ConditionalOnProperty (management.endpoint.env.post.enabled) did not find property 'management.endpoint.env.post.enabled' (OnPropertyCondition)
      Matched:
         - @ConditionalOnClass found required classes 'org.springframework.boot.actuate.env.EnvironmentEndpoint', 'org.springframework.boot.actuate.autoconfigure.env.EnvironmentEndpointProperties' (OnClassCondition)

   XADataSourceAutoConfiguration:
      Did not match:
         - @ConditionalOnBean (types: org.springframework.boot.jdbc.XADataSourceWrapper; SearchStrategy: all) did not find any beans of type org.springframework.boot.jdbc.XADataSourceWrapper (OnBeanCondition)
      Matched:
         - @ConditionalOnClass found required classes 'javax.sql.DataSource', 'jakarta.transaction.TransactionManager', 'org.springframework.jdbc.datasource.embedded.EmbeddedDatabaseType' (OnClassCondition)

   ZipkinAutoConfiguration:
      Did not match:
         - @ConditionalOnClass did not find required class 'zipkin2.reporter.Encoding' (OnClassCondition)


Exclusions:
-----------

    None


Unconditional classes:
----------------------

    org.springframework.boot.autoconfigure.context.ConfigurationPropertiesAutoConfiguration

    org.springframework.cloud.client.ReactiveCommonsClientAutoConfiguration

    org.springframework.boot.actuate.autoconfigure.availability.AvailabilityHealthContributorAutoConfiguration

    org.springframework.boot.autoconfigure.ssl.SslAutoConfiguration

    org.springframework.boot.actuate.autoconfigure.info.InfoContributorAutoConfiguration

    org.springframework.cloud.client.discovery.simple.SimpleDiscoveryClientAutoConfiguration

    org.springframework.boot.autoconfigure.context.PropertyPlaceholderAutoConfiguration

    org.springframework.boot.autoconfigure.context.LifecycleAutoConfiguration

    org.springframework.cloud.client.CommonsClientAutoConfiguration

    org.springframework.boot.actuate.autoconfigure.metrics.integration.IntegrationMetricsAutoConfiguration

    org.springframework.boot.actuate.autoconfigure.endpoint.EndpointAutoConfiguration

    org.springframework.cloud.commons.config.CommonsConfigAutoConfiguration

    org.springframework.cloud.netflix.eureka.config.DiscoveryClientOptionalArgsConfiguration

    org.springframework.boot.actuate.autoconfigure.web.server.ManagementContextAutoConfiguration

    org.springframework.cloud.client.loadbalancer.LoadBalancerDefaultMappingsProviderAutoConfiguration

    org.springframework.cloud.client.discovery.composite.CompositeDiscoveryClientAutoConfiguration

    org.springframework.boot.actuate.autoconfigure.health.HealthContributorAutoConfiguration

    org.springframework.cloud.client.serviceregistry.ServiceRegistryAutoConfiguration

    org.springframework.cloud.autoconfigure.LifecycleMvcEndpointAutoConfiguration

    org.springframework.boot.actuate.autoconfigure.endpoint.jackson.JacksonEndpointAutoConfiguration

    org.springdoc.core.configuration.SpringDocSpecPropertiesConfiguration

    org.springframework.boot.autoconfigure.availability.ApplicationAvailabilityAutoConfiguration

    org.springframework.boot.autoconfigure.info.ProjectInfoAutoConfiguration



2026-03-01T11:14:13.756+01:00  INFO 37964 --- [breadandbutteruser] [           main] e.t.b.BreadandbutteruserApplication      : Started BreadandbutteruserApplication in 29.716 seconds (process running for 30.717)
2026-03-01T11:14:13.825+01:00 DEBUG 37964 --- [breadandbutteruser] [           main] o.s.b.a.ApplicationAvailabilityBean      : Application availability state LivenessState changed to CORRECT
2026-03-01T11:14:13.830+01:00 DEBUG 37964 --- [breadandbutteruser] [           main] o.s.b.a.ApplicationAvailabilityBean      : Application availability state ReadinessState changed to ACCEPTING_TRAFFIC
2026-03-01T11:14:13.900+01:00 DEBUG 37964 --- [breadandbutteruser] [   scheduling-1] org.hibernate.SQL                        : 
    select
        distinct ie1_0.keycloak_subject 
    from
        interaction_events ie1_0 
    where
        ie1_0.received_at>=?
Hibernate: 
    select
        distinct ie1_0.keycloak_subject 
    from
        interaction_events ie1_0 
    where
        ie1_0.received_at>=?
2026-03-01T11:14:39.855+01:00 DEBUG 37964 --- [breadandbutteruser] [reshExecutor-%d] o.s.web.client.RestTemplate              : HTTP GET http://localhost:8071/eureka/apps/delta
2026-03-01T11:14:39.856+01:00 DEBUG 37964 --- [breadandbutteruser] [beatExecutor-%d] o.s.web.client.RestTemplate              : HTTP PUT http://localhost:8071/eureka/apps/BREADANDBUTTERUSER/localhost:breadandbutteruser:8899?status=UP&lastDirtyTimestamp=1772360049861
2026-03-01T11:14:39.892+01:00 DEBUG 37964 --- [breadandbutteruser] [reshExecutor-%d] o.s.web.client.RestTemplate              : Accept=[application/json, application/*+json]
2026-03-01T11:14:39.901+01:00 DEBUG 37964 --- [breadandbutteruser] [beatExecutor-%d] o.s.web.client.RestTemplate              : Accept=[application/json, application/*+json]
2026-03-01T11:14:39.902+01:00 DEBUG 37964 --- [breadandbutteruser] [reshExecutor-%d] o.s.web.client.RestTemplate              : Response 200 OK
2026-03-01T11:14:39.903+01:00 DEBUG 37964 --- [breadandbutteruser] [reshExecutor-%d] o.s.web.client.RestTemplate              : Reading to [org.springframework.cloud.netflix.eureka.http.EurekaApplications]
2026-03-01T11:14:39.917+01:00 DEBUG 37964 --- [breadandbutteruser] [beatExecutor-%d] o.s.web.client.RestTemplate              : Response 200 OK
2026-03-01T11:14:43.349+01:00  INFO 37964 --- [breadandbutteruser] [nio-8899-exec-1] o.a.c.c.C.[Tomcat].[localhost].[/]       : Initializing Spring DispatcherServlet 'dispatcherServlet'
2026-03-01T11:14:43.350+01:00  INFO 37964 --- [breadandbutteruser] [nio-8899-exec-1] o.s.web.servlet.DispatcherServlet        : Initializing Servlet 'dispatcherServlet'
2026-03-01T11:14:43.351+01:00 DEBUG 37964 --- [breadandbutteruser] [nio-8899-exec-1] o.s.web.servlet.DispatcherServlet        : Detected StandardServletMultipartResolver
2026-03-01T11:14:43.351+01:00 DEBUG 37964 --- [breadandbutteruser] [nio-8899-exec-1] o.s.web.servlet.DispatcherServlet        : Detected AcceptHeaderLocaleResolver
2026-03-01T11:14:43.352+01:00 DEBUG 37964 --- [breadandbutteruser] [nio-8899-exec-1] o.s.web.servlet.DispatcherServlet        : Detected FixedThemeResolver
2026-03-01T11:14:43.354+01:00 DEBUG 37964 --- [breadandbutteruser] [nio-8899-exec-1] o.s.web.servlet.DispatcherServlet        : Detected org.springframework.web.servlet.view.DefaultRequestToViewNameTranslator@1276caf2
2026-03-01T11:14:43.356+01:00 DEBUG 37964 --- [breadandbutteruser] [nio-8899-exec-1] o.s.web.servlet.DispatcherServlet        : Detected org.springframework.web.servlet.support.SessionFlashMapManager@282506e1
2026-03-01T11:14:43.357+01:00 DEBUG 37964 --- [breadandbutteruser] [nio-8899-exec-1] o.s.web.servlet.DispatcherServlet        : enableLoggingRequestDetails='false': request parameters and headers will be masked to prevent unsafe logging of potentially sensitive data
2026-03-01T11:14:43.357+01:00  INFO 37964 --- [breadandbutteruser] [nio-8899-exec-1] o.s.web.servlet.DispatcherServlet        : Completed initialization in 6 ms
2026-03-01T11:14:43.421+01:00 DEBUG 37964 --- [breadandbutteruser] [nio-8899-exec-1] o.s.web.servlet.DispatcherServlet        : POST "/api/auth/signup", parameters={}
2026-03-01T11:14:43.424+01:00 DEBUG 37964 --- [breadandbutteruser] [nio-8899-exec-1] s.w.s.m.m.a.RequestMappingHandlerMapping : Mapped to esprit.tn.breadandbutteruser.controllers.AuthController#signUp(SignUpDto)
2026-03-01T11:14:43.488+01:00 DEBUG 37964 --- [breadandbutteruser] [nio-8899-exec-1] m.m.a.RequestResponseBodyMethodProcessor : Read "application/json;charset=UTF-8" to [SignUpDto(username=facee2e_1772360082, firstName=Face, lastName=Test, email=facee2e_1772360082@examp (truncated)...]
2026-03-01T11:14:43.502+01:00  INFO 37964 --- [breadandbutteruser] [nio-8899-exec-1] e.t.b.controllers.AuthController         : REST request to sign up user: facee2e_1772360082
2026-03-01T11:14:43.503+01:00  INFO 37964 --- [breadandbutteruser] [nio-8899-exec-1] e.t.b.services.UserService               : Signing up new user: facee2e_1772360082
2026-03-01T11:14:43.528+01:00 DEBUG 37964 --- [breadandbutteruser] [nio-8899-exec-1] org.hibernate.SQL                        : 
    select
        u1_0.user_id 
    from
        users u1_0 
    where
        u1_0.username=? 
    limit
        ?
Hibernate: 
    select
        u1_0.user_id 
    from
        users u1_0 
    where
        u1_0.username=? 
    limit
        ?
2026-03-01T11:14:43.533+01:00 DEBUG 37964 --- [breadandbutteruser] [nio-8899-exec-1] org.hibernate.SQL                        : 
    select
        u1_0.user_id 
    from
        users u1_0 
    where
        u1_0.email=? 
    limit
        ?
Hibernate: 
    select
        u1_0.user_id 
    from
        users u1_0 
    where
        u1_0.email=? 
    limit
        ?
2026-03-01T11:14:43.628+01:00 DEBUG 37964 --- [breadandbutteruser] [nio-8899-exec-1] o.s.w.r.f.client.ExchangeFunctions       : [26b57083] HTTP POST http://localhost:9190/realms/microservices/protocol/openid-connect/token
2026-03-01T11:14:44.016+01:00 DEBUG 37964 --- [breadandbutteruser] [ctor-http-nio-2] o.s.http.codec.FormHttpMessageWriter     : [26b57083] Writing form fields [grant_type, client_id, client_secret] (content masked)
2026-03-01T11:14:44.155+01:00 DEBUG 37964 --- [breadandbutteruser] [ctor-http-nio-2] o.s.w.r.f.client.ExchangeFunctions       : [26b57083] [58b842b3-1, L:/127.0.0.1:54430 - R:localhost/127.0.0.1:9190] Response 401 UNAUTHORIZED
2026-03-01T11:14:44.200+01:00 DEBUG 37964 --- [breadandbutteruser] [ctor-http-nio-2] o.s.core.codec.ByteArrayDecoder          : [26b57083] [58b842b3-1, L:/127.0.0.1:54430 - R:localhost/127.0.0.1:9190] Read 98 bytes
2026-03-01T11:14:44.229+01:00 DEBUG 37964 --- [breadandbutteruser] [nio-8899-exec-1] o.s.w.r.f.client.ExchangeFunctions       : [271b6a06] HTTP POST http://localhost:9190/realms/master/protocol/openid-connect/token
2026-03-01T11:14:44.233+01:00 DEBUG 37964 --- [breadandbutteruser] [ctor-http-nio-3] o.s.http.codec.FormHttpMessageWriter     : [271b6a06] Writing form fields [grant_type, client_id, username, password] (content masked)
2026-03-01T11:14:45.083+01:00 DEBUG 37964 --- [breadandbutteruser] [ctor-http-nio-3] o.s.w.r.f.client.ExchangeFunctions       : [271b6a06] [2e8ed8d8-1, L:/127.0.0.1:54431 - R:localhost/127.0.0.1:9190] Response 200 OK
2026-03-01T11:14:45.094+01:00 DEBUG 37964 --- [breadandbutteruser] [ctor-http-nio-3] o.s.http.codec.json.Jackson2JsonDecoder  : [271b6a06] [2e8ed8d8-1, L:/127.0.0.1:54431 - R:localhost/127.0.0.1:9190] Decoded [{access_token=eyJhbGciOiJSUzI1NiIsInR5cCIgOiAiSldUIiwia2lkIiA6ICJVRVlSeW5GYkE0NXE5dDlqeURPaUZOQy0yRn (truncated)...]
2026-03-01T11:14:45.097+01:00 DEBUG 37964 --- [breadandbutteruser] [nio-8899-exec-1] o.s.w.r.f.client.ExchangeFunctions       : [63ab6861] HTTP POST http://localhost:9190/admin/realms/microservices/users
2026-03-01T11:14:45.109+01:00 DEBUG 37964 --- [breadandbutteruser] [ctor-http-nio-2] o.s.http.codec.json.Jackson2JsonEncoder  : [63ab6861] Encoding [{emailVerified=true, email=facee2e_1772360082@example.com, username=facee2e_1772360082, firstName=Fa (truncated)...]
2026-03-01T11:14:45.308+01:00 DEBUG 37964 --- [breadandbutteruser] [ctor-http-nio-2] o.s.w.r.f.client.ExchangeFunctions       : [63ab6861] [58b842b3-2, L:/127.0.0.1:54430 - R:localhost/127.0.0.1:9190] Response 201 CREATED
2026-03-01T11:14:45.312+01:00 DEBUG 37964 --- [breadandbutteruser] [nio-8899-exec-1] o.s.w.r.f.client.ExchangeFunctions       : [5a75e2e8] HTTP GET http://localhost:9190/admin/realms/microservices/users?username=facee2e_1772360082&exact=true
2026-03-01T11:14:45.339+01:00 DEBUG 37964 --- [breadandbutteruser] [ctor-http-nio-3] o.s.w.r.f.client.ExchangeFunctions       : [5a75e2e8] [2e8ed8d8-2, L:/127.0.0.1:54431 - R:localhost/127.0.0.1:9190] Response 200 OK
2026-03-01T11:14:45.342+01:00 DEBUG 37964 --- [breadandbutteruser] [ctor-http-nio-3] o.s.http.codec.json.Jackson2JsonDecoder  : [5a75e2e8] [2e8ed8d8-2, L:/127.0.0.1:54431 - R:localhost/127.0.0.1:9190] Decoded [[]]
2026-03-01T11:14:45.346+01:00 DEBUG 37964 --- [breadandbutteruser] [nio-8899-exec-1] o.s.w.r.f.client.ExchangeFunctions       : [4c56a10b] HTTP GET http://localhost:9190/admin/realms/microservices/users?email=facee2e_1772360082@example.com&exact=true
2026-03-01T11:14:45.381+01:00 DEBUG 37964 --- [breadandbutteruser] [ctor-http-nio-2] o.s.w.r.f.client.ExchangeFunctions       : [4c56a10b] [58b842b3-3, L:/127.0.0.1:54430 - R:localhost/127.0.0.1:9190] Response 200 OK
2026-03-01T11:14:45.384+01:00 DEBUG 37964 --- [breadandbutteruser] [ctor-http-nio-2] o.s.http.codec.json.Jackson2JsonDecoder  : [4c56a10b] [58b842b3-3, L:/127.0.0.1:54430 - R:localhost/127.0.0.1:9190] Decoded [[{id=b4646c0a-0801-4a4e-94a2-c58b15972499, username=facee2e_1772360082@example.com, firstName=Face,  (truncated)...]
2026-03-01T11:14:45.389+01:00 DEBUG 37964 --- [breadandbutteruser] [nio-8899-exec-1] o.s.w.r.f.client.ExchangeFunctions       : [1ccb842b] HTTP PUT http://localhost:9190/admin/realms/microservices/users/b4646c0a-0801-4a4e-94a2-c58b15972499/reset-password
2026-03-01T11:14:45.390+01:00 DEBUG 37964 --- [breadandbutteruser] [ctor-http-nio-3] o.s.http.codec.json.Jackson2JsonEncoder  : [1ccb842b] Encoding [{type=password, value=Pass1234!, temporary=false}]
2026-03-01T11:14:46.254+01:00 DEBUG 37964 --- [breadandbutteruser] [ctor-http-nio-3] o.s.w.r.f.client.ExchangeFunctions       : [1ccb842b] [2e8ed8d8-3, L:/127.0.0.1:54431 - R:localhost/127.0.0.1:9190] Response 204 NO_CONTENT
2026-03-01T11:14:46.258+01:00 DEBUG 37964 --- [breadandbutteruser] [nio-8899-exec-1] o.s.w.r.f.client.ExchangeFunctions       : [583a44bf] HTTP GET http://localhost:9190/admin/realms/microservices/roles/INSTRUCTOR
2026-03-01T11:14:46.315+01:00 DEBUG 37964 --- [breadandbutteruser] [ctor-http-nio-2] o.s.w.r.f.client.ExchangeFunctions       : [583a44bf] [58b842b3-4, L:/127.0.0.1:54430 - R:localhost/127.0.0.1:9190] Response 200 OK
2026-03-01T11:14:46.317+01:00 DEBUG 37964 --- [breadandbutteruser] [ctor-http-nio-2] o.s.http.codec.json.Jackson2JsonDecoder  : [583a44bf] [58b842b3-4, L:/127.0.0.1:54430 - R:localhost/127.0.0.1:9190] Decoded [{id=708ea589-5fa0-4383-baa2-3c4544c4372f, name=INSTRUCTOR, description=, composite=false, clientRole (truncated)...]
2026-03-01T11:14:46.318+01:00 DEBUG 37964 --- [breadandbutteruser] [nio-8899-exec-1] o.s.w.r.f.client.ExchangeFunctions       : [cf4e988] HTTP POST http://localhost:9190/admin/realms/microservices/users/b4646c0a-0801-4a4e-94a2-c58b15972499/role-mappings/realm
2026-03-01T11:14:46.321+01:00 DEBUG 37964 --- [breadandbutteruser] [ctor-http-nio-3] o.s.http.codec.json.Jackson2JsonEncoder  : [cf4e988] Encoding [[{id=708ea589-5fa0-4383-baa2-3c4544c4372f, name=INSTRUCTOR, description=, composite=false, clientRol (truncated)...]
2026-03-01T11:14:46.385+01:00 DEBUG 37964 --- [breadandbutteruser] [ctor-http-nio-3] o.s.w.r.f.client.ExchangeFunctions       : [cf4e988] [2e8ed8d8-4, L:/127.0.0.1:54431 - R:localhost/127.0.0.1:9190] Response 204 NO_CONTENT
2026-03-01T11:14:46.447+01:00 DEBUG 37964 --- [breadandbutteruser] [nio-8899-exec-1] org.hibernate.SQL                        : 
    insert 
    into
        users
        (account_created_at, address, admin_verified, admin_verified_at, admin_verified_by, age, ban_period, city, company_name, country, date_of_birth, email, enterprise_onboarded_at, enterprise_verified, face_biometric_hash, first_name, keycloak_user_id, last_login, last_name, last_profile_update, locked_until, personality_id, profile_picture, reason_for_ban, role, sex, status, streak_days, username) 
    values
        (?, ?, ?, ?, ?, ?, ?, ?, ?, ?, ?, ?, ?, ?, ?, ?, ?, ?, ?, ?, ?, ?, ?, ?, ?, ?, ?, ?, ?)
Hibernate: 
    insert 
    into
        users
        (account_created_at, address, admin_verified, admin_verified_at, admin_verified_by, age, ban_period, city, company_name, country, date_of_birth, email, enterprise_onboarded_at, enterprise_verified, face_biometric_hash, first_name, keycloak_user_id, last_login, last_name, last_profile_update, locked_until, personality_id, profile_picture, reason_for_ban, role, sex, status, streak_days, username) 
    values
        (?, ?, ?, ?, ?, ?, ?, ?, ?, ?, ?, ?, ?, ?, ?, ?, ?, ?, ?, ?, ?, ?, ?, ?, ?, ?, ?, ?, ?)
2026-03-01T11:14:46.486+01:00  INFO 37964 --- [breadandbutteruser] [nio-8899-exec-1] e.t.b.services.UserService               : User signed up successfully with ID: 51
2026-03-01T11:14:46.515+01:00 DEBUG 37964 --- [breadandbutteruser] [nio-8899-exec-1] o.s.w.s.m.m.a.HttpEntityMethodProcessor  : Using 'application/json', given [*/*] and supported [application/json, application/*+json]
2026-03-01T11:14:46.522+01:00 DEBUG 37964 --- [breadandbutteruser] [nio-8899-exec-1] o.s.w.s.m.m.a.HttpEntityMethodProcessor  : Writing [AuthResponseDto(userId=51, username=facee2e_1772360082, email=facee2e_1772360082@example.com, role=I (truncated)...]
2026-03-01T11:14:46.531+01:00 DEBUG 37964 --- [breadandbutteruser] [nio-8899-exec-1] o.s.web.servlet.DispatcherServlet        : Completed 201 CREATED
2026-03-01T11:14:46.656+01:00 DEBUG 37964 --- [breadandbutteruser] [nio-8899-exec-2] o.s.web.servlet.DispatcherServlet        : POST "/api/auth/signin", parameters={}
2026-03-01T11:14:46.657+01:00 DEBUG 37964 --- [breadandbutteruser] [nio-8899-exec-2] s.w.s.m.m.a.RequestMappingHandlerMapping : Mapped to esprit.tn.breadandbutteruser.controllers.AuthController#signIn(SignInDto)
2026-03-01T11:14:46.662+01:00 DEBUG 37964 --- [breadandbutteruser] [nio-8899-exec-2] m.m.a.RequestResponseBodyMethodProcessor : Read "application/json;charset=UTF-8" to [SignInDto(email=facee2e_1772360082@example.com, password=Pass1234!)]
2026-03-01T11:14:46.663+01:00  INFO 37964 --- [breadandbutteruser] [nio-8899-exec-2] e.t.b.controllers.AuthController         : REST request to sign in user: facee2e_1772360082@example.com
2026-03-01T11:14:46.665+01:00  INFO 37964 --- [breadandbutteruser] [nio-8899-exec-2] e.t.b.services.UserService               : Signing in user: facee2e_1772360082@example.com
2026-03-01T11:14:46.667+01:00 DEBUG 37964 --- [breadandbutteruser] [nio-8899-exec-2] o.s.w.r.f.client.ExchangeFunctions       : [13690c18] HTTP POST http://localhost:9190/realms/microservices/protocol/openid-connect/token
2026-03-01T11:14:46.668+01:00 DEBUG 37964 --- [breadandbutteruser] [ctor-http-nio-2] o.s.http.codec.FormHttpMessageWriter     : [13690c18] Writing form fields [grant_type, client_id, username, password, scope] (content masked)
2026-03-01T11:14:47.318+01:00 DEBUG 37964 --- [breadandbutteruser] [ctor-http-nio-2] o.s.w.r.f.client.ExchangeFunctions       : [13690c18] [58b842b3-5, L:/127.0.0.1:54430 - R:localhost/127.0.0.1:9190] Response 200 OK
2026-03-01T11:14:47.320+01:00 DEBUG 37964 --- [breadandbutteruser] [ctor-http-nio-2] o.s.http.codec.json.Jackson2JsonDecoder  : [13690c18] [58b842b3-5, L:/127.0.0.1:54430 - R:localhost/127.0.0.1:9190] Decoded [{access_token=eyJhbGciOiJSUzI1NiIsInR5cCIgOiAiSldUIiwia2lkIiA6ICIxRzgtamJ4anc5NHhDZG93X0phaVpUTUg3NX (truncated)...]
2026-03-01T11:14:47.355+01:00 DEBUG 37964 --- [breadandbutteruser] [nio-8899-exec-2] org.hibernate.SQL                        : 
    select
        u1_0.user_id,
        u1_0.account_created_at,
        u1_0.address,
        u1_0.admin_verified,
        u1_0.admin_verified_at,
        u1_0.admin_verified_by,
        u1_0.age,
        u1_0.ban_period,
        u1_0.city,
        u1_0.company_name,
        u1_0.country,
        u1_0.date_of_birth,
        u1_0.email,
        u1_0.enterprise_onboarded_at,
        u1_0.enterprise_verified,
        u1_0.face_biometric_hash,
        u1_0.first_name,
        u1_0.keycloak_user_id,
        u1_0.last_login,
        u1_0.last_name,
        u1_0.last_profile_update,
        u1_0.locked_until,
        u1_0.personality_id,
        u1_0.profile_picture,
        u1_0.reason_for_ban,
        u1_0.role,
        u1_0.sex,
        u1_0.status,
        u1_0.streak_days,
        u1_0.username 
    from
        users u1_0 
    where
        u1_0.keycloak_user_id=?
Hibernate: 
    select
        u1_0.user_id,
        u1_0.account_created_at,
        u1_0.address,
        u1_0.admin_verified,
        u1_0.admin_verified_at,
        u1_0.admin_verified_by,
        u1_0.age,
        u1_0.ban_period,
        u1_0.city,
        u1_0.company_name,
        u1_0.country,
        u1_0.date_of_birth,
        u1_0.email,
        u1_0.enterprise_onboarded_at,
        u1_0.enterprise_verified,
        u1_0.face_biometric_hash,
        u1_0.first_name,
        u1_0.keycloak_user_id,
        u1_0.last_login,
        u1_0.last_name,
        u1_0.last_profile_update,
        u1_0.locked_until,
        u1_0.personality_id,
        u1_0.profile_picture,
        u1_0.reason_for_ban,
        u1_0.role,
        u1_0.sex,
        u1_0.status,
        u1_0.streak_days,
        u1_0.username 
    from
        users u1_0 
    where
        u1_0.keycloak_user_id=?
2026-03-01T11:14:47.374+01:00 DEBUG 37964 --- [breadandbutteruser] [nio-8899-exec-2] org.hibernate.SQL                        : 
    select
        u1_0.user_id 
    from
        users u1_0 
    where
        u1_0.username=? 
    limit
        ?
Hibernate: 
    select
        u1_0.user_id 
    from
        users u1_0 
    where
        u1_0.username=? 
    limit
        ?
2026-03-01T11:14:47.381+01:00  INFO 37964 --- [breadandbutteruser] [nio-8899-exec-2] e.t.b.services.UserService               : User signed in successfully: facee2e_1772360082@example.com
2026-03-01T11:14:47.390+01:00 DEBUG 37964 --- [breadandbutteruser] [nio-8899-exec-2] org.hibernate.SQL                        : 
    update
        users 
    set
        account_created_at=?,
        address=?,
        admin_verified=?,
        admin_verified_at=?,
        admin_verified_by=?,
        age=?,
        ban_period=?,
        city=?,
        company_name=?,
        country=?,
        date_of_birth=?,
        email=?,
        enterprise_onboarded_at=?,
        enterprise_verified=?,
        face_biometric_hash=?,
        first_name=?,
        keycloak_user_id=?,
        last_login=?,
        last_name=?,
        last_profile_update=?,
        locked_until=?,
        personality_id=?,
        profile_picture=?,
        reason_for_ban=?,
        role=?,
        sex=?,
        status=?,
        streak_days=?,
        username=? 
    where
        user_id=?
Hibernate: 
    update
        users 
    set
        account_created_at=?,
        address=?,
        admin_verified=?,
        admin_verified_at=?,
        admin_verified_by=?,
        age=?,
        ban_period=?,
        city=?,
        company_name=?,
        country=?,
        date_of_birth=?,
        email=?,
        enterprise_onboarded_at=?,
        enterprise_verified=?,
        face_biometric_hash=?,
        first_name=?,
        keycloak_user_id=?,
        last_login=?,
        last_name=?,
        last_profile_update=?,
        locked_until=?,
        personality_id=?,
        profile_picture=?,
        reason_for_ban=?,
        role=?,
        sex=?,
        status=?,
        streak_days=?,
        username=? 
    where
        user_id=?
2026-03-01T11:14:47.401+01:00 DEBUG 37964 --- [breadandbutteruser] [nio-8899-exec-2] o.s.w.s.m.m.a.HttpEntityMethodProcessor  : Using 'application/json', given [*/*] and supported [application/json, application/*+json]
2026-03-01T11:14:47.402+01:00 DEBUG 37964 --- [breadandbutteruser] [nio-8899-exec-2] o.s.w.s.m.m.a.HttpEntityMethodProcessor  : Writing [AuthResponseDto(userId=51, username=facee2e_1772360082@example.com, email=facee2e_1772360082@example (truncated)...]
2026-03-01T11:14:47.404+01:00 DEBUG 37964 --- [breadandbutteruser] [nio-8899-exec-2] o.s.web.servlet.DispatcherServlet        : Completed 200 OK
2026-03-01T11:14:47.635+01:00 DEBUG 37964 --- [breadandbutteruser] [nio-8899-exec-4] o.s.web.client.RestTemplate              : HTTP GET http://localhost:9190/realms/microservices/protocol/openid-connect/certs
2026-03-01T11:14:47.672+01:00 DEBUG 37964 --- [breadandbutteruser] [nio-8899-exec-4] o.s.web.client.RestTemplate              : Accept=[text/plain, application/json, application/*+json, */*]
2026-03-01T11:14:47.713+01:00 DEBUG 37964 --- [breadandbutteruser] [nio-8899-exec-4] o.s.web.client.RestTemplate              : Response 200 OK
2026-03-01T11:14:47.714+01:00 DEBUG 37964 --- [breadandbutteruser] [nio-8899-exec-4] o.s.web.client.RestTemplate              : Reading to [java.lang.String] as "application/json;charset=UTF-8"
2026-03-01T11:14:47.751+01:00 DEBUG 37964 --- [breadandbutteruser] [nio-8899-exec-4] o.s.web.servlet.DispatcherServlet        : POST "/api/users/51/face-biometric", parameters={multipart}
2026-03-01T11:14:47.790+01:00 DEBUG 37964 --- [breadandbutteruser] [nio-8899-exec-4] s.w.s.m.m.a.RequestMappingHandlerMapping : Mapped to esprit.tn.breadandbutteruser.controllers.UserController#registerFaceBiometric(Long, MultipartFile)
2026-03-01T11:14:47.820+01:00 DEBUG 37964 --- [breadandbutteruser] [nio-8899-exec-4] org.hibernate.SQL                        : 
    select
        u1_0.user_id,
        u1_0.account_created_at,
        u1_0.address,
        u1_0.admin_verified,
        u1_0.admin_verified_at,
        u1_0.admin_verified_by,
        u1_0.age,
        u1_0.ban_period,
        u1_0.city,
        u1_0.company_name,
        u1_0.country,
        u1_0.date_of_birth,
        u1_0.email,
        u1_0.enterprise_onboarded_at,
        u1_0.enterprise_verified,
        u1_0.face_biometric_hash,
        u1_0.first_name,
        u1_0.keycloak_user_id,
        u1_0.last_login,
        u1_0.last_name,
        u1_0.last_profile_update,
        u1_0.locked_until,
        u1_0.personality_id,
        u1_0.profile_picture,
        u1_0.reason_for_ban,
        u1_0.role,
        u1_0.sex,
        u1_0.status,
        u1_0.streak_days,
        u1_0.username 
    from
        users u1_0 
    where
        u1_0.keycloak_user_id=?
Hibernate: 
    select
        u1_0.user_id,
        u1_0.account_created_at,
        u1_0.address,
        u1_0.admin_verified,
        u1_0.admin_verified_at,
        u1_0.admin_verified_by,
        u1_0.age,
        u1_0.ban_period,
        u1_0.city,
        u1_0.company_name,
        u1_0.country,
        u1_0.date_of_birth,
        u1_0.email,
        u1_0.enterprise_onboarded_at,
        u1_0.enterprise_verified,
        u1_0.face_biometric_hash,
        u1_0.first_name,
        u1_0.keycloak_user_id,
        u1_0.last_login,
        u1_0.last_name,
        u1_0.last_profile_update,
        u1_0.locked_until,
        u1_0.personality_id,
        u1_0.profile_picture,
        u1_0.reason_for_ban,
        u1_0.role,
        u1_0.sex,
        u1_0.status,
        u1_0.streak_days,
        u1_0.username 
    from
        users u1_0 
    where
        u1_0.keycloak_user_id=?
2026-03-01T11:14:47.829+01:00  INFO 37964 --- [breadandbutteruser] [nio-8899-exec-4] e.t.b.controllers.UserController         : REST request to register face biometric for user ID 51
2026-03-01T11:14:50.664+01:00 DEBUG 37964 --- [breadandbutteruser] [nio-8899-exec-4] o.s.w.r.f.client.ExchangeFunctions       : [270e43a2] HTTP GET http://localhost:9190/admin/realms/microservices/users/b4646c0a-0801-4a4e-94a2-c58b15972499
2026-03-01T11:14:50.756+01:00 DEBUG 37964 --- [breadandbutteruser] [ctor-http-nio-3] o.s.w.r.f.client.ExchangeFunctions       : [270e43a2] [2e8ed8d8-5, L:/127.0.0.1:54431 - R:localhost/127.0.0.1:9190] Response 200 OK
2026-03-01T11:14:50.759+01:00 DEBUG 37964 --- [breadandbutteruser] [ctor-http-nio-3] o.s.http.codec.json.Jackson2JsonDecoder  : [270e43a2] [2e8ed8d8-5, L:/127.0.0.1:54431 - R:localhost/127.0.0.1:9190] Decoded [{id=b4646c0a-0801-4a4e-94a2-c58b15972499, username=facee2e_1772360082@example.com, firstName=Face, l (truncated)...]
2026-03-01T11:14:50.761+01:00 DEBUG 37964 --- [breadandbutteruser] [nio-8899-exec-4] o.s.w.r.f.client.ExchangeFunctions       : [78747634] HTTP PUT http://localhost:9190/admin/realms/microservices/users/b4646c0a-0801-4a4e-94a2-c58b15972499
2026-03-01T11:14:50.763+01:00 DEBUG 37964 --- [breadandbutteruser] [ctor-http-nio-2] o.s.http.codec.json.Jackson2JsonEncoder  : [78747634] Encoding [{lastName=Test, totp=false, federatedIdentities=[], createdTimestamp=1772360087357, enabled=true, no (truncated)...]
2026-03-01T11:14:50.832+01:00 DEBUG 37964 --- [breadandbutteruser] [ctor-http-nio-2] o.s.w.r.f.client.ExchangeFunctions       : [78747634] [58b842b3-6, L:/127.0.0.1:54430 - R:localhost/127.0.0.1:9190] Response 204 NO_CONTENT
2026-03-01T11:14:50.838+01:00 DEBUG 37964 --- [breadandbutteruser] [nio-8899-exec-4] org.hibernate.SQL                        : 
    update
        users 
    set
        account_created_at=?,
        address=?,
        admin_verified=?,
        admin_verified_at=?,
        admin_verified_by=?,
        age=?,
        ban_period=?,
        city=?,
        company_name=?,
        country=?,
        date_of_birth=?,
        email=?,
        enterprise_onboarded_at=?,
        enterprise_verified=?,
        face_biometric_hash=?,
        first_name=?,
        keycloak_user_id=?,
        last_login=?,
        last_name=?,
        last_profile_update=?,
        locked_until=?,
        personality_id=?,
        profile_picture=?,
        reason_for_ban=?,
        role=?,
        sex=?,
        status=?,
        streak_days=?,
        username=? 
    where
        user_id=?
Hibernate: 
    update
        users 
    set
        account_created_at=?,
        address=?,
        admin_verified=?,
        admin_verified_at=?,
        admin_verified_by=?,
        age=?,
        ban_period=?,
        city=?,
        company_name=?,
        country=?,
        date_of_birth=?,
        email=?,
        enterprise_onboarded_at=?,
        enterprise_verified=?,
        face_biometric_hash=?,
        first_name=?,
        keycloak_user_id=?,
        last_login=?,
        last_name=?,
        last_profile_update=?,
        locked_until=?,
        personality_id=?,
        profile_picture=?,
        reason_for_ban=?,
        role=?,
        sex=?,
        status=?,
        streak_days=?,
        username=? 
    where
        user_id=?
2026-03-01T11:14:50.853+01:00 DEBUG 37964 --- [breadandbutteruser] [nio-8899-exec-4] o.s.w.s.m.m.a.HttpEntityMethodProcessor  : Using 'application/json', given [*/*] and supported [application/json, application/*+json]
2026-03-01T11:14:50.878+01:00 DEBUG 37964 --- [breadandbutteruser] [nio-8899-exec-4] o.s.w.s.m.m.a.HttpEntityMethodProcessor  : Writing [UserDto(userId=51, username=facee2e_1772360082@example.com, firstName=Face, lastName=Test, email=fac (truncated)...]
2026-03-01T11:14:50.882+01:00 DEBUG 37964 --- [breadandbutteruser] [nio-8899-exec-4] o.s.web.servlet.DispatcherServlet        : Completed 200 OK
2026-03-01T11:14:50.979+01:00 DEBUG 37964 --- [breadandbutteruser] [nio-8899-exec-6] o.s.web.servlet.DispatcherServlet        : POST "/api/auth/face/signin", parameters={multipart}
2026-03-01T11:14:50.988+01:00 DEBUG 37964 --- [breadandbutteruser] [nio-8899-exec-6] s.w.s.m.m.a.RequestMappingHandlerMapping : Mapped to esprit.tn.breadandbutteruser.controllers.AuthController#faceSignIn(MultipartFile)
2026-03-01T11:14:50.989+01:00  INFO 37964 --- [breadandbutteruser] [nio-8899-exec-6] e.t.b.controllers.AuthController         : REST request to sign in user with face biometric
2026-03-01T11:14:53.413+01:00 DEBUG 37964 --- [breadandbutteruser] [nio-8899-exec-6] org.hibernate.SQL                        : 
    select
        u1_0.user_id,
        u1_0.account_created_at,
        u1_0.address,
        u1_0.admin_verified,
        u1_0.admin_verified_at,
        u1_0.admin_verified_by,
        u1_0.age,
        u1_0.ban_period,
        u1_0.city,
        u1_0.company_name,
        u1_0.country,
        u1_0.date_of_birth,
        u1_0.email,
        u1_0.enterprise_onboarded_at,
        u1_0.enterprise_verified,
        u1_0.face_biometric_hash,
        u1_0.first_name,
        u1_0.keycloak_user_id,
        u1_0.last_login,
        u1_0.last_name,
        u1_0.last_profile_update,
        u1_0.locked_until,
        u1_0.personality_id,
        u1_0.profile_picture,
        u1_0.reason_for_ban,
        u1_0.role,
        u1_0.sex,
        u1_0.status,
        u1_0.streak_days,
        u1_0.username 
    from
        users u1_0 
    where
        u1_0.face_biometric_hash=?
Hibernate: 
    select
        u1_0.user_id,
        u1_0.account_created_at,
        u1_0.address,
        u1_0.admin_verified,
        u1_0.admin_verified_at,
        u1_0.admin_verified_by,
        u1_0.age,
        u1_0.ban_period,
        u1_0.city,
        u1_0.company_name,
        u1_0.country,
        u1_0.date_of_birth,
        u1_0.email,
        u1_0.enterprise_onboarded_at,
        u1_0.enterprise_verified,
        u1_0.face_biometric_hash,
        u1_0.first_name,
        u1_0.keycloak_user_id,
        u1_0.last_login,
        u1_0.last_name,
        u1_0.last_profile_update,
        u1_0.locked_until,
        u1_0.personality_id,
        u1_0.profile_picture,
        u1_0.reason_for_ban,
        u1_0.role,
        u1_0.sex,
        u1_0.status,
        u1_0.streak_days,
        u1_0.username 
    from
        users u1_0 
    where
        u1_0.face_biometric_hash=?
2026-03-01T11:14:53.421+01:00 DEBUG 37964 --- [breadandbutteruser] [nio-8899-exec-6] o.s.w.r.f.client.ExchangeFunctions       : [5e52a0ca] HTTP POST http://localhost:9190/admin/realms/microservices/users/b4646c0a-0801-4a4e-94a2-c58b15972499/impersonation
2026-03-01T11:14:53.458+01:00 DEBUG 37964 --- [breadandbutteruser] [ctor-http-nio-3] o.s.w.r.f.client.ExchangeFunctions       : [5e52a0ca] [2e8ed8d8-6, L:/127.0.0.1:54431 - R:localhost/127.0.0.1:9190] Response 200 OK
2026-03-01T11:14:53.461+01:00 DEBUG 37964 --- [breadandbutteruser] [ctor-http-nio-3] o.s.http.codec.json.Jackson2JsonDecoder  : [5e52a0ca] [2e8ed8d8-6, L:/127.0.0.1:54431 - R:localhost/127.0.0.1:9190] Decoded [{redirect=http://localhost:9190/realms/microservices/account, sameRealm=false}]
2026-03-01T11:14:53.465+01:00 DEBUG 37964 --- [breadandbutteruser] [nio-8899-exec-6] org.hibernate.SQL                        : 
    update
        users 
    set
        account_created_at=?,
        address=?,
        admin_verified=?,
        admin_verified_at=?,
        admin_verified_by=?,
        age=?,
        ban_period=?,
        city=?,
        company_name=?,
        country=?,
        date_of_birth=?,
        email=?,
        enterprise_onboarded_at=?,
        enterprise_verified=?,
        face_biometric_hash=?,
        first_name=?,
        keycloak_user_id=?,
        last_login=?,
        last_name=?,
        last_profile_update=?,
        locked_until=?,
        personality_id=?,
        profile_picture=?,
        reason_for_ban=?,
        role=?,
        sex=?,
        status=?,
        streak_days=?,
        username=? 
    where
        user_id=?
Hibernate: 
    update
        users 
    set
        account_created_at=?,
        address=?,
        admin_verified=?,
        admin_verified_at=?,
        admin_verified_by=?,
        age=?,
        ban_period=?,
        city=?,
        company_name=?,
        country=?,
        date_of_birth=?,
        email=?,
        enterprise_onboarded_at=?,
        enterprise_verified=?,
        face_biometric_hash=?,
        first_name=?,
        keycloak_user_id=?,
        last_login=?,
        last_name=?,
        last_profile_update=?,
        locked_until=?,
        personality_id=?,
        profile_picture=?,
        reason_for_ban=?,
        role=?,
        sex=?,
        status=?,
        streak_days=?,
        username=? 
    where
        user_id=?
2026-03-01T11:14:53.473+01:00 DEBUG 37964 --- [breadandbutteruser] [nio-8899-exec-6] o.s.w.s.m.m.a.HttpEntityMethodProcessor  : Using 'application/json', given [*/*] and supported [application/json, application/*+json]
2026-03-01T11:14:53.474+01:00 DEBUG 37964 --- [breadandbutteruser] [nio-8899-exec-6] o.s.w.s.m.m.a.HttpEntityMethodProcessor  : Nothing to write: null body
2026-03-01T11:14:53.476+01:00 DEBUG 37964 --- [breadandbutteruser] [nio-8899-exec-6] o.s.web.servlet.DispatcherServlet        : Completed 204 NO_CONTENT
2026-03-01T11:15:02.528+01:00 DEBUG 37964 --- [breadandbutteruser] [nio-8899-exec-3] o.s.web.servlet.DispatcherServlet        : POST "/api/auth/face/signin", parameters={masked}
2026-03-01T11:15:02.533+01:00 DEBUG 37964 --- [breadandbutteruser] [nio-8899-exec-3] .m.m.a.ExceptionHandlerExceptionResolver : Using @ExceptionHandler esprit.tn.breadandbutteruser.config.GlobalExceptionHandler#handleUnsupportedMediaType(HttpMediaTypeNotSupportedException)
2026-03-01T11:15:02.534+01:00 DEBUG 37964 --- [breadandbutteruser] [nio-8899-exec-3] o.s.w.s.m.m.a.HttpEntityMethodProcessor  : Using 'application/json', given [*/*] and supported [application/json, application/*+json]
2026-03-01T11:15:02.535+01:00 DEBUG 37964 --- [breadandbutteruser] [nio-8899-exec-3] o.s.w.s.m.m.a.HttpEntityMethodProcessor  : Writing [{error=Unsupported Media Type, message=Content-Type 'application/x-www-form-urlencoded' is not suppo (truncated)...]
2026-03-01T11:15:02.537+01:00 DEBUG 37964 --- [breadandbutteruser] [nio-8899-exec-3] .m.m.a.ExceptionHandlerExceptionResolver : Resolved [org.springframework.web.HttpMediaTypeNotSupportedException: Content-Type 'application/x-www-form-urlencoded' is not supported]
2026-03-01T11:15:02.538+01:00 DEBUG 37964 --- [breadandbutteruser] [nio-8899-exec-3] o.s.web.servlet.DispatcherServlet        : Completed 415 UNSUPPORTED_MEDIA_TYPE
2026-03-01T11:15:09.912+01:00 DEBUG 37964 --- [breadandbutteruser] [reshExecutor-%d] o.s.web.client.RestTemplate              : HTTP GET http://localhost:8071/eureka/apps/delta
2026-03-01T11:15:09.929+01:00 DEBUG 37964 --- [breadandbutteruser] [beatExecutor-%d] o.s.web.client.RestTemplate              : HTTP PUT http://localhost:8071/eureka/apps/BREADANDBUTTERUSER/localhost:breadandbutteruser:8899?status=UP&lastDirtyTimestamp=1772360049861
2026-03-01T11:15:09.949+01:00 DEBUG 37964 --- [breadandbutteruser] [reshExecutor-%d] o.s.web.client.RestTemplate              : Accept=[application/json, application/*+json]
2026-03-01T11:15:09.950+01:00 DEBUG 37964 --- [breadandbutteruser] [beatExecutor-%d] o.s.web.client.RestTemplate              : Accept=[application/json, application/*+json]
2026-03-01T11:15:09.963+01:00 DEBUG 37964 --- [breadandbutteruser] [beatExecutor-%d] o.s.web.client.RestTemplate              : Response 200 OK
2026-03-01T11:15:09.963+01:00 DEBUG 37964 --- [breadandbutteruser] [reshExecutor-%d] o.s.web.client.RestTemplate              : Response 200 OK
2026-03-01T11:15:09.964+01:00 DEBUG 37964 --- [breadandbutteruser] [reshExecutor-%d] o.s.web.client.RestTemplate              : Reading to [org.springframework.cloud.netflix.eureka.http.EurekaApplications]
2026-03-01T11:15:13.929+01:00 DEBUG 37964 --- [breadandbutteruser] [   scheduling-1] org.hibernate.SQL                        : 
    select
        distinct ie1_0.keycloak_subject 
    from
        interaction_events ie1_0 
    where
        ie1_0.received_at>=?
Hibernate: 
    select
        distinct ie1_0.keycloak_subject 
    from
        interaction_events ie1_0 
    where
        ie1_0.received_at>=?
2026-03-01T11:15:39.968+01:00 DEBUG 37964 --- [breadandbutteruser] [beatExecutor-%d] o.s.web.client.RestTemplate              : HTTP PUT http://localhost:8071/eureka/apps/BREADANDBUTTERUSER/localhost:breadandbutteruser:8899?status=UP&lastDirtyTimestamp=1772360049861
2026-03-01T11:15:39.969+01:00 DEBUG 37964 --- [breadandbutteruser] [beatExecutor-%d] o.s.web.client.RestTemplate              : Accept=[application/json, application/*+json]
2026-03-01T11:15:39.982+01:00 DEBUG 37964 --- [breadandbutteruser] [reshExecutor-%d] o.s.web.client.RestTemplate              : HTTP GET http://localhost:8071/eureka/apps/delta
2026-03-01T11:15:39.984+01:00 DEBUG 37964 --- [breadandbutteruser] [reshExecutor-%d] o.s.web.client.RestTemplate              : Accept=[application/json, application/*+json]
2026-03-01T11:15:39.985+01:00 DEBUG 37964 --- [breadandbutteruser] [beatExecutor-%d] o.s.web.client.RestTemplate              : Response 200 OK
2026-03-01T11:15:40.001+01:00 DEBUG 37964 --- [breadandbutteruser] [reshExecutor-%d] o.s.web.client.RestTemplate              : Response 200 OK
2026-03-01T11:15:40.002+01:00 DEBUG 37964 --- [breadandbutteruser] [reshExecutor-%d] o.s.web.client.RestTemplate              : Reading to [org.springframework.cloud.netflix.eureka.http.EurekaApplications]
2026-03-01T11:16:09.990+01:00 DEBUG 37964 --- [breadandbutteruser] [beatExecutor-%d] o.s.web.client.RestTemplate              : HTTP PUT http://localhost:8071/eureka/apps/BREADANDBUTTERUSER/localhost:breadandbutteruser:8899?status=UP&lastDirtyTimestamp=1772360049861
2026-03-01T11:16:10.006+01:00 DEBUG 37964 --- [breadandbutteruser] [reshExecutor-%d] o.s.web.client.RestTemplate              : HTTP GET http://localhost:8071/eureka/apps/delta
2026-03-01T11:16:10.262+01:00 DEBUG 37964 --- [breadandbutteruser] [beatExecutor-%d] o.s.web.client.RestTemplate              : Accept=[application/json, application/*+json]
2026-03-01T11:16:10.262+01:00 DEBUG 37964 --- [breadandbutteruser] [reshExecutor-%d] o.s.web.client.RestTemplate              : Accept=[application/json, application/*+json]
2026-03-01T11:16:10.271+01:00 DEBUG 37964 --- [breadandbutteruser] [beatExecutor-%d] o.s.web.client.RestTemplate              : Response 200 OK
2026-03-01T11:16:10.271+01:00 DEBUG 37964 --- [breadandbutteruser] [reshExecutor-%d] o.s.web.client.RestTemplate              : Response 200 OK
2026-03-01T11:16:10.272+01:00 DEBUG 37964 --- [breadandbutteruser] [reshExecutor-%d] o.s.web.client.RestTemplate              : Reading to [org.springframework.cloud.netflix.eureka.http.EurekaApplications]
2026-03-01T11:16:13.985+01:00 DEBUG 37964 --- [breadandbutteruser] [   scheduling-1] org.hibernate.SQL                        : 
    select
        distinct ie1_0.keycloak_subject 
    from
        interaction_events ie1_0 
    where
        ie1_0.received_at>=?
Hibernate: 
    select
        distinct ie1_0.keycloak_subject 
    from
        interaction_events ie1_0 
    where
        ie1_0.received_at>=?
2026-03-01T11:16:40.281+01:00 DEBUG 37964 --- [breadandbutteruser] [reshExecutor-%d] o.s.web.client.RestTemplate              : HTTP GET http://localhost:8071/eureka/apps/delta
2026-03-01T11:16:40.281+01:00 DEBUG 37964 --- [breadandbutteruser] [beatExecutor-%d] o.s.web.client.RestTemplate              : HTTP PUT http://localhost:8071/eureka/apps/BREADANDBUTTERUSER/localhost:breadandbutteruser:8899?status=UP&lastDirtyTimestamp=1772360049861
2026-03-01T11:16:40.284+01:00 DEBUG 37964 --- [breadandbutteruser] [reshExecutor-%d] o.s.web.client.RestTemplate              : Accept=[application/json, application/*+json]
2026-03-01T11:16:40.284+01:00 DEBUG 37964 --- [breadandbutteruser] [beatExecutor-%d] o.s.web.client.RestTemplate              : Accept=[application/json, application/*+json]
2026-03-01T11:16:40.299+01:00 DEBUG 37964 --- [breadandbutteruser] [reshExecutor-%d] o.s.web.client.RestTemplate              : Response 200 OK
2026-03-01T11:16:40.299+01:00 DEBUG 37964 --- [breadandbutteruser] [beatExecutor-%d] o.s.web.client.RestTemplate              : Response 200 OK
2026-03-01T11:16:40.300+01:00 DEBUG 37964 --- [breadandbutteruser] [reshExecutor-%d] o.s.web.client.RestTemplate              : Reading to [org.springframework.cloud.netflix.eureka.http.EurekaApplications]
2026-03-01T11:17:10.305+01:00 DEBUG 37964 --- [breadandbutteruser] [reshExecutor-%d] o.s.web.client.RestTemplate              : HTTP GET http://localhost:8071/eureka/apps/delta
2026-03-01T11:17:10.305+01:00 DEBUG 37964 --- [breadandbutteruser] [beatExecutor-%d] o.s.web.client.RestTemplate              : HTTP PUT http://localhost:8071/eureka/apps/BREADANDBUTTERUSER/localhost:breadandbutteruser:8899?status=UP&lastDirtyTimestamp=1772360049861
2026-03-01T11:17:10.307+01:00 DEBUG 37964 --- [breadandbutteruser] [reshExecutor-%d] o.s.web.client.RestTemplate              : Accept=[application/json, application/*+json]
2026-03-01T11:17:10.307+01:00 DEBUG 37964 --- [breadandbutteruser] [beatExecutor-%d] o.s.web.client.RestTemplate              : Accept=[application/json, application/*+json]
2026-03-01T11:17:10.323+01:00 DEBUG 37964 --- [breadandbutteruser] [reshExecutor-%d] o.s.web.client.RestTemplate              : Response 200 OK
2026-03-01T11:17:10.323+01:00 DEBUG 37964 --- [breadandbutteruser] [beatExecutor-%d] o.s.web.client.RestTemplate              : Response 200 OK
2026-03-01T11:17:10.324+01:00 DEBUG 37964 --- [breadandbutteruser] [reshExecutor-%d] o.s.web.client.RestTemplate              : Reading to [org.springframework.cloud.netflix.eureka.http.EurekaApplications]
2026-03-01T11:17:14.042+01:00 DEBUG 37964 --- [breadandbutteruser] [   scheduling-1] org.hibernate.SQL                        : 
    select
        distinct ie1_0.keycloak_subject 
    from
        interaction_events ie1_0 
    where
        ie1_0.received_at>=?
Hibernate: 
    select
        distinct ie1_0.keycloak_subject 
    from
        interaction_events ie1_0 
    where
        ie1_0.received_at>=?
2026-03-01T11:17:40.341+01:00 DEBUG 37964 --- [breadandbutteruser] [beatExecutor-%d] o.s.web.client.RestTemplate              : HTTP PUT http://localhost:8071/eureka/apps/BREADANDBUTTERUSER/localhost:breadandbutteruser:8899?status=UP&lastDirtyTimestamp=1772360049861
2026-03-01T11:17:40.341+01:00 DEBUG 37964 --- [breadandbutteruser] [reshExecutor-%d] o.s.web.client.RestTemplate              : HTTP GET http://localhost:8071/eureka/apps/delta
2026-03-01T11:17:40.342+01:00 DEBUG 37964 --- [breadandbutteruser] [beatExecutor-%d] o.s.web.client.RestTemplate              : Accept=[application/json, application/*+json]
2026-03-01T11:17:40.342+01:00 DEBUG 37964 --- [breadandbutteruser] [reshExecutor-%d] o.s.web.client.RestTemplate              : Accept=[application/json, application/*+json]
2026-03-01T11:17:40.358+01:00 DEBUG 37964 --- [breadandbutteruser] [beatExecutor-%d] o.s.web.client.RestTemplate              : Response 200 OK
2026-03-01T11:17:40.358+01:00 DEBUG 37964 --- [breadandbutteruser] [reshExecutor-%d] o.s.web.client.RestTemplate              : Response 200 OK
2026-03-01T11:17:40.360+01:00 DEBUG 37964 --- [breadandbutteruser] [reshExecutor-%d] o.s.web.client.RestTemplate              : Reading to [org.springframework.cloud.netflix.eureka.http.EurekaApplications]
2026-03-01T11:18:10.361+01:00 DEBUG 37964 --- [breadandbutteruser] [beatExecutor-%d] o.s.web.client.RestTemplate              : HTTP PUT http://localhost:8071/eureka/apps/BREADANDBUTTERUSER/localhost:breadandbutteruser:8899?status=UP&lastDirtyTimestamp=1772360049861
2026-03-01T11:18:10.362+01:00 DEBUG 37964 --- [breadandbutteruser] [beatExecutor-%d] o.s.web.client.RestTemplate              : Accept=[application/json, application/*+json]
2026-03-01T11:18:10.375+01:00 DEBUG 37964 --- [breadandbutteruser] [reshExecutor-%d] o.s.web.client.RestTemplate              : HTTP GET http://localhost:8071/eureka/apps/delta
2026-03-01T11:18:10.377+01:00 DEBUG 37964 --- [breadandbutteruser] [reshExecutor-%d] o.s.web.client.RestTemplate              : Accept=[application/json, application/*+json]
2026-03-01T11:18:10.378+01:00 DEBUG 37964 --- [breadandbutteruser] [beatExecutor-%d] o.s.web.client.RestTemplate              : Response 200 OK
2026-03-01T11:18:10.394+01:00 DEBUG 37964 --- [breadandbutteruser] [reshExecutor-%d] o.s.web.client.RestTemplate              : Response 200 OK
2026-03-01T11:18:10.395+01:00 DEBUG 37964 --- [breadandbutteruser] [reshExecutor-%d] o.s.web.client.RestTemplate              : Reading to [org.springframework.cloud.netflix.eureka.http.EurekaApplications]
2026-03-01T11:18:14.062+01:00 DEBUG 37964 --- [breadandbutteruser] [   scheduling-1] org.hibernate.SQL                        : 
    select
        distinct ie1_0.keycloak_subject 
    from
        interaction_events ie1_0 
    where
        ie1_0.received_at>=?
Hibernate: 
    select
        distinct ie1_0.keycloak_subject 
    from
        interaction_events ie1_0 
    where
        ie1_0.received_at>=?
2026-03-01T11:18:40.383+01:00 DEBUG 37964 --- [breadandbutteruser] [beatExecutor-%d] o.s.web.client.RestTemplate              : HTTP PUT http://localhost:8071/eureka/apps/BREADANDBUTTERUSER/localhost:breadandbutteruser:8899?status=UP&lastDirtyTimestamp=1772360049861
2026-03-01T11:18:40.384+01:00 DEBUG 37964 --- [breadandbutteruser] [beatExecutor-%d] o.s.web.client.RestTemplate              : Accept=[application/json, application/*+json]
2026-03-01T11:18:40.401+01:00 DEBUG 37964 --- [breadandbutteruser] [beatExecutor-%d] o.s.web.client.RestTemplate              : Response 200 OK
2026-03-01T11:18:40.399+01:00 DEBUG 37964 --- [breadandbutteruser] [reshExecutor-%d] o.s.web.client.RestTemplate              : HTTP GET http://localhost:8071/eureka/apps/delta
2026-03-01T11:18:40.402+01:00 DEBUG 37964 --- [breadandbutteruser] [reshExecutor-%d] o.s.web.client.RestTemplate              : Accept=[application/json, application/*+json]
2026-03-01T11:18:40.417+01:00 DEBUG 37964 --- [breadandbutteruser] [reshExecutor-%d] o.s.web.client.RestTemplate              : Response 200 OK
2026-03-01T11:18:40.417+01:00 DEBUG 37964 --- [breadandbutteruser] [reshExecutor-%d] o.s.web.client.RestTemplate              : Reading to [org.springframework.cloud.netflix.eureka.http.EurekaApplications]
2026-03-01T11:19:09.081+01:00  INFO 37964 --- [breadandbutteruser] [rap-executor-%d] c.n.d.s.r.aws.ConfigClusterResolver      : Resolving eureka endpoints via configuration
2026-03-01T11:19:10.403+01:00 DEBUG 37964 --- [breadandbutteruser] [beatExecutor-%d] o.s.web.client.RestTemplate              : HTTP PUT http://localhost:8071/eureka/apps/BREADANDBUTTERUSER/localhost:breadandbutteruser:8899?status=UP&lastDirtyTimestamp=1772360049861
2026-03-01T11:19:10.404+01:00 DEBUG 37964 --- [breadandbutteruser] [beatExecutor-%d] o.s.web.client.RestTemplate              : Accept=[application/json, application/*+json]
2026-03-01T11:19:10.421+01:00 DEBUG 37964 --- [breadandbutteruser] [beatExecutor-%d] o.s.web.client.RestTemplate              : Response 200 OK
2026-03-01T11:19:10.422+01:00 DEBUG 37964 --- [breadandbutteruser] [reshExecutor-%d] o.s.web.client.RestTemplate              : HTTP GET http://localhost:8071/eureka/apps/delta
2026-03-01T11:19:10.423+01:00 DEBUG 37964 --- [breadandbutteruser] [reshExecutor-%d] o.s.web.client.RestTemplate              : Accept=[application/json, application/*+json]
2026-03-01T11:19:10.436+01:00 DEBUG 37964 --- [breadandbutteruser] [reshExecutor-%d] o.s.web.client.RestTemplate              : Response 200 OK
2026-03-01T11:19:10.436+01:00 DEBUG 37964 --- [breadandbutteruser] [reshExecutor-%d] o.s.web.client.RestTemplate              : Reading to [org.springframework.cloud.netflix.eureka.http.EurekaApplications]
2026-03-01T11:19:14.082+01:00 DEBUG 37964 --- [breadandbutteruser] [   scheduling-1] org.hibernate.SQL                        : 
    select
        distinct ie1_0.keycloak_subject 
    from
        interaction_events ie1_0 
    where
        ie1_0.received_at>=?
Hibernate: 
    select
        distinct ie1_0.keycloak_subject 
    from
        interaction_events ie1_0 
    where
        ie1_0.received_at>=?
2026-03-01T11:19:40.437+01:00 DEBUG 37964 --- [breadandbutteruser] [beatExecutor-%d] o.s.web.client.RestTemplate              : HTTP PUT http://localhost:8071/eureka/apps/BREADANDBUTTERUSER/localhost:breadandbutteruser:8899?status=UP&lastDirtyTimestamp=1772360049861
2026-03-01T11:19:40.443+01:00 DEBUG 37964 --- [breadandbutteruser] [beatExecutor-%d] o.s.web.client.RestTemplate              : Accept=[application/json, application/*+json]
2026-03-01T11:19:40.453+01:00 DEBUG 37964 --- [breadandbutteruser] [reshExecutor-%d] o.s.web.client.RestTemplate              : HTTP GET http://localhost:8071/eureka/apps/delta
2026-03-01T11:19:40.454+01:00 DEBUG 37964 --- [breadandbutteruser] [reshExecutor-%d] o.s.web.client.RestTemplate              : Accept=[application/json, application/*+json]
2026-03-01T11:19:40.459+01:00 DEBUG 37964 --- [breadandbutteruser] [beatExecutor-%d] o.s.web.client.RestTemplate              : Response 200 OK
2026-03-01T11:19:40.475+01:00 DEBUG 37964 --- [breadandbutteruser] [reshExecutor-%d] o.s.web.client.RestTemplate              : Response 200 OK
2026-03-01T11:19:40.476+01:00 DEBUG 37964 --- [breadandbutteruser] [reshExecutor-%d] o.s.web.client.RestTemplate              : Reading to [org.springframework.cloud.netflix.eureka.http.EurekaApplications]
2026-03-01T11:20:10.472+01:00 DEBUG 37964 --- [breadandbutteruser] [beatExecutor-%d] o.s.web.client.RestTemplate              : HTTP PUT http://localhost:8071/eureka/apps/BREADANDBUTTERUSER/localhost:breadandbutteruser:8899?status=UP&lastDirtyTimestamp=1772360049861
2026-03-01T11:20:10.472+01:00 DEBUG 37964 --- [breadandbutteruser] [beatExecutor-%d] o.s.web.client.RestTemplate              : Accept=[application/json, application/*+json]
2026-03-01T11:20:10.488+01:00 DEBUG 37964 --- [breadandbutteruser] [reshExecutor-%d] o.s.web.client.RestTemplate              : HTTP GET http://localhost:8071/eureka/apps/delta
2026-03-01T11:20:10.489+01:00 DEBUG 37964 --- [breadandbutteruser] [reshExecutor-%d] o.s.web.client.RestTemplate              : Accept=[application/json, application/*+json]
2026-03-01T11:20:10.495+01:00 DEBUG 37964 --- [breadandbutteruser] [beatExecutor-%d] o.s.web.client.RestTemplate              : Response 200 OK
2026-03-01T11:20:10.505+01:00 DEBUG 37964 --- [breadandbutteruser] [reshExecutor-%d] o.s.web.client.RestTemplate              : Response 200 OK
2026-03-01T11:20:10.507+01:00 DEBUG 37964 --- [breadandbutteruser] [reshExecutor-%d] o.s.web.client.RestTemplate              : Reading to [org.springframework.cloud.netflix.eureka.http.EurekaApplications]
2026-03-01T11:20:14.098+01:00 DEBUG 37964 --- [breadandbutteruser] [   scheduling-1] org.hibernate.SQL                        : 
    select
        distinct ie1_0.keycloak_subject 
    from
        interaction_events ie1_0 
    where
        ie1_0.received_at>=?
Hibernate: 
    select
        distinct ie1_0.keycloak_subject 
    from
        interaction_events ie1_0 
    where
        ie1_0.received_at>=?
2026-03-01T11:20:40.504+01:00 DEBUG 37964 --- [breadandbutteruser] [beatExecutor-%d] o.s.web.client.RestTemplate              : HTTP PUT http://localhost:8071/eureka/apps/BREADANDBUTTERUSER/localhost:breadandbutteruser:8899?status=UP&lastDirtyTimestamp=1772360049861
2026-03-01T11:20:40.504+01:00 DEBUG 37964 --- [breadandbutteruser] [beatExecutor-%d] o.s.web.client.RestTemplate              : Accept=[application/json, application/*+json]
2026-03-01T11:20:40.520+01:00 DEBUG 37964 --- [breadandbutteruser] [reshExecutor-%d] o.s.web.client.RestTemplate              : HTTP GET http://localhost:8071/eureka/apps/delta
2026-03-01T11:20:40.520+01:00 DEBUG 37964 --- [breadandbutteruser] [reshExecutor-%d] o.s.web.client.RestTemplate              : Accept=[application/json, application/*+json]
2026-03-01T11:20:40.525+01:00 DEBUG 37964 --- [breadandbutteruser] [beatExecutor-%d] o.s.web.client.RestTemplate              : Response 200 OK
2026-03-01T11:20:40.538+01:00 DEBUG 37964 --- [breadandbutteruser] [reshExecutor-%d] o.s.web.client.RestTemplate              : Response 200 OK
2026-03-01T11:20:40.539+01:00 DEBUG 37964 --- [breadandbutteruser] [reshExecutor-%d] o.s.web.client.RestTemplate              : Reading to [org.springframework.cloud.netflix.eureka.http.EurekaApplications]
2026-03-01T11:21:10.539+01:00 DEBUG 37964 --- [breadandbutteruser] [beatExecutor-%d] o.s.web.client.RestTemplate              : HTTP PUT http://localhost:8071/eureka/apps/BREADANDBUTTERUSER/localhost:breadandbutteruser:8899?status=UP&lastDirtyTimestamp=1772360049861
2026-03-01T11:21:10.540+01:00 DEBUG 37964 --- [breadandbutteruser] [beatExecutor-%d] o.s.web.client.RestTemplate              : Accept=[application/json, application/*+json]
2026-03-01T11:21:10.554+01:00 DEBUG 37964 --- [breadandbutteruser] [reshExecutor-%d] o.s.web.client.RestTemplate              : HTTP GET http://localhost:8071/eureka/apps/delta
2026-03-01T11:21:10.555+01:00 DEBUG 37964 --- [breadandbutteruser] [reshExecutor-%d] o.s.web.client.RestTemplate              : Accept=[application/json, application/*+json]
2026-03-01T11:21:10.556+01:00 DEBUG 37964 --- [breadandbutteruser] [beatExecutor-%d] o.s.web.client.RestTemplate              : Response 200 OK
2026-03-01T11:21:10.571+01:00 DEBUG 37964 --- [breadandbutteruser] [reshExecutor-%d] o.s.web.client.RestTemplate              : Response 200 OK
2026-03-01T11:21:10.572+01:00 DEBUG 37964 --- [breadandbutteruser] [reshExecutor-%d] o.s.web.client.RestTemplate              : Reading to [org.springframework.cloud.netflix.eureka.http.EurekaApplications]
2026-03-01T11:21:14.115+01:00 DEBUG 37964 --- [breadandbutteruser] [   scheduling-1] org.hibernate.SQL                        : 
    select
        distinct ie1_0.keycloak_subject 
    from
        interaction_events ie1_0 
    where
        ie1_0.received_at>=?
Hibernate: 
    select
        distinct ie1_0.keycloak_subject 
    from
        interaction_events ie1_0 
    where
        ie1_0.received_at>=?
2026-03-01T11:21:40.560+01:00 DEBUG 37964 --- [breadandbutteruser] [beatExecutor-%d] o.s.web.client.RestTemplate              : HTTP PUT http://localhost:8071/eureka/apps/BREADANDBUTTERUSER/localhost:breadandbutteruser:8899?status=UP&lastDirtyTimestamp=1772360049861
2026-03-01T11:21:40.560+01:00 DEBUG 37964 --- [breadandbutteruser] [beatExecutor-%d] o.s.web.client.RestTemplate              : Accept=[application/json, application/*+json]
2026-03-01T11:21:40.575+01:00 DEBUG 37964 --- [breadandbutteruser] [reshExecutor-%d] o.s.web.client.RestTemplate              : HTTP GET http://localhost:8071/eureka/apps/delta
2026-03-01T11:21:40.576+01:00 DEBUG 37964 --- [breadandbutteruser] [reshExecutor-%d] o.s.web.client.RestTemplate              : Accept=[application/json, application/*+json]
2026-03-01T11:21:40.578+01:00 DEBUG 37964 --- [breadandbutteruser] [beatExecutor-%d] o.s.web.client.RestTemplate              : Response 200 OK
2026-03-01T11:21:40.592+01:00 DEBUG 37964 --- [breadandbutteruser] [reshExecutor-%d] o.s.web.client.RestTemplate              : Response 200 OK
2026-03-01T11:21:40.593+01:00 DEBUG 37964 --- [breadandbutteruser] [reshExecutor-%d] o.s.web.client.RestTemplate              : Reading to [org.springframework.cloud.netflix.eureka.http.EurekaApplications]
2026-03-01T11:22:10.587+01:00 DEBUG 37964 --- [breadandbutteruser] [beatExecutor-%d] o.s.web.client.RestTemplate              : HTTP PUT http://localhost:8071/eureka/apps/BREADANDBUTTERUSER/localhost:breadandbutteruser:8899?status=UP&lastDirtyTimestamp=1772360049861
2026-03-01T11:22:10.588+01:00 DEBUG 37964 --- [breadandbutteruser] [beatExecutor-%d] o.s.web.client.RestTemplate              : Accept=[application/json, application/*+json]
2026-03-01T11:22:10.599+01:00 DEBUG 37964 --- [breadandbutteruser] [reshExecutor-%d] o.s.web.client.RestTemplate              : HTTP GET http://localhost:8071/eureka/apps/delta
2026-03-01T11:22:10.601+01:00 DEBUG 37964 --- [breadandbutteruser] [reshExecutor-%d] o.s.web.client.RestTemplate              : Accept=[application/json, application/*+json]
2026-03-01T11:22:10.601+01:00 DEBUG 37964 --- [breadandbutteruser] [beatExecutor-%d] o.s.web.client.RestTemplate              : Response 200 OK
2026-03-01T11:22:10.622+01:00 DEBUG 37964 --- [breadandbutteruser] [reshExecutor-%d] o.s.web.client.RestTemplate              : Response 200 OK
2026-03-01T11:22:10.623+01:00 DEBUG 37964 --- [breadandbutteruser] [reshExecutor-%d] o.s.web.client.RestTemplate              : Reading to [org.springframework.cloud.netflix.eureka.http.EurekaApplications]
2026-03-01T11:22:14.164+01:00 DEBUG 37964 --- [breadandbutteruser] [   scheduling-1] org.hibernate.SQL                        : 
    select
        distinct ie1_0.keycloak_subject 
    from
        interaction_events ie1_0 
    where
        ie1_0.received_at>=?
Hibernate: 
    select
        distinct ie1_0.keycloak_subject 
    from
        interaction_events ie1_0 
    where
        ie1_0.received_at>=?
2026-03-01T11:22:40.609+01:00 DEBUG 37964 --- [breadandbutteruser] [beatExecutor-%d] o.s.web.client.RestTemplate              : HTTP PUT http://localhost:8071/eureka/apps/BREADANDBUTTERUSER/localhost:breadandbutteruser:8899?status=UP&lastDirtyTimestamp=1772360049861
2026-03-01T11:22:40.610+01:00 DEBUG 37964 --- [breadandbutteruser] [beatExecutor-%d] o.s.web.client.RestTemplate              : Accept=[application/json, application/*+json]
2026-03-01T11:22:40.627+01:00 DEBUG 37964 --- [breadandbutteruser] [beatExecutor-%d] o.s.web.client.RestTemplate              : Response 200 OK
2026-03-01T11:22:40.628+01:00 DEBUG 37964 --- [breadandbutteruser] [reshExecutor-%d] o.s.web.client.RestTemplate              : HTTP GET http://localhost:8071/eureka/apps/delta
2026-03-01T11:22:40.629+01:00 DEBUG 37964 --- [breadandbutteruser] [reshExecutor-%d] o.s.web.client.RestTemplate              : Accept=[application/json, application/*+json]
2026-03-01T11:22:40.643+01:00 DEBUG 37964 --- [breadandbutteruser] [reshExecutor-%d] o.s.web.client.RestTemplate              : Response 200 OK
2026-03-01T11:22:40.643+01:00 DEBUG 37964 --- [breadandbutteruser] [reshExecutor-%d] o.s.web.client.RestTemplate              : Reading to [org.springframework.cloud.netflix.eureka.http.EurekaApplications]
2026-03-01T11:23:10.629+01:00 DEBUG 37964 --- [breadandbutteruser] [beatExecutor-%d] o.s.web.client.RestTemplate              : HTTP PUT http://localhost:8071/eureka/apps/BREADANDBUTTERUSER/localhost:breadandbutteruser:8899?status=UP&lastDirtyTimestamp=1772360049861
2026-03-01T11:23:10.660+01:00 DEBUG 37964 --- [breadandbutteruser] [reshExecutor-%d] o.s.web.client.RestTemplate              : HTTP GET http://localhost:8071/eureka/apps/delta
2026-03-01T11:23:10.738+01:00 DEBUG 37964 --- [breadandbutteruser] [beatExecutor-%d] o.s.web.client.RestTemplate              : Accept=[application/json, application/*+json]
2026-03-01T11:23:10.738+01:00 DEBUG 37964 --- [breadandbutteruser] [reshExecutor-%d] o.s.web.client.RestTemplate              : Accept=[application/json, application/*+json]
2026-03-01T11:23:10.756+01:00 DEBUG 37964 --- [breadandbutteruser] [beatExecutor-%d] o.s.web.client.RestTemplate              : Response 200 OK
2026-03-01T11:23:10.756+01:00 DEBUG 37964 --- [breadandbutteruser] [reshExecutor-%d] o.s.web.client.RestTemplate              : Response 200 OK
2026-03-01T11:23:10.757+01:00 DEBUG 37964 --- [breadandbutteruser] [reshExecutor-%d] o.s.web.client.RestTemplate              : Reading to [org.springframework.cloud.netflix.eureka.http.EurekaApplications]
2026-03-01T11:23:14.182+01:00 DEBUG 37964 --- [breadandbutteruser] [   scheduling-1] org.hibernate.SQL                        : 
    select
        distinct ie1_0.keycloak_subject 
    from
        interaction_events ie1_0 
    where
        ie1_0.received_at>=?
Hibernate: 
    select
        distinct ie1_0.keycloak_subject 
    from
        interaction_events ie1_0 
    where
        ie1_0.received_at>=?
2026-03-01T11:23:40.764+01:00 DEBUG 37964 --- [breadandbutteruser] [beatExecutor-%d] o.s.web.client.RestTemplate              : HTTP PUT http://localhost:8071/eureka/apps/BREADANDBUTTERUSER/localhost:breadandbutteruser:8899?status=UP&lastDirtyTimestamp=1772360049861
2026-03-01T11:23:40.764+01:00 DEBUG 37964 --- [breadandbutteruser] [reshExecutor-%d] o.s.web.client.RestTemplate              : HTTP GET http://localhost:8071/eureka/apps/delta
2026-03-01T11:23:40.764+01:00 DEBUG 37964 --- [breadandbutteruser] [beatExecutor-%d] o.s.web.client.RestTemplate              : Accept=[application/json, application/*+json]
2026-03-01T11:23:40.766+01:00 DEBUG 37964 --- [breadandbutteruser] [reshExecutor-%d] o.s.web.client.RestTemplate              : Accept=[application/json, application/*+json]
2026-03-01T11:23:40.782+01:00 DEBUG 37964 --- [breadandbutteruser] [reshExecutor-%d] o.s.web.client.RestTemplate              : Response 200 OK
2026-03-01T11:23:40.783+01:00 DEBUG 37964 --- [breadandbutteruser] [reshExecutor-%d] o.s.web.client.RestTemplate              : Reading to [org.springframework.cloud.netflix.eureka.http.EurekaApplications]
2026-03-01T11:23:40.785+01:00 DEBUG 37964 --- [breadandbutteruser] [beatExecutor-%d] o.s.web.client.RestTemplate              : Response 200 OK
2026-03-01T11:24:09.088+01:00  INFO 37964 --- [breadandbutteruser] [rap-executor-%d] c.n.d.s.r.aws.ConfigClusterResolver      : Resolving eureka endpoints via configuration
2026-03-01T11:24:10.799+01:00 DEBUG 37964 --- [breadandbutteruser] [reshExecutor-%d] o.s.web.client.RestTemplate              : HTTP GET http://localhost:8071/eureka/apps/delta
2026-03-01T11:24:10.799+01:00 DEBUG 37964 --- [breadandbutteruser] [beatExecutor-%d] o.s.web.client.RestTemplate              : HTTP PUT http://localhost:8071/eureka/apps/BREADANDBUTTERUSER/localhost:breadandbutteruser:8899?status=UP&lastDirtyTimestamp=1772360049861
2026-03-01T11:24:11.033+01:00 DEBUG 37964 --- [breadandbutteruser] [reshExecutor-%d] o.s.web.client.RestTemplate              : Accept=[application/json, application/*+json]
2026-03-01T11:24:11.033+01:00 DEBUG 37964 --- [breadandbutteruser] [beatExecutor-%d] o.s.web.client.RestTemplate              : Accept=[application/json, application/*+json]
2026-03-01T11:24:11.052+01:00 DEBUG 37964 --- [breadandbutteruser] [beatExecutor-%d] o.s.web.client.RestTemplate              : Response 200 OK
2026-03-01T11:24:11.052+01:00 DEBUG 37964 --- [breadandbutteruser] [reshExecutor-%d] o.s.web.client.RestTemplate              : Response 200 OK
2026-03-01T11:24:11.052+01:00 DEBUG 37964 --- [breadandbutteruser] [reshExecutor-%d] o.s.web.client.RestTemplate              : Reading to [org.springframework.cloud.netflix.eureka.http.EurekaApplications]
2026-03-01T11:24:14.240+01:00 DEBUG 37964 --- [breadandbutteruser] [   scheduling-1] org.hibernate.SQL                        : 
    select
        distinct ie1_0.keycloak_subject 
    from
        interaction_events ie1_0 
    where
        ie1_0.received_at>=?
Hibernate: 
    select
        distinct ie1_0.keycloak_subject 
    from
        interaction_events ie1_0 
    where
        ie1_0.received_at>=?
2026-03-01T11:24:41.064+01:00 DEBUG 37964 --- [breadandbutteruser] [reshExecutor-%d] o.s.web.client.RestTemplate              : HTTP GET http://localhost:8071/eureka/apps/delta
2026-03-01T11:24:41.064+01:00 DEBUG 37964 --- [breadandbutteruser] [beatExecutor-%d] o.s.web.client.RestTemplate              : HTTP PUT http://localhost:8071/eureka/apps/BREADANDBUTTERUSER/localhost:breadandbutteruser:8899?status=UP&lastDirtyTimestamp=1772360049861
2026-03-01T11:24:41.083+01:00 DEBUG 37964 --- [breadandbutteruser] [reshExecutor-%d] o.s.web.client.RestTemplate              : Accept=[application/json, application/*+json]
2026-03-01T11:24:41.083+01:00 DEBUG 37964 --- [breadandbutteruser] [beatExecutor-%d] o.s.web.client.RestTemplate              : Accept=[application/json, application/*+json]
2026-03-01T11:24:41.099+01:00 DEBUG 37964 --- [breadandbutteruser] [reshExecutor-%d] o.s.web.client.RestTemplate              : Response 200 OK
2026-03-01T11:24:41.100+01:00 DEBUG 37964 --- [breadandbutteruser] [reshExecutor-%d] o.s.web.client.RestTemplate              : Reading to [org.springframework.cloud.netflix.eureka.http.EurekaApplications]
2026-03-01T11:24:41.101+01:00 DEBUG 37964 --- [breadandbutteruser] [beatExecutor-%d] o.s.web.client.RestTemplate              : Response 200 OK
2026-03-01T11:25:11.107+01:00 DEBUG 37964 --- [breadandbutteruser] [beatExecutor-%d] o.s.web.client.RestTemplate              : HTTP PUT http://localhost:8071/eureka/apps/BREADANDBUTTERUSER/localhost:breadandbutteruser:8899?status=UP&lastDirtyTimestamp=1772360049861
2026-03-01T11:25:11.109+01:00 DEBUG 37964 --- [breadandbutteruser] [beatExecutor-%d] o.s.web.client.RestTemplate              : Accept=[application/json, application/*+json]
2026-03-01T11:25:11.114+01:00 DEBUG 37964 --- [breadandbutteruser] [reshExecutor-%d] o.s.web.client.RestTemplate              : HTTP GET http://localhost:8071/eureka/apps/delta
2026-03-01T11:25:11.129+01:00 DEBUG 37964 --- [breadandbutteruser] [reshExecutor-%d] o.s.web.client.RestTemplate              : Accept=[application/json, application/*+json]
2026-03-01T11:25:11.130+01:00 DEBUG 37964 --- [breadandbutteruser] [beatExecutor-%d] o.s.web.client.RestTemplate              : Response 200 OK
2026-03-01T11:25:11.145+01:00 DEBUG 37964 --- [breadandbutteruser] [reshExecutor-%d] o.s.web.client.RestTemplate              : Response 200 OK
2026-03-01T11:25:11.146+01:00 DEBUG 37964 --- [breadandbutteruser] [reshExecutor-%d] o.s.web.client.RestTemplate              : Reading to [org.springframework.cloud.netflix.eureka.http.EurekaApplications]
2026-03-01T11:25:14.252+01:00 DEBUG 37964 --- [breadandbutteruser] [   scheduling-1] org.hibernate.SQL                        : 
    select
        distinct ie1_0.keycloak_subject 
    from
        interaction_events ie1_0 
    where
        ie1_0.received_at>=?
Hibernate: 
    select
        distinct ie1_0.keycloak_subject 
    from
        interaction_events ie1_0 
    where
        ie1_0.received_at>=?
2026-03-01T11:25:41.134+01:00 DEBUG 37964 --- [breadandbutteruser] [beatExecutor-%d] o.s.web.client.RestTemplate              : HTTP PUT http://localhost:8071/eureka/apps/BREADANDBUTTERUSER/localhost:breadandbutteruser:8899?status=UP&lastDirtyTimestamp=1772360049861
2026-03-01T11:25:41.135+01:00 DEBUG 37964 --- [breadandbutteruser] [beatExecutor-%d] o.s.web.client.RestTemplate              : Accept=[application/json, application/*+json]
2026-03-01T11:25:41.149+01:00 DEBUG 37964 --- [breadandbutteruser] [reshExecutor-%d] o.s.web.client.RestTemplate              : HTTP GET http://localhost:8071/eureka/apps/delta
2026-03-01T11:25:41.150+01:00 DEBUG 37964 --- [breadandbutteruser] [reshExecutor-%d] o.s.web.client.RestTemplate              : Accept=[application/json, application/*+json]
2026-03-01T11:25:41.151+01:00 DEBUG 37964 --- [breadandbutteruser] [beatExecutor-%d] o.s.web.client.RestTemplate              : Response 200 OK
2026-03-01T11:25:41.167+01:00 DEBUG 37964 --- [breadandbutteruser] [reshExecutor-%d] o.s.web.client.RestTemplate              : Response 200 OK
2026-03-01T11:25:41.167+01:00 DEBUG 37964 --- [breadandbutteruser] [reshExecutor-%d] o.s.web.client.RestTemplate              : Reading to [org.springframework.cloud.netflix.eureka.http.EurekaApplications]
2026-03-01T11:26:11.158+01:00 DEBUG 37964 --- [breadandbutteruser] [beatExecutor-%d] o.s.web.client.RestTemplate              : HTTP PUT http://localhost:8071/eureka/apps/BREADANDBUTTERUSER/localhost:breadandbutteruser:8899?status=UP&lastDirtyTimestamp=1772360049861
2026-03-01T11:26:11.159+01:00 DEBUG 37964 --- [breadandbutteruser] [beatExecutor-%d] o.s.web.client.RestTemplate              : Accept=[application/json, application/*+json]
2026-03-01T11:26:11.174+01:00 DEBUG 37964 --- [breadandbutteruser] [reshExecutor-%d] o.s.web.client.RestTemplate              : HTTP GET http://localhost:8071/eureka/apps/delta
2026-03-01T11:26:11.174+01:00 DEBUG 37964 --- [breadandbutteruser] [reshExecutor-%d] o.s.web.client.RestTemplate              : Accept=[application/json, application/*+json]
2026-03-01T11:26:11.176+01:00 DEBUG 37964 --- [breadandbutteruser] [beatExecutor-%d] o.s.web.client.RestTemplate              : Response 200 OK
2026-03-01T11:26:11.192+01:00 DEBUG 37964 --- [breadandbutteruser] [reshExecutor-%d] o.s.web.client.RestTemplate              : Response 200 OK
2026-03-01T11:26:11.192+01:00 DEBUG 37964 --- [breadandbutteruser] [reshExecutor-%d] o.s.web.client.RestTemplate              : Reading to [org.springframework.cloud.netflix.eureka.http.EurekaApplications]
2026-03-01T11:26:14.278+01:00 DEBUG 37964 --- [breadandbutteruser] [   scheduling-1] org.hibernate.SQL                        : 
    select
        distinct ie1_0.keycloak_subject 
    from
        interaction_events ie1_0 
    where
        ie1_0.received_at>=?
Hibernate: 
    select
        distinct ie1_0.keycloak_subject 
    from
        interaction_events ie1_0 
    where
        ie1_0.received_at>=?
2026-03-01T11:26:41.191+01:00 DEBUG 37964 --- [breadandbutteruser] [beatExecutor-%d] o.s.web.client.RestTemplate              : HTTP PUT http://localhost:8071/eureka/apps/BREADANDBUTTERUSER/localhost:breadandbutteruser:8899?status=UP&lastDirtyTimestamp=1772360049861
2026-03-01T11:26:41.207+01:00 DEBUG 37964 --- [breadandbutteruser] [reshExecutor-%d] o.s.web.client.RestTemplate              : HTTP GET http://localhost:8071/eureka/apps/delta
2026-03-01T11:26:41.228+01:00 DEBUG 37964 --- [breadandbutteruser] [beatExecutor-%d] o.s.web.client.RestTemplate              : Accept=[application/json, application/*+json]
2026-03-01T11:26:41.228+01:00 DEBUG 37964 --- [breadandbutteruser] [reshExecutor-%d] o.s.web.client.RestTemplate              : Accept=[application/json, application/*+json]
2026-03-01T11:26:41.239+01:00 DEBUG 37964 --- [breadandbutteruser] [reshExecutor-%d] o.s.web.client.RestTemplate              : Response 200 OK
2026-03-01T11:26:41.239+01:00 DEBUG 37964 --- [breadandbutteruser] [beatExecutor-%d] o.s.web.client.RestTemplate              : Response 200 OK
2026-03-01T11:26:41.240+01:00 DEBUG 37964 --- [breadandbutteruser] [reshExecutor-%d] o.s.web.client.RestTemplate              : Reading to [org.springframework.cloud.netflix.eureka.http.EurekaApplications]
2026-03-01T11:27:11.256+01:00 DEBUG 37964 --- [breadandbutteruser] [reshExecutor-%d] o.s.web.client.RestTemplate              : HTTP GET http://localhost:8071/eureka/apps/delta
2026-03-01T11:27:11.256+01:00 DEBUG 37964 --- [breadandbutteruser] [beatExecutor-%d] o.s.web.client.RestTemplate              : HTTP PUT http://localhost:8071/eureka/apps/BREADANDBUTTERUSER/localhost:breadandbutteruser:8899?status=UP&lastDirtyTimestamp=1772360049861
2026-03-01T11:27:11.257+01:00 DEBUG 37964 --- [breadandbutteruser] [reshExecutor-%d] o.s.web.client.RestTemplate              : Accept=[application/json, application/*+json]
2026-03-01T11:27:11.257+01:00 DEBUG 37964 --- [breadandbutteruser] [beatExecutor-%d] o.s.web.client.RestTemplate              : Accept=[application/json, application/*+json]
2026-03-01T11:27:11.439+01:00 DEBUG 37964 --- [breadandbutteruser] [beatExecutor-%d] o.s.web.client.RestTemplate              : Response 200 OK
2026-03-01T11:27:11.439+01:00 DEBUG 37964 --- [breadandbutteruser] [reshExecutor-%d] o.s.web.client.RestTemplate              : Response 200 OK
2026-03-01T11:27:11.440+01:00 DEBUG 37964 --- [breadandbutteruser] [reshExecutor-%d] o.s.web.client.RestTemplate              : Reading to [org.springframework.cloud.netflix.eureka.http.EurekaApplications]
2026-03-01T11:27:14.329+01:00 DEBUG 37964 --- [breadandbutteruser] [   scheduling-1] org.hibernate.SQL                        : 
    select
        distinct ie1_0.keycloak_subject 
    from
        interaction_events ie1_0 
    where
        ie1_0.received_at>=?
Hibernate: 
    select
        distinct ie1_0.keycloak_subject 
    from
        interaction_events ie1_0 
    where
        ie1_0.received_at>=?
2026-03-01T11:27:41.442+01:00 DEBUG 37964 --- [breadandbutteruser] [reshExecutor-%d] o.s.web.client.RestTemplate              : HTTP GET http://localhost:8071/eureka/apps/delta
2026-03-01T11:27:41.442+01:00 DEBUG 37964 --- [breadandbutteruser] [beatExecutor-%d] o.s.web.client.RestTemplate              : HTTP PUT http://localhost:8071/eureka/apps/BREADANDBUTTERUSER/localhost:breadandbutteruser:8899?status=UP&lastDirtyTimestamp=1772360049861
2026-03-01T11:27:41.442+01:00 DEBUG 37964 --- [breadandbutteruser] [reshExecutor-%d] o.s.web.client.RestTemplate              : Accept=[application/json, application/*+json]
2026-03-01T11:27:41.443+01:00 DEBUG 37964 --- [breadandbutteruser] [beatExecutor-%d] o.s.web.client.RestTemplate              : Accept=[application/json, application/*+json]
2026-03-01T11:27:41.459+01:00 DEBUG 37964 --- [breadandbutteruser] [reshExecutor-%d] o.s.web.client.RestTemplate              : Response 200 OK
2026-03-01T11:27:41.459+01:00 DEBUG 37964 --- [breadandbutteruser] [beatExecutor-%d] o.s.web.client.RestTemplate              : Response 200 OK
2026-03-01T11:27:41.460+01:00 DEBUG 37964 --- [breadandbutteruser] [reshExecutor-%d] o.s.web.client.RestTemplate              : Reading to [org.springframework.cloud.netflix.eureka.http.EurekaApplications]
2026-03-01T11:28:11.464+01:00 DEBUG 37964 --- [breadandbutteruser] [reshExecutor-%d] o.s.web.client.RestTemplate              : HTTP GET http://localhost:8071/eureka/apps/delta
2026-03-01T11:28:11.464+01:00 DEBUG 37964 --- [breadandbutteruser] [beatExecutor-%d] o.s.web.client.RestTemplate              : HTTP PUT http://localhost:8071/eureka/apps/BREADANDBUTTERUSER/localhost:breadandbutteruser:8899?status=UP&lastDirtyTimestamp=1772360049861
2026-03-01T11:28:11.466+01:00 DEBUG 37964 --- [breadandbutteruser] [reshExecutor-%d] o.s.web.client.RestTemplate              : Accept=[application/json, application/*+json]
2026-03-01T11:28:11.466+01:00 DEBUG 37964 --- [breadandbutteruser] [beatExecutor-%d] o.s.web.client.RestTemplate              : Accept=[application/json, application/*+json]
2026-03-01T11:28:11.483+01:00 DEBUG 37964 --- [breadandbutteruser] [reshExecutor-%d] o.s.web.client.RestTemplate              : Response 200 OK
2026-03-01T11:28:11.483+01:00 DEBUG 37964 --- [breadandbutteruser] [reshExecutor-%d] o.s.web.client.RestTemplate              : Reading to [org.springframework.cloud.netflix.eureka.http.EurekaApplications]
2026-03-01T11:28:11.488+01:00 DEBUG 37964 --- [breadandbutteruser] [beatExecutor-%d] o.s.web.client.RestTemplate              : Response 200 OK
2026-03-01T11:28:14.402+01:00 DEBUG 37964 --- [breadandbutteruser] [   scheduling-1] org.hibernate.SQL                        : 
    select
        distinct ie1_0.keycloak_subject 
    from
        interaction_events ie1_0 
    where
        ie1_0.received_at>=?
Hibernate: 
    select
        distinct ie1_0.keycloak_subject 
    from
        interaction_events ie1_0 
    where
        ie1_0.received_at>=?
2026-03-01T11:28:41.487+01:00 DEBUG 37964 --- [breadandbutteruser] [reshExecutor-%d] o.s.web.client.RestTemplate              : HTTP GET http://localhost:8071/eureka/apps/delta
2026-03-01T11:28:41.488+01:00 DEBUG 37964 --- [breadandbutteruser] [reshExecutor-%d] o.s.web.client.RestTemplate              : Accept=[application/json, application/*+json]
2026-03-01T11:28:41.502+01:00 DEBUG 37964 --- [breadandbutteruser] [beatExecutor-%d] o.s.web.client.RestTemplate              : HTTP PUT http://localhost:8071/eureka/apps/BREADANDBUTTERUSER/localhost:breadandbutteruser:8899?status=UP&lastDirtyTimestamp=1772360049861
2026-03-01T11:28:41.503+01:00 DEBUG 37964 --- [breadandbutteruser] [beatExecutor-%d] o.s.web.client.RestTemplate              : Accept=[application/json, application/*+json]
2026-03-01T11:28:41.504+01:00 DEBUG 37964 --- [breadandbutteruser] [reshExecutor-%d] o.s.web.client.RestTemplate              : Response 200 OK
2026-03-01T11:28:41.504+01:00 DEBUG 37964 --- [breadandbutteruser] [reshExecutor-%d] o.s.web.client.RestTemplate              : Reading to [org.springframework.cloud.netflix.eureka.http.EurekaApplications]
2026-03-01T11:28:41.522+01:00 DEBUG 37964 --- [breadandbutteruser] [beatExecutor-%d] o.s.web.client.RestTemplate              : Response 200 OK
2026-03-01T11:29:09.101+01:00  INFO 37964 --- [breadandbutteruser] [rap-executor-%d] c.n.d.s.r.aws.ConfigClusterResolver      : Resolving eureka endpoints via configuration
2026-03-01T11:29:11.510+01:00 DEBUG 37964 --- [breadandbutteruser] [reshExecutor-%d] o.s.web.client.RestTemplate              : HTTP GET http://localhost:8071/eureka/apps/delta
2026-03-01T11:29:11.511+01:00 DEBUG 37964 --- [breadandbutteruser] [reshExecutor-%d] o.s.web.client.RestTemplate              : Accept=[application/json, application/*+json]
2026-03-01T11:29:11.525+01:00 DEBUG 37964 --- [breadandbutteruser] [beatExecutor-%d] o.s.web.client.RestTemplate              : HTTP PUT http://localhost:8071/eureka/apps/BREADANDBUTTERUSER/localhost:breadandbutteruser:8899?status=UP&lastDirtyTimestamp=1772360049861
2026-03-01T11:29:11.525+01:00 DEBUG 37964 --- [breadandbutteruser] [beatExecutor-%d] o.s.web.client.RestTemplate              : Accept=[application/json, application/*+json]
2026-03-01T11:29:11.527+01:00 DEBUG 37964 --- [breadandbutteruser] [reshExecutor-%d] o.s.web.client.RestTemplate              : Response 200 OK
2026-03-01T11:29:11.527+01:00 DEBUG 37964 --- [breadandbutteruser] [reshExecutor-%d] o.s.web.client.RestTemplate              : Reading to [org.springframework.cloud.netflix.eureka.http.EurekaApplications]
2026-03-01T11:29:11.541+01:00 DEBUG 37964 --- [breadandbutteruser] [beatExecutor-%d] o.s.web.client.RestTemplate              : Response 200 OK
2026-03-01T11:29:14.414+01:00 DEBUG 37964 --- [breadandbutteruser] [   scheduling-1] org.hibernate.SQL                        : 
    select
        distinct ie1_0.keycloak_subject 
    from
        interaction_events ie1_0 
    where
        ie1_0.received_at>=?
Hibernate: 
    select
        distinct ie1_0.keycloak_subject 
    from
        interaction_events ie1_0 
    where
        ie1_0.received_at>=?
2026-03-01T11:29:41.538+01:00 DEBUG 37964 --- [breadandbutteruser] [reshExecutor-%d] o.s.web.client.RestTemplate              : HTTP GET http://localhost:8071/eureka/apps/delta
2026-03-01T11:29:41.539+01:00 DEBUG 37964 --- [breadandbutteruser] [reshExecutor-%d] o.s.web.client.RestTemplate              : Accept=[application/json, application/*+json]
2026-03-01T11:29:41.554+01:00 DEBUG 37964 --- [breadandbutteruser] [beatExecutor-%d] o.s.web.client.RestTemplate              : HTTP PUT http://localhost:8071/eureka/apps/BREADANDBUTTERUSER/localhost:breadandbutteruser:8899?status=UP&lastDirtyTimestamp=1772360049861
2026-03-01T11:29:41.555+01:00 DEBUG 37964 --- [breadandbutteruser] [beatExecutor-%d] o.s.web.client.RestTemplate              : Accept=[application/json, application/*+json]
2026-03-01T11:29:41.559+01:00 DEBUG 37964 --- [breadandbutteruser] [reshExecutor-%d] o.s.web.client.RestTemplate              : Response 200 OK
2026-03-01T11:29:41.560+01:00 DEBUG 37964 --- [breadandbutteruser] [reshExecutor-%d] o.s.web.client.RestTemplate              : Reading to [org.springframework.cloud.netflix.eureka.http.EurekaApplications]
2026-03-01T11:29:41.575+01:00 DEBUG 37964 --- [breadandbutteruser] [beatExecutor-%d] o.s.web.client.RestTemplate              : Response 200 OK
2026-03-01T11:30:11.576+01:00 DEBUG 37964 --- [breadandbutteruser] [reshExecutor-%d] o.s.web.client.RestTemplate              : HTTP GET http://localhost:8071/eureka/apps/delta
2026-03-01T11:30:11.577+01:00 DEBUG 37964 --- [breadandbutteruser] [reshExecutor-%d] o.s.web.client.RestTemplate              : Accept=[application/json, application/*+json]
2026-03-01T11:30:11.591+01:00 DEBUG 37964 --- [breadandbutteruser] [beatExecutor-%d] o.s.web.client.RestTemplate              : HTTP PUT http://localhost:8071/eureka/apps/BREADANDBUTTERUSER/localhost:breadandbutteruser:8899?status=UP&lastDirtyTimestamp=1772360049861
2026-03-01T11:30:11.591+01:00 DEBUG 37964 --- [breadandbutteruser] [beatExecutor-%d] o.s.web.client.RestTemplate              : Accept=[application/json, application/*+json]
2026-03-01T11:30:11.593+01:00 DEBUG 37964 --- [breadandbutteruser] [reshExecutor-%d] o.s.web.client.RestTemplate              : Response 200 OK
2026-03-01T11:30:11.594+01:00 DEBUG 37964 --- [breadandbutteruser] [reshExecutor-%d] o.s.web.client.RestTemplate              : Reading to [org.springframework.cloud.netflix.eureka.http.EurekaApplications]
2026-03-01T11:30:11.608+01:00 DEBUG 37964 --- [breadandbutteruser] [beatExecutor-%d] o.s.web.client.RestTemplate              : Response 200 OK
2026-03-01T11:30:14.810+01:00 DEBUG 37964 --- [breadandbutteruser] [   scheduling-1] org.hibernate.SQL                        : 
    select
        distinct ie1_0.keycloak_subject 
    from
        interaction_events ie1_0 
    where
        ie1_0.received_at>=?
Hibernate: 
    select
        distinct ie1_0.keycloak_subject 
    from
        interaction_events ie1_0 
    where
        ie1_0.received_at>=?
2026-03-01T11:30:41.605+01:00 DEBUG 37964 --- [breadandbutteruser] [reshExecutor-%d] o.s.web.client.RestTemplate              : HTTP GET http://localhost:8071/eureka/apps/delta
2026-03-01T11:30:41.621+01:00 DEBUG 37964 --- [breadandbutteruser] [beatExecutor-%d] o.s.web.client.RestTemplate              : HTTP PUT http://localhost:8071/eureka/apps/BREADANDBUTTERUSER/localhost:breadandbutteruser:8899?status=UP&lastDirtyTimestamp=1772360049861
2026-03-01T11:30:41.976+01:00 DEBUG 37964 --- [breadandbutteruser] [reshExecutor-%d] o.s.web.client.RestTemplate              : Accept=[application/json, application/*+json]
2026-03-01T11:30:41.976+01:00 DEBUG 37964 --- [breadandbutteruser] [beatExecutor-%d] o.s.web.client.RestTemplate              : Accept=[application/json, application/*+json]
2026-03-01T11:30:41.993+01:00 DEBUG 37964 --- [breadandbutteruser] [reshExecutor-%d] o.s.web.client.RestTemplate              : Response 200 OK
2026-03-01T11:30:41.993+01:00 DEBUG 37964 --- [breadandbutteruser] [beatExecutor-%d] o.s.web.client.RestTemplate              : Response 200 OK
2026-03-01T11:30:41.994+01:00 DEBUG 37964 --- [breadandbutteruser] [reshExecutor-%d] o.s.web.client.RestTemplate              : Reading to [org.springframework.cloud.netflix.eureka.http.EurekaApplications]
2026-03-01T11:31:12.004+01:00 DEBUG 37964 --- [breadandbutteruser] [reshExecutor-%d] o.s.web.client.RestTemplate              : HTTP GET http://localhost:8071/eureka/apps/delta
2026-03-01T11:31:12.004+01:00 DEBUG 37964 --- [breadandbutteruser] [beatExecutor-%d] o.s.web.client.RestTemplate              : HTTP PUT http://localhost:8071/eureka/apps/BREADANDBUTTERUSER/localhost:breadandbutteruser:8899?status=UP&lastDirtyTimestamp=1772360049861
2026-03-01T11:31:12.005+01:00 DEBUG 37964 --- [breadandbutteruser] [reshExecutor-%d] o.s.web.client.RestTemplate              : Accept=[application/json, application/*+json]
2026-03-01T11:31:12.006+01:00 DEBUG 37964 --- [breadandbutteruser] [beatExecutor-%d] o.s.web.client.RestTemplate              : Accept=[application/json, application/*+json]
2026-03-01T11:31:12.022+01:00 DEBUG 37964 --- [breadandbutteruser] [beatExecutor-%d] o.s.web.client.RestTemplate              : Response 200 OK
2026-03-01T11:31:12.024+01:00 DEBUG 37964 --- [breadandbutteruser] [reshExecutor-%d] o.s.web.client.RestTemplate              : Response 200 OK
2026-03-01T11:31:12.024+01:00 DEBUG 37964 --- [breadandbutteruser] [reshExecutor-%d] o.s.web.client.RestTemplate              : Reading to [org.springframework.cloud.netflix.eureka.http.EurekaApplications]
2026-03-01T11:31:15.010+01:00 DEBUG 37964 --- [breadandbutteruser] [   scheduling-1] org.hibernate.SQL                        : 
    select
        distinct ie1_0.keycloak_subject 
    from
        interaction_events ie1_0 
    where
        ie1_0.received_at>=?
Hibernate: 
    select
        distinct ie1_0.keycloak_subject 
    from
        interaction_events ie1_0 
    where
        ie1_0.received_at>=?
2026-03-01T11:31:42.032+01:00 DEBUG 37964 --- [breadandbutteruser] [reshExecutor-%d] o.s.web.client.RestTemplate              : HTTP GET http://localhost:8071/eureka/apps/delta
2026-03-01T11:31:42.038+01:00 DEBUG 37964 --- [breadandbutteruser] [beatExecutor-%d] o.s.web.client.RestTemplate              : HTTP PUT http://localhost:8071/eureka/apps/BREADANDBUTTERUSER/localhost:breadandbutteruser:8899?status=UP&lastDirtyTimestamp=1772360049861
2026-03-01T11:31:42.269+01:00 DEBUG 37964 --- [breadandbutteruser] [reshExecutor-%d] o.s.web.client.RestTemplate              : Accept=[application/json, application/*+json]
2026-03-01T11:31:42.276+01:00 DEBUG 37964 --- [breadandbutteruser] [beatExecutor-%d] o.s.web.client.RestTemplate              : Accept=[application/json, application/*+json]
2026-03-01T11:31:42.282+01:00 DEBUG 37964 --- [breadandbutteruser] [reshExecutor-%d] o.s.web.client.RestTemplate              : Response 200 OK
2026-03-01T11:31:42.283+01:00 DEBUG 37964 --- [breadandbutteruser] [reshExecutor-%d] o.s.web.client.RestTemplate              : Reading to [org.springframework.cloud.netflix.eureka.http.EurekaApplications]
2026-03-01T11:31:42.284+01:00 DEBUG 37964 --- [breadandbutteruser] [beatExecutor-%d] o.s.web.client.RestTemplate              : Response 200 OK
2026-03-01T11:32:12.286+01:00 DEBUG 37964 --- [breadandbutteruser] [reshExecutor-%d] o.s.web.client.RestTemplate              : HTTP GET http://localhost:8071/eureka/apps/delta
2026-03-01T11:32:12.286+01:00 DEBUG 37964 --- [breadandbutteruser] [beatExecutor-%d] o.s.web.client.RestTemplate              : HTTP PUT http://localhost:8071/eureka/apps/BREADANDBUTTERUSER/localhost:breadandbutteruser:8899?status=UP&lastDirtyTimestamp=1772360049861
2026-03-01T11:32:12.322+01:00 DEBUG 37964 --- [breadandbutteruser] [reshExecutor-%d] o.s.web.client.RestTemplate              : Accept=[application/json, application/*+json]
2026-03-01T11:32:12.323+01:00 DEBUG 37964 --- [breadandbutteruser] [beatExecutor-%d] o.s.web.client.RestTemplate              : Accept=[application/json, application/*+json]
2026-03-01T11:32:12.344+01:00 DEBUG 37964 --- [breadandbutteruser] [beatExecutor-%d] o.s.web.client.RestTemplate              : Response 200 OK
2026-03-01T11:32:12.357+01:00 DEBUG 37964 --- [breadandbutteruser] [reshExecutor-%d] o.s.web.client.RestTemplate              : Response 200 OK
2026-03-01T11:32:12.358+01:00 DEBUG 37964 --- [breadandbutteruser] [reshExecutor-%d] o.s.web.client.RestTemplate              : Reading to [org.springframework.cloud.netflix.eureka.http.EurekaApplications]
2026-03-01T11:32:15.062+01:00 DEBUG 37964 --- [breadandbutteruser] [   scheduling-1] org.hibernate.SQL                        : 
    select
        distinct ie1_0.keycloak_subject 
    from
        interaction_events ie1_0 
    where
        ie1_0.received_at>=?
Hibernate: 
    select
        distinct ie1_0.keycloak_subject 
    from
        interaction_events ie1_0 
    where
        ie1_0.received_at>=?
2026-03-01T11:32:42.359+01:00 DEBUG 37964 --- [breadandbutteruser] [beatExecutor-%d] o.s.web.client.RestTemplate              : HTTP PUT http://localhost:8071/eureka/apps/BREADANDBUTTERUSER/localhost:breadandbutteruser:8899?status=UP&lastDirtyTimestamp=1772360049861
2026-03-01T11:32:42.375+01:00 DEBUG 37964 --- [breadandbutteruser] [reshExecutor-%d] o.s.web.client.RestTemplate              : HTTP GET http://localhost:8071/eureka/apps/delta
2026-03-01T11:32:42.380+01:00 DEBUG 37964 --- [breadandbutteruser] [beatExecutor-%d] o.s.web.client.RestTemplate              : Accept=[application/json, application/*+json]
2026-03-01T11:32:42.381+01:00 DEBUG 37964 --- [breadandbutteruser] [reshExecutor-%d] o.s.web.client.RestTemplate              : Accept=[application/json, application/*+json]
2026-03-01T11:32:42.392+01:00 DEBUG 37964 --- [breadandbutteruser] [beatExecutor-%d] o.s.web.client.RestTemplate              : Response 200 OK
2026-03-01T11:32:42.394+01:00 DEBUG 37964 --- [breadandbutteruser] [reshExecutor-%d] o.s.web.client.RestTemplate              : Response 200 OK
2026-03-01T11:32:42.394+01:00 DEBUG 37964 --- [breadandbutteruser] [reshExecutor-%d] o.s.web.client.RestTemplate              : Reading to [org.springframework.cloud.netflix.eureka.http.EurekaApplications]
2026-03-01T11:33:12.395+01:00 DEBUG 37964 --- [breadandbutteruser] [beatExecutor-%d] o.s.web.client.RestTemplate              : HTTP PUT http://localhost:8071/eureka/apps/BREADANDBUTTERUSER/localhost:breadandbutteruser:8899?status=UP&lastDirtyTimestamp=1772360049861
2026-03-01T11:33:12.410+01:00 DEBUG 37964 --- [breadandbutteruser] [reshExecutor-%d] o.s.web.client.RestTemplate              : HTTP GET http://localhost:8071/eureka/apps/delta
2026-03-01T11:33:12.432+01:00 DEBUG 37964 --- [breadandbutteruser] [beatExecutor-%d] o.s.web.client.RestTemplate              : Accept=[application/json, application/*+json]
2026-03-01T11:33:12.433+01:00 DEBUG 37964 --- [breadandbutteruser] [reshExecutor-%d] o.s.web.client.RestTemplate              : Accept=[application/json, application/*+json]
2026-03-01T11:33:12.450+01:00 DEBUG 37964 --- [breadandbutteruser] [reshExecutor-%d] o.s.web.client.RestTemplate              : Response 200 OK
2026-03-01T11:33:12.451+01:00 DEBUG 37964 --- [breadandbutteruser] [reshExecutor-%d] o.s.web.client.RestTemplate              : Reading to [org.springframework.cloud.netflix.eureka.http.EurekaApplications]
2026-03-01T11:33:12.459+01:00 DEBUG 37964 --- [breadandbutteruser] [beatExecutor-%d] o.s.web.client.RestTemplate              : Response 200 OK
2026-03-01T11:33:15.078+01:00 DEBUG 37964 --- [breadandbutteruser] [   scheduling-1] org.hibernate.SQL                        : 
    select
        distinct ie1_0.keycloak_subject 
    from
        interaction_events ie1_0 
    where
        ie1_0.received_at>=?
Hibernate: 
    select
        distinct ie1_0.keycloak_subject 
    from
        interaction_events ie1_0 
    where
        ie1_0.received_at>=?
2026-03-01T11:33:42.461+01:00 DEBUG 37964 --- [breadandbutteruser] [reshExecutor-%d] o.s.web.client.RestTemplate              : HTTP GET http://localhost:8071/eureka/apps/delta
2026-03-01T11:33:42.461+01:00 DEBUG 37964 --- [breadandbutteruser] [beatExecutor-%d] o.s.web.client.RestTemplate              : HTTP PUT http://localhost:8071/eureka/apps/BREADANDBUTTERUSER/localhost:breadandbutteruser:8899?status=UP&lastDirtyTimestamp=1772360049861
2026-03-01T11:33:42.498+01:00 DEBUG 37964 --- [breadandbutteruser] [reshExecutor-%d] o.s.web.client.RestTemplate              : Accept=[application/json, application/*+json]
2026-03-01T11:33:42.499+01:00 DEBUG 37964 --- [breadandbutteruser] [beatExecutor-%d] o.s.web.client.RestTemplate              : Accept=[application/json, application/*+json]
2026-03-01T11:33:42.516+01:00 DEBUG 37964 --- [breadandbutteruser] [reshExecutor-%d] o.s.web.client.RestTemplate              : Response 200 OK
2026-03-01T11:33:42.516+01:00 DEBUG 37964 --- [breadandbutteruser] [beatExecutor-%d] o.s.web.client.RestTemplate              : Response 200 OK
2026-03-01T11:33:42.517+01:00 DEBUG 37964 --- [breadandbutteruser] [reshExecutor-%d] o.s.web.client.RestTemplate              : Reading to [org.springframework.cloud.netflix.eureka.http.EurekaApplications]
2026-03-01T11:34:09.284+01:00  INFO 37964 --- [breadandbutteruser] [rap-executor-%d] c.n.d.s.r.aws.ConfigClusterResolver      : Resolving eureka endpoints via configuration
2026-03-01T11:34:12.518+01:00 DEBUG 37964 --- [breadandbutteruser] [beatExecutor-%d] o.s.web.client.RestTemplate              : HTTP PUT http://localhost:8071/eureka/apps/BREADANDBUTTERUSER/localhost:breadandbutteruser:8899?status=UP&lastDirtyTimestamp=1772360049861
2026-03-01T11:34:12.534+01:00 DEBUG 37964 --- [breadandbutteruser] [reshExecutor-%d] o.s.web.client.RestTemplate              : HTTP GET http://localhost:8071/eureka/apps/delta
2026-03-01T11:34:12.555+01:00 DEBUG 37964 --- [breadandbutteruser] [beatExecutor-%d] o.s.web.client.RestTemplate              : Accept=[application/json, application/*+json]
2026-03-01T11:34:12.555+01:00 DEBUG 37964 --- [breadandbutteruser] [reshExecutor-%d] o.s.web.client.RestTemplate              : Accept=[application/json, application/*+json]
2026-03-01T11:34:12.567+01:00 DEBUG 37964 --- [breadandbutteruser] [beatExecutor-%d] o.s.web.client.RestTemplate              : Response 200 OK
2026-03-01T11:34:12.569+01:00 DEBUG 37964 --- [breadandbutteruser] [reshExecutor-%d] o.s.web.client.RestTemplate              : Response 200 OK
2026-03-01T11:34:12.570+01:00 DEBUG 37964 --- [breadandbutteruser] [reshExecutor-%d] o.s.web.client.RestTemplate              : Reading to [org.springframework.cloud.netflix.eureka.http.EurekaApplications]
2026-03-01T11:34:15.135+01:00 DEBUG 37964 --- [breadandbutteruser] [   scheduling-1] org.hibernate.SQL                        : 
    select
        distinct ie1_0.keycloak_subject 
    from
        interaction_events ie1_0 
    where
        ie1_0.received_at>=?
Hibernate: 
    select
        distinct ie1_0.keycloak_subject 
    from
        interaction_events ie1_0 
    where
        ie1_0.received_at>=?
2026-03-01T11:34:42.585+01:00 DEBUG 37964 --- [breadandbutteruser] [reshExecutor-%d] o.s.web.client.RestTemplate              : HTTP GET http://localhost:8071/eureka/apps/delta
2026-03-01T11:34:42.585+01:00 DEBUG 37964 --- [breadandbutteruser] [beatExecutor-%d] o.s.web.client.RestTemplate              : HTTP PUT http://localhost:8071/eureka/apps/BREADANDBUTTERUSER/localhost:breadandbutteruser:8899?status=UP&lastDirtyTimestamp=1772360049861
2026-03-01T11:34:42.621+01:00 DEBUG 37964 --- [breadandbutteruser] [beatExecutor-%d] o.s.web.client.RestTemplate              : Accept=[application/json, application/*+json]
2026-03-01T11:34:42.621+01:00 DEBUG 37964 --- [breadandbutteruser] [reshExecutor-%d] o.s.web.client.RestTemplate              : Accept=[application/json, application/*+json]
2026-03-01T11:34:42.634+01:00 DEBUG 37964 --- [breadandbutteruser] [reshExecutor-%d] o.s.web.client.RestTemplate              : Response 200 OK
2026-03-01T11:34:42.634+01:00 DEBUG 37964 --- [breadandbutteruser] [beatExecutor-%d] o.s.web.client.RestTemplate              : Response 200 OK
2026-03-01T11:34:42.635+01:00 DEBUG 37964 --- [breadandbutteruser] [reshExecutor-%d] o.s.web.client.RestTemplate              : Reading to [org.springframework.cloud.netflix.eureka.http.EurekaApplications]
