[www.ciklum.com/index.html]
[backblue.gif]
[fade.gif]
[index.html]
[cdnjs.cloudflare.com/ajax/libs/Swiper/11.0.5/swiper-bundle.css]
[cdnjs.cloudflare.com/ajax/libs/magnific-popup.js/1.2.0/magnific-popup.css]
[unpkg.com/lenis@1.3.11/dist/lenis.css]
[www.ciklum.com/wp-content/themes/ciklum/assets/css/main.css]
[www.ciklum.com/wp-includes/js/jquery/jquery.min.js]
[www.ciklum.com/wp-includes/js/jquery/jquery-migrate.min.js]
[www.ciklum.com/wp-content/plugins/if-so/public/js/if-so-public.js]
[www.ciklum.com/wp-content/uploads/2025/10/fav.png]
[www.ciklum.com/wp-content/uploads/2025/10/logo.svg]
[www.ciklum.com/wp-content/uploads/2025/10/fi_8599789.png]
[www.ciklum.com/wp-content/uploads/2025/10/fi_6119491-2.png]
[www.ciklum.com/wp-content/uploads/2025/10/service-icon-3.png]
[www.ciklum.com/wp-content/uploads/2025/10/service-icon-4.png]
[www.ciklum.com/wp-content/uploads/2025/10/service-icon-5.png]
[www.ciklum.com/services/product-engineering-services/index.html]
[www.ciklum.com/wp-content/uploads/2025/10/fi_6582502.png]
[www.ciklum.com/wp-content/uploads/2025/10/eng-icon-1-1.png]
[www.ciklum.com/wp-content/uploads/2025/10/eng-icon-2-1.png]
[www.ciklum.com/services/experience-services/index.html]
[www.ciklum.com/wp-content/uploads/2025/10/eng-icon-3-1.png]
[www.ciklum.com/wp-content/uploads/2025/10/eng-icon-4-1.png]
[www.ciklum.com/wp-content/uploads/2025/10/eng-icon-5-2.png]
[www.ciklum.com/wp-content/uploads/2025/10/ent.png]
[www.ciklum.com/services/agentic-automation-services/index.html]
[www.ciklum.com/wp-content/uploads/2025/10/fi_7253691.png]
[www.ciklum.com/wp-content/uploads/2025/10/fi_8057761.png]
[www.ciklum.com/wp-content/uploads/2025/10/exp-icon-3-1.png]
[www.ciklum.com/wp-content/uploads/2025/10/exp-icon-4-1.png]
[www.ciklum.com/services/cloud-platforms/index.html]
[www.ciklum.com/wp-content/uploads/2025/10/prod-mgmt.png]
[www.ciklum.com/wp-content/uploads/2025/10/exp-icon-2-1.png]
[www.ciklum.com/wp-content/uploads/2025/10/fi_4429516.png]
[www.ciklum.com/wp-content/uploads/2025/10/fi_4729618.png]
[www.ciklum.com/wp-content/uploads/2025/10/fi_6771715-1.png]
[www.ciklum.com/services/data-analytics/index.html]
[www.ciklum.com/wp-content/uploads/2025/10/fi_9126189-1.png]
[www.ciklum.com/wp-content/uploads/2025/10/XMLID_786_.png]
[www.ciklum.com/services/ai-enabled-engineering/index.html]
[www.ciklum.com/wp-content/uploads/2025/10/fi_9251990.png]
[www.ciklum.com/wp-content/uploads/2025/10/fi_5157311-2.png]
[www.ciklum.com/wp-content/uploads/2025/10/fi_10472747-4.png]
[www.ciklum.com/wp-content/uploads/2025/10/fi_7486594.png]
[www.ciklum.com/wp-content/uploads/2025/10/fi_6581908-1.png]
[www.ciklum.com/services/solution-discovery/index.html]
[www.ciklum.com/wp-content/uploads/2025/10/fi_10433935.png]
[www.ciklum.com/wp-content/uploads/2025/10/fi_7863402.png]
[www.ciklum.com/wp-content/uploads/2025/10/fi_6582496.png]
[www.ciklum.com/wp-content/uploads/2025/10/fi_10472868-1.png]
[www.ciklum.com/services/software-architecture-services/index.html]
[www.ciklum.com/wp-content/uploads/2025/10/fi_4183351.png]
[www.ciklum.com/wp-content/uploads/2025/10/bigdata.png]
[www.ciklum.com/wp-content/uploads/2025/10/fi_7009962-1.png]
[www.ciklum.com/services/scaled-agile-delivery/index.html]
[www.ciklum.com/wp-content/uploads/2025/10/fi_8093780-1.png]
[www.ciklum.com/wp-content/uploads/2025/10/fi_5154056-1.png]
[www.ciklum.com/wp-content/uploads/2025/10/ind-icon-1.png]
[www.ciklum.com/wp-content/uploads/2025/10/ind-icon-2.png]
[www.ciklum.com/wp-content/uploads/2025/10/Group-1.png]
[www.ciklum.com/services/digital-assurance-services/index.html]
[www.ciklum.com/wp-content/uploads/2025/10/ind-icon-4.png]
[www.ciklum.com/wp-content/uploads/2025/10/auto.png]
[www.ciklum.com/wp-content/uploads/2025/10/ind-icon-5.png]
[www.ciklum.com/wp-content/themes/ciklum/assets/video/neon-glow.mp4]
[www.ciklum.com/services/runops/index.html]
[www.ciklum.com/wp-content/themes/ciklum/assets/img/ciklum-white-big.png]
[www.ciklum.com/services/ai-assisted-legacy-refactor/index.html]
[www.ciklum.com/wp-content/uploads/2025/10/santander.png]
[www.ciklum.com/services/enterprise-ready-ai-by-ciklum/index.html]
[www.ciklum.com/wp-content/uploads/2025/10/TUI_Group.png]
[www.ciklum.com/services/ux-services/index.html]
[www.ciklum.com/wp-content/uploads/2025/10/pg.png]
[www.ciklum.com/wp-content/uploads/2025/10/Panasonic.png]
[www.ciklum.com/wp-content/uploads/2025/10/akamai-Logo.png]
[www.ciklum.com/wp-content/uploads/2025/10/Canaery.png]
[www.ciklum.com/wp-content/uploads/2025/10/CreatePay_Logo_CMYK_Black-scaled-1.png]
[www.ciklum.com/services/ux-ui-services/index.html]
[www.ciklum.com/wp-content/uploads/2025/10/Duracell.png]
[www.ciklum.com/wp-content/uploads/2025/10/etoro-scaled.png]
[www.ciklum.com/wp-content/uploads/2025/10/Inspired-Education.png]
[www.ciklum.com/wp-content/uploads/2025/10/JLL.png]
[www.ciklum.com/services/product-discovery/index.html]
[www.ciklum.com/wp-content/uploads/2025/10/just-eat.png]
[www.ciklum.com/services/product-management/index.html]
[www.ciklum.com/wp-content/uploads/2025/10/Peek-Cloppenburg-scaled.png]
[www.ciklum.com/services/ai-incubator/index.html]
[www.ciklum.com/wp-content/uploads/2025/10/Saab.png]
[www.ciklum.com/wp-content/uploads/2025/10/Stena.png]
[www.ciklum.com/services/conversational-ai/index.html]
[www.ciklum.com/wp-content/uploads/2025/10/f-icon-1-1.svg]
[www.ciklum.com/wp-content/uploads/2025/10/f-icon-2.svg]
[www.ciklum.com/wp-content/uploads/2025/10/f-icon-3.svg]
[www.ciklum.com/services/ai-strategy-enablement-coe/index.html]
[www.ciklum.com/wp-content/themes/ciklum/assets/lottie/illus-1.json]
[www.ciklum.com/wp-content/themes/ciklum/assets/lottie/illus-2.json]
[www.ciklum.com/wp-content/themes/ciklum/assets/lottie/illus-3.json]
[www.ciklum.com/services/generative-ai-and-decision-science/index.html]
[www.ciklum.com/wp-content/uploads/2025/10/industry-bfsi.mp4]
[www.ciklum.com/wp-content/uploads/2025/10/industry-retail.mp4]
[www.ciklum.com/wp-content/themes/ciklum/assets/lottie/illus-4.json]
[www.ciklum.com/wp-content/uploads/2025/10/industry-health.mp4]
[www.ciklum.com/wp-content/uploads/2025/10/industry-hitech.mp4]
[www.ciklum.com/wp-content/uploads/2025/10/industry-automotive.mp4]
[www.ciklum.com/services/process-transformation-automation/index.html]
[www.ciklum.com/wp-content/uploads/2025/10/industry-travel.mp4]
[www.ciklum.com/wp-content/uploads/2025/10/eng-1.svg]
[www.ciklum.com/services/low-code-applications-services/index.html]
[www.ciklum.com/services/ai-agents-autonomous-orchestration/index.html]
[www.ciklum.com/wp-content/uploads/2025/10/eng-2.svg]
[www.ciklum.com/services/cloud-services/index.html]
[www.ciklum.com/wp-content/uploads/2025/10/eng-3.svg]
[www.ciklum.com/wp-content/uploads/2025/10/Group-2085664968-1.png]
[www.ciklum.com/wp-content/uploads/2025/10/Group-2085664967-1.png]
[www.ciklum.com/wp-content/uploads/2025/10/alpha.png]
[www.ciklum.com/wp-content/uploads/2025/10/betsson.png]
[www.ciklum.com/services/devops/index.html]
[www.ciklum.com/wp-content/uploads/2025/10/doxy-me.png]
[www.ciklum.com/wp-content/uploads/2025/10/Bytes.png]
[www.ciklum.com/wp-content/uploads/2025/10/Stenaline-.png]
[www.ciklum.com/wp-content/uploads/2025/10/TUI.png]
[www.ciklum.com/services/edge-tech-services/index.html]
[www.ciklum.com/wp-content/uploads/2025/10/partner-11.png]
[www.ciklum.com/wp-content/uploads/2025/10/partner-12.png]
[www.ciklum.com/wp-content/uploads/2025/10/partner-13.png]
[www.ciklum.com/wp-content/uploads/2025/10/partner-14.png]
[www.ciklum.com/wp-content/uploads/2025/10/partner-15.png]
[www.ciklum.com/services/iot-embedded/index.html]
[www.ciklum.com/wp-content/uploads/2025/10/partner-16.png]
[www.ciklum.com/wp-content/uploads/2025/10/partner-17.png]
[www.ciklum.com/wp-content/uploads/2025/10/partner-18.png]
[www.ciklum.com/wp-content/uploads/2025/10/partner-19.png]
[www.ciklum.com/services/media-content-creation/index.html]
[www.ciklum.com/wp-content/uploads/2025/10/boostai-1-scaled.png]
[www.ciklum.com/wp-content/uploads/2025/10/career-img.webp]
[www.ciklum.com/wp-content/uploads/2025/08/The-Data-Driven-Edge_BannerOpt2.png]
[www.ciklum.com/wp-content/uploads/2025/08/Achieve-Faster-Product-Cycles-in-Retail-with-AI-Driven-Engineering_BannerOpt2.png]
[www.ciklum.com/services/xr-ar-mr-vr/index.html]
[www.ciklum.com/wp-content/uploads/2025/08/How-AI-Agents-Are-Rewiring-Corporate-DNA-in-Healthcare_BannerOpt1-1.png]
[www.ciklum.com/wp-content/uploads/2026/01/Legacy-Modernization-Architecture-AI-Cloud-ROI-Roadmaps.jpg]
[www.ciklum.com/services/gaming-simulation/index.html]
[www.ciklum.com/wp-content/uploads/2025/10/neon-glow.mp4]
[www.ciklum.com/services/cloud-transformation-optimization/index.html]
[www.ciklum.com/wp-content/uploads/2025/10/footer-logo-1.svg]
[www.ciklum.com/wp-content/uploads/2025/11/linkedin.svg]
[www.ciklum.com/services/modern-data-tech/index.html]
[www.ciklum.com/services/business-intelligence/index.html]
[www.ciklum.com/wp-content/uploads/2025/11/insta.svg]
[www.ciklum.com/wp-content/uploads/2025/11/yt.svg]
[js-eu1.hs-scripts.com/24948776.js]
[www.ciklum.com/services/data-ai-services/index.html]
[www.ciklum.com/services/big-data-platforms/index.html]
[www.ciklum.com/services/responsible-ai-services/index.html]
[cdn-cookieyes.com/client_data/bce67041042e889aa548e8bb/script.js]
[www.ciklum.com/industries/bfsi/index.html]
[www.ciklum.com/services/aiops-services/index.html]
[code.jquery.com/jquery-3.6.0.min.js]
[www.ciklum.com/industries/retail-consumer-industry/index.html]
[unpkg.com/lenis@1.1.4/dist/lenis.min.js]
[www.ciklum.com/industries/automotive-manufacturing/index.html]
[www.ciklum.com/industries/hi-tech/index.html]
[www.ciklum.com/industries/healthcare/index.html]
[cdnjs.cloudflare.com/ajax/libs/Swiper/11.0.5/swiper-bundle.min.js]
[www.ciklum.com/blogs/index.html]
[www.ciklum.com/industries/travel-hospitality/index.html]
[www.ciklum.com/case-studies/index.html]
[cdnjs.cloudflare.com/ajax/libs/gsap/3.13.0/gsap.min.js]
[cdnjs.cloudflare.com/ajax/libs/gsap/3.13.0/ScrollTrigger.min.js]
[cdnjs.cloudflare.com/ajax/libs/gsap/3.13.0/SplitText.min.js]
[www.ciklum.com/press-centre/index.html]
[cdnjs.cloudflare.com/ajax/libs/bodymovin/5.13.0/lottie.min.js]
[cdnjs.cloudflare.com/ajax/libs/magnific-popup.js/1.2.0/jquery.magnific-popup.js]
[www.ciklum.com/wp-content/themes/ciklum/assets/js/megamenu.js]
[www.ciklum.com/videos/index.html]
[www.ciklum.com/wp-content/themes/ciklum/assets/js/common.js]
[www.ciklum.com/wp-content/themes/ciklum/assets/js/home.js]
[www.ciklum.com/index.html]
[www.googletagmanager.com/gtm5445.html]
[www.ciklum.com/wp-content/themes/ciklum/js/navigation.js]
[cdnjs.cloudflare.com/ajax/libs/Swiper/11.0.5/swiper-bundle.css]
[www.ciklum.com/ebooks/index.html]
[www.ciklum.com/about-ciklum/index.html]
[cdnjs.cloudflare.com/ajax/libs/magnific-popup.js/1.2.0/magnific-popup.css]
[www.ciklum.com/contact/index.html]
[unpkg.com/lenis@1.3.11/dist/lenis.css]
[www.ciklum.com/wp-content/themes/ciklum/assets/fonts/Aileron-Heavy.woff2]
[www.ciklum.com/wp-content/themes/ciklum/assets/fonts/Aileron-Heavy.woff]
[www.ciklum.com/wp-content/themes/ciklum/assets/fonts/Aileron-Black.woff2]
[www.ciklum.com/wp-content/themes/ciklum/assets/fonts/Aileron-Black.woff]
[www.ciklum.com/wp-content/themes/ciklum/assets/fonts/Aileron-Bold.woff2]
[www.ciklum.com/wp-content/themes/ciklum/assets/fonts/Aileron-Bold.woff]
[www.ciklum.com/wp-content/themes/ciklum/assets/fonts/Aileron-SemiBold.woff2]
[www.ciklum.com/wp-content/themes/ciklum/assets/fonts/Aileron-SemiBold.woff]
[www.ciklum.com/wp-content/themes/ciklum/assets/fonts/Aileron-Regular.woff2]
[www.ciklum.com/wp-content/themes/ciklum/assets/fonts/Aileron-Regular.woff]
[www.ciklum.com/wp-content/themes/ciklum/assets/fonts/Aileron-Light.woff2]
[www.ciklum.com/wp-content/themes/ciklum/assets/fonts/Aileron-Light.woff]
[www.ciklum.com/wp-content/themes/ciklum/assets/fonts/Aileron-Thin.woff2]
[www.ciklum.com/wp-content/themes/ciklum/assets/fonts/Aileron-Thin.woff]
[www.ciklum.com/wp-content/themes/ciklum/assets/fonts/Aileron-UltraLight.woff2]
[www.ciklum.com/wp-content/themes/ciklum/assets/fonts/Aileron-UltraLight.woff]
[www.ciklum.com/wp-content/themes/ciklum/assets/fonts/icomoond4f2.eot]
[www.ciklum.com/wp-content/themes/ciklum/assets/fonts/icomoond4f2.ttf]
[www.ciklum.com/wp-content/themes/ciklum/assets/fonts/icomoond4f2.woff]
[www.ciklum.com/wp-content/themes/ciklum/assets/fonts/icomoond4f2.svg]
[www.ciklum.com/wp-content/themes/ciklum/assets/img/play-btn.png]
[www.ciklum.com/services/index.html]
[www.ciklum.com/wp-content/themes/ciklum/assets/img/industry-acc-bg.png]
[www.ciklum.com/wp-content/themes/ciklum/assets/img/acc-icon.svg]
[www.ciklum.com/wp-content/themes/ciklum/assets/css/main.css]
[www.ciklum.com/wp-admin/admin-ajax.html]
[www.ciklum.com/wp-content/uploads/2025/10/logo.svg]
[www.ciklum.com/case-studies/transforming-the-mortgage-transfer-process-for-santander/index.html]
[www.ciklum.com/case-studies/just-eat/index.html]
[www.ciklum.com/case-studies/seeking-alpha/index.html]
[www.ciklum.com/case-studies/betsson/index.html]
[www.ciklum.com/wp-content/uploads/2025/10/Product-Engineering-Services.mp4]
[www.ciklum.com/case-studies/doxy-me/index.html]
[www.ciklum.com/wp-content/uploads/2025/10/fi_4010510.png]
[www.ciklum.com/wp-content/uploads/2025/10/fi_6215937.png]
[www.ciklum.com/case-studies/redefining-b2b-commerce/index.html]
[www.ciklum.com/wp-content/uploads/2025/10/fi_7425414.png]
[www.ciklum.com/wp-content/uploads/2025/10/fi_8110827.png]
[www.ciklum.com/wp-content/uploads/2025/10/fi_8057752.png]
[www.ciklum.com/case-studies/ai-driven-fleet-optimization/index.html]
[www.ciklum.com/wp-content/uploads/2025/10/fi_5137551.png]
[www.ciklum.com/wp-content/uploads/2025/10/product-1.png]
[www.ciklum.com/wp-content/uploads/2025/10/product-5.png]
[www.ciklum.com/wp-content/uploads/2025/10/cloudplat-3.png]
[www.ciklum.com/wp-content/uploads/2025/10/product-2-n.png]
[www.ciklum.com/case-studies/tui-group/index.html]
[www.ciklum.com/wp-content/uploads/2025/10/product-4.png]
[www.ciklum.com/wp-content/uploads/2025/10/discovery_and_conceptualization-1.webp]
[www.ciklum.com/wp-content/uploads/2025/10/Operational-Capability.webp]
[www.ciklum.com/blog/ai-powered-insights-in-retail-enabling-smarter-faster-decision-making/index.html]
[www.ciklum.com/wp-content/uploads/2025/10/Training-Tuning-Validation.webp]
[www.ciklum.com/wp-content/uploads/2025/10/cloud_ia_and_security_integration-1.webp]
[www.ciklum.com/wp-content/uploads/2025/10/predictive_delivery-1.webp]
[www.ciklum.com/wp-content/uploads/2025/10/Legal-Regulatory-Compliance.webp]
[www.ciklum.com/wp-content/uploads/2025/10/fi_10472747-3.png]
[www.ciklum.com/blog/achieve-faster-product-cycles-in-retail-with-ai-driven-engineering/index.html]
[www.ciklum.com/wp-content/uploads/2025/10/aiiii.png]
[www.ciklum.com/wp-content/uploads/2025/10/fi_9332497.png]
[www.ciklum.com/wp-content/uploads/2025/10/fi_11482441.png]
[www.ciklum.com/wp-content/uploads/2025/09/sanatander-new-card-image-1.png]
[www.ciklum.com/wp-content/uploads/2025/09/Salling-group-new_card-image.png]
[www.ciklum.com/blog/how-ai-agents-are-rewiring-corporate-dna-in-healthcare/index.html]
[www.ciklum.com/wp-content/uploads/2025/09/Stena-line-New-Card-Image.png]
[www.ciklum.com/wp-content/uploads/2025/08/Expert-Advice-How-important-is-architecture-in-software-development-768x497.webp]
[www.ciklum.com/wp-content/uploads/2025/08/header_1-Oct-09-2024-08-54-51-5630-AM-768x523.png]
[www.ciklum.com/legacy-modernization/index.html]
[www.ciklum.com/wp-content/uploads/2025/08/header_1-Oct-10-2024-08-39-03-4786-AM-768x523.png]
[www.ciklum.com/all-resources/index.html]
[www.ciklum.com/wp-content/uploads/2025/08/header_1-11-768x523.png]
[www.ciklum.com/wp-content/themes/ciklum/assets/video/form-bg.mp4]
[www.ciklum.com/terms-of-use/index.html]
[www.ciklum.com/case-studies/salling-group/index.html]
[www.ciklum.com/blog/expert-advice-how-important-is-architecture-in-software-development/index.html]
[js-eu1.hsforms.net/forms/embed/24948776.js]
[www.ciklum.com/wp-content/themes/ciklum/assets/js/services.js]
[www.ciklum.com/wp-content/themes/ciklum/assets/js/service-listing.js]
[www.ciklum.com/services/product-engineering-services/index.html]
[www.ciklum.com/blog/6-key-challenges-in-ai-engineering-and-how-to-overcome-them/index.html]
[www.ciklum.com/wp-content/uploads/2025/10/1-Experience-Services.mp4]
[www.ciklum.com/blog/quality-assurance-in-product-development-an-essential-aspect-or-an-extra-perk/index.html]
[www.ciklum.com/wp-content/uploads/2025/10/sas3.png]
[www.ciklum.com/blog/the-role-of-product-engineering-in-supporting-business-growth/index.html]
[www.ciklum.com/wp-content/uploads/2025/10/2-Business-Intelligence1.png]
[www.ciklum.com/wp-content/uploads/2025/10/fi_6106941-1.png]
[www.ciklum.com/wp-content/uploads/2025/10/fi_8006459.png]
[www.ciklum.com/wp-content/uploads/2025/10/fi_5685435.png]
[www.ciklum.com/wp-content/uploads/2025/10/fi_5853846.png]
[www.ciklum.com/wp-content/uploads/2025/10/exp-1.png]
[www.ciklum.com/wp-content/uploads/2025/10/exp-2.png]
[www.ciklum.com/wp-content/uploads/2025/10/exp-3.png]
[www.ciklum.com/wp-content/uploads/2025/10/Discovery-Problem-Framing.webp]
[www.ciklum.com/wp-content/uploads/2025/10/experience_mapping_and_journey_design.webp]
[www.ciklum.com/wp-content/uploads/2025/10/Structured-PoC-Delivery.webp]
[www.ciklum.com/wp-content/uploads/2025/10/agile_product_development.webp]
[www.ciklum.com/wp-content/uploads/2025/10/Grow-and-Improve.webp]
[www.ciklum.com/wp-content/uploads/2025/10/fi_8601372-1.png]
[www.ciklum.com/wp-content/uploads/2025/10/fi_9126196.png]
[www.ciklum.com/wp-content/uploads/2025/10/aipowered1.png]
[www.ciklum.com/wp-content/uploads/2025/10/industry-video-2.mp4]
[www.ciklum.com/wp-content/uploads/2025/10/danny.png]
[www.ciklum.com/wp-content/uploads/2025/12/Aaron-.webp]
[www.ciklum.com/wp-content/uploads/2025/12/Ester-Svetlana-Korobochkina-.webp]
[www.ciklum.com/wp-content/uploads/2025/12/Maria-Mykhailovska-.webp]
[www.ciklum.com/wp-content/uploads/2025/09/card-image-4.webp]
[www.ciklum.com/wp-content/uploads/2025/09/Card-image-copy-2-1.webp]
[www.ciklum.com/wp-content/uploads/2025/09/card-image-3.png]
[www.ciklum.com/wp-content/uploads/2025/08/What-is-experience-design-and-why-is-it-important-768x497.webp]
[www.ciklum.com/wp-content/uploads/2025/08/What-is-Product-Discovery-4-stages-to-understanding-users-768x497.webp]
[www.ciklum.com/wp-content/uploads/2025/08/The-Importance-of-Customer-Experience-in-the-Age-of-AI-768x497.webp]
[www.ciklum.com/wp-content/uploads/2025/08/header_1-36-768x523.png]
[www.ciklum.com/services/experience-services/index.html]
[www.ciklum.com/wp-content/uploads/2025/12/agentic-video.mp4]
[www.ciklum.com/wp-content/uploads/2025/10/fi_4329393.png]
[www.ciklum.com/wp-content/uploads/2025/10/Group-9.png]
[www.ciklum.com/wp-content/uploads/2025/10/fi_10143714.png]
[www.ciklum.com/wp-content/uploads/2025/10/fi_5156848.png]
[www.ciklum.com/wp-content/uploads/2025/10/fi_6589055.png]
[www.ciklum.com/wp-content/uploads/2025/10/fi_4895522.png]
[www.ciklum.com/wp-content/uploads/2025/10/Holistic-Gen-AI-strategy-2.webp]
[www.ciklum.com/wp-content/uploads/2025/10/Keep-Costs-in-Check.webp]
[www.ciklum.com/wp-content/uploads/2025/10/Laying-MLOps-Foundations.webp]
[www.ciklum.com/wp-content/uploads/2025/10/Testing-Mock-Data-Validation.webp]
[www.ciklum.com/wp-content/uploads/2025/10/Rectangle-16112414956654.png]
[www.ciklum.com/wp-content/uploads/2025/10/Rectangle-161124149-1.png]
[www.ciklum.com/wp-content/uploads/2025/10/Rectangle-16112414913231.png]
[www.ciklum.com/wp-content/uploads/2025/10/34216216.png]
[www.ciklum.com/case-studies/monks/index.html]
[www.ciklum.com/wp-content/uploads/2025/10/finance.mp4]
[www.ciklum.com/wp-content/uploads/2025/10/supply.mp4]
[www.ciklum.com/wp-content/uploads/2025/10/hr.mp4]
[www.ciklum.com/blog/what-is-experience-design-and-why-is-it-important/index.html]
[www.ciklum.com/wp-content/uploads/2025/10/it.mp4]
[www.ciklum.com/wp-content/uploads/2025/10/contact-centre.mp4]
[www.ciklum.com/wp-content/uploads/2025/10/sales.mp4]
[www.ciklum.com/blog/what-is-product-discovery-4-stages-to-understanding-users/index.html]
[www.ciklum.com/wp-content/uploads/2025/10/hand-interacting-with-digital-gears-representing-technology-automation-scaled.jpg]
[www.ciklum.com/blog/the-importance-of-customer-experience-in-the-age-of-ai/index.html]
[www.ciklum.com/wp-content/uploads/2025/10/portfolio-sllider-img.png]
[www.ciklum.com/wp-content/uploads/2025/10/Group-194-2.png]
[www.ciklum.com/blog/why-digital-experience-design-matters-key-strategies-and-best-practices/index.html]
[www.ciklum.com/wp-content/uploads/2025/10/Group-1945.png]
[www.ciklum.com/wp-content/uploads/2025/10/Group-1946.png]
[www.ciklum.com/wp-content/uploads/2025/10/fi_6530201.png]
[www.ciklum.com/wp-content/uploads/2025/10/fi_7924785-1.png]
[www.ciklum.com/wp-content/uploads/2025/10/XMLID_405_.png]
[www.ciklum.com/wp-content/uploads/2025/10/profile.png]
[www.ciklum.com/wp-content/uploads/2025/10/newicon.png]
[www.ciklum.com/wp-content/uploads/2025/10/disrupt-1.png]
[www.ciklum.com/wp-content/uploads/2025/10/disrupt-2.png]
[www.ciklum.com/wp-content/uploads/2025/09/Betsson-new-card-image.png]
[www.ciklum.com/wp-content/uploads/2025/09/Inspira-card-image.png]
[www.ciklum.com/wp-content/uploads/2025/09/Card-image-VMWare-copy.webp]
[www.ciklum.com/case-studies/inspira/index.html]
[www.ciklum.com/wp-content/uploads/2025/10/Sarah-Topping-1.png]
[www.ciklum.com/wp-content/uploads/2025/10/Gourav-Datta-1.png]
[www.ciklum.com/case-studies/increasing-deal-velocity/index.html]
[www.ciklum.com/wp-content/uploads/2025/10/Devin-Kleu-1.png]
[www.ciklum.com/wp-content/uploads/2025/08/AI-Agents-Explained_-The-Future-of-Task-Automation-and-Productivity_BannerOpt1-768x523.png]
[www.ciklum.com/wp-content/uploads/2025/08/Header-24-768x523.png]
[www.ciklum.com/wp-content/uploads/2025/08/How-Conversational-AI-is-transforming-customer-service-768x497.webp]
[www.ciklum.com/wp-content/uploads/2025/12/Title-image-3.png]
[www.ciklum.com/services/agentic-automation-services/index.html]
[www.ciklum.com/wp-content/uploads/2025/10/4-Cloud-Platforms.mp4]
[www.ciklum.com/blog/ai-agents-explained-the-future-of-task-automation-and-productivity/index.html]
[www.ciklum.com/wp-content/uploads/2025/10/fi_5574119.png]
[www.ciklum.com/blog/into-the-future-how-agentic-ai-is-changing-the-game-in-2025/index.html]
[www.ciklum.com/wp-content/uploads/2025/10/cloudplatform02.png]
[www.ciklum.com/wp-content/uploads/2025/10/fi_7856044-2.png]
[www.ciklum.com/wp-content/uploads/2025/10/cloudplatform04.png]
[www.ciklum.com/blog/how-conversational-ai-is-transforming-customer-service/index.html]
[www.ciklum.com/wp-content/uploads/2025/10/cloudplatform05.png]
[www.ciklum.com/wp-content/uploads/2025/10/fi_10472652.png]
[www.ciklum.com/wp-content/uploads/2025/10/cloudplat-1.png]
[www.ciklum.com/blog/genai-trends-2026/index.html]
[www.ciklum.com/wp-content/uploads/2025/10/Group-1000005325.png]
[www.ciklum.com/wp-content/uploads/2025/10/Assess-and-Prioritize-Workloads.webp]
[www.ciklum.com/wp-content/uploads/2025/10/Map-Out-the-Migration-1.webp]
[www.ciklum.com/wp-content/uploads/2025/10/Shift-to-the-Cloud-1.webp]
[www.ciklum.com/wp-content/uploads/2025/10/fi_4685662.png]
[www.ciklum.com/wp-content/uploads/2025/10/fi_58308924343.png]
[www.ciklum.com/wp-content/uploads/2025/10/fi_613379544.png]
[www.ciklum.com/wp-content/uploads/2025/10/43453.png]
[www.ciklum.com/wp-content/uploads/2025/09/Card-image-copy.webp]
[www.ciklum.com/wp-content/uploads/2025/09/Authentic-Gaming-new-card-image.png]
[www.ciklum.com/wp-content/uploads/2025/09/Data-trace.png]
[www.ciklum.com/case-studies/auction-salesforce/index.html]
[www.ciklum.com/wp-content/uploads/2025/08/header_1-31-768x523.png]
[www.ciklum.com/case-studies/authentic-gaming/index.html]
[www.ciklum.com/wp-content/uploads/2025/08/The-Future-of-Embedded-Systems-Trends-and-Innovations-768x497.webp]
[www.ciklum.com/wp-content/uploads/2025/08/Understanding-DevOps-services-to-Debunk-Myths-768x497.webp]
[www.ciklum.com/case-studies/salesforce-security-optimization/index.html]
[www.ciklum.com/wp-content/uploads/2025/08/What-is-FinOps-Understanding-the-basics-of-cloud-costs-768x497.webp]
[www.ciklum.com/services/cloud-platforms/index.html]
[www.ciklum.com/blog/ar-vr-trends-and-predictions-for-2025-beyond/index.html]
[www.ciklum.com/blog/understanding-devops-services-to-debunk-myths/index.html]
[www.ciklum.com/blog/the-future-of-embedded-systems-trends-and-innovations/index.html]
[www.ciklum.com/wp-content/uploads/2025/10/Data-Analytics.mp4]
[www.ciklum.com/blog/what-is-finops-understanding-the-basics-of-cloud-costs/index.html]
[www.ciklum.com/wp-content/uploads/2025/10/fi_10433858.png]
[www.ciklum.com/wp-content/uploads/2025/10/Data-Analytics01.png]
[www.ciklum.com/wp-content/uploads/2025/10/Data-Analytics03.png]
[www.ciklum.com/wp-content/uploads/2025/10/Data-Analytics04.png]
[www.ciklum.com/wp-content/uploads/2025/10/Data-Analytics05.png]
[www.ciklum.com/wp-content/uploads/2025/10/Data-Analytics06.png]
[www.ciklum.com/wp-content/uploads/2025/10/dataan-1.png]
[www.ciklum.com/wp-content/uploads/2025/10/dataan-2.png]
[www.ciklum.com/wp-content/uploads/2025/10/dataan-3.png]
[www.ciklum.com/wp-content/uploads/2025/10/dataai-2.png]
[www.ciklum.com/wp-content/uploads/2025/10/dataan-5.png]
[www.ciklum.com/wp-content/uploads/2025/10/dataan-6.png]
[www.ciklum.com/wp-content/uploads/2025/10/Running-Data-Maturity-Assessment-Discovery-Workshops.webp]
[www.ciklum.com/wp-content/uploads/2025/10/Knowledge-Ingestion-Summarization.webp]
[www.ciklum.com/wp-content/uploads/2025/10/Integrating-with-Operational-Analytical-and-AI-Systems.webp]
[www.ciklum.com/wp-content/uploads/2025/10/Quality-First-Assurance.webp]
[www.ciklum.com/wp-content/uploads/2025/10/Upfront-Discovery-to-De-Risk-Execution.webp]
[www.ciklum.com/wp-content/uploads/2025/10/fi_8088291-1.png]
[www.ciklum.com/wp-content/uploads/2025/10/fi_5069407-1.png]
[www.ciklum.com/wp-content/uploads/2025/10/Data-Analytics004.png]
[www.ciklum.com/wp-content/uploads/2025/09/just-eat-new-card-image.png]
[www.ciklum.com/wp-content/uploads/2025/09/card-image-5.png]
[www.ciklum.com/wp-content/uploads/2025/08/The-5-key-principles-of-MLOps-for-successful-application-768x497.webp]
[www.ciklum.com/wp-content/uploads/2025/08/How-to-build-a-data-strategy-roadmap-768x497.webp]
[www.ciklum.com/case-studies/automated-etl-and-advanced-reporting-for-fintech-client/index.html]
[www.ciklum.com/wp-content/uploads/2025/08/Responsible-AI-in-Banking-and- Financial-Services_BannerOpt2pngpng-1-768x523.octet-stream]
[www.ciklum.com/wp-content/uploads/2025/08/The-Data-Driven-Edge_BannerOpt2-768x523.png]
[www.ciklum.com/services/data-analytics/index.html]
[www.ciklum.com/blog/how-to-build-a-data-strategy-roadmap/index.html]
[www.ciklum.com/blog/the-5-key-principles-of-mlops-for-successful-application/index.html]
[www.ciklum.com/blog/how-responsible-ai-is-reshaping-financial-services-technology/index.html]
[www.ciklum.com/wp-content/uploads/2025/10/AI-Enabled-Engineering.png]
[www.ciklum.com/wp-content/uploads/2025/10/fi_5154056.png]
[www.ciklum.com/wp-content/uploads/2025/10/fi_9065523.png]
[www.ciklum.com/wp-content/uploads/2025/10/fi_7435334-1.png]
[www.ciklum.com/wp-content/uploads/2025/10/fi_5156926.png]
[www.ciklum.com/wp-content/uploads/2025/10/aienable5.png]
[www.ciklum.com/wp-content/uploads/2025/10/fi_7486559.png]
[www.ciklum.com/wp-content/uploads/2025/10/Group-198.png]
[www.ciklum.com/wp-content/uploads/2025/10/about-risk.png]
[www.ciklum.com/wp-content/uploads/2025/10/Group-167.png]
[www.ciklum.com/wp-content/uploads/2025/10/Group-2085664912.png]
[www.ciklum.com/wp-content/uploads/2025/10/ai-blue-graph.png]
[www.ciklum.com/wp-content/uploads/2025/10/Custom-GPT-Retrieval-Layer-Setup.webp]
[www.ciklum.com/wp-content/uploads/2025/10/Backlog-Generation-Task-Structuring.webp]
[www.ciklum.com/wp-content/uploads/2025/10/AI-Augmented-Engineering-Implementation.webp]
[www.ciklum.com/wp-content/uploads/2025/10/Knowledge-Loop-Closure.webp]
[www.ciklum.com/wp-content/uploads/2025/10/Observability-Continuous-Feedback.webp]
[www.ciklum.com/wp-content/uploads/2025/10/fi_11482389.png]
[www.ciklum.com/wp-content/uploads/2025/10/fi_11933285.png]
[www.ciklum.com/wp-content/uploads/2025/10/ai345.png]
[www.ciklum.com/wp-content/uploads/2025/10/ai34.png]
[www.ciklum.com/wp-content/uploads/2025/09/seeking-alpha-new-card-image.png]
[www.ciklum.com/wp-content/uploads/2025/09/card-image-3-1.png]
[www.ciklum.com/wp-content/uploads/2025/12/Title-image-4-768x621.png]
[www.ciklum.com/case-studies/augmented-reality-in-academia-an-in-depth-case-study-on-educational-innovation/index.html]
[www.ciklum.com/wp-content/uploads/2025/08/Achieve-Faster-Product-Cycles-in-Retail-with-AI-Driven-Engineering_BannerOpt2-768x523.png]
[www.ciklum.com/wp-content/uploads/2025/10/Things-to-Consider-When-Hiring-a-Generative-AI-Development-Partner_BannerOpt2-1-768x523.webp]
[www.ciklum.com/services/ai-enabled-engineering/index.html]
[www.ciklum.com/blog/compounding-ai-systems/index.html]
[www.ciklum.com/wp-content/uploads/2025/10/Solution-Discovery.png]
[www.ciklum.com/wp-content/uploads/2025/10/fi_5869958.png]
[www.ciklum.com/blog/generative-ai-development-partner/index.html]
[www.ciklum.com/wp-content/uploads/2025/10/fi_7727709.png]
[www.ciklum.com/wp-content/uploads/2025/10/fi_6306156.png]
[www.ciklum.com/wp-content/uploads/2025/10/fi_5349124.png]
[www.ciklum.com/wp-content/uploads/2025/10/solution-1.png]
[www.ciklum.com/wp-content/uploads/2025/10/solution-3.png]
[www.ciklum.com/wp-content/uploads/2025/10/fi_5069407.png]
[www.ciklum.com/wp-content/uploads/2025/10/fi_7660291.png]
[www.ciklum.com/wp-content/uploads/2025/10/fi_7170495.png]
[www.ciklum.com/wp-content/uploads/2025/09/card-image-4.png]
[www.ciklum.com/wp-content/uploads/2025/09/doxy-Card-Image-copy.webp]
[www.ciklum.com/wp-content/uploads/2025/11/A-leader_s-operating-model.jpg]
[www.ciklum.com/wp-content/uploads/2025/11/Blog-Banner.png]
[www.ciklum.com/services/solution-discovery/index.html]
[www.ciklum.com/case-studies/reduction-in-errors-through-iot-for-a-consumer-goods-company/index.html]
[www.ciklum.com/blog/ai-ready-data-pipelines-growth/index.html]
[www.ciklum.com/wp-content/uploads/2025/10/Software-Architecture-Services.png]
[www.ciklum.com/blog/ai-incubator-fintech/index.html]
[www.ciklum.com/wp-content/uploads/2025/10/fi_5661521.png]
[www.ciklum.com/wp-content/uploads/2025/10/Group-1-1.png]
[www.ciklum.com/wp-content/uploads/2025/10/sas4.png]
[www.ciklum.com/wp-content/uploads/2025/10/sas5.png]
[www.ciklum.com/wp-content/uploads/2025/10/sas6.png]
[www.ciklum.com/wp-content/uploads/2025/10/Group-15.png]
[www.ciklum.com/wp-content/uploads/2025/10/Illustration.png]
[www.ciklum.com/wp-content/uploads/2025/10/Sub-Container.png]
[www.ciklum.com/wp-content/uploads/2025/10/Group-2085664896.png]
[www.ciklum.com/wp-content/uploads/2025/10/Fairness-Ethics-Morality.webp]
[www.ciklum.com/wp-content/uploads/2025/10/Defining-Model-Strategy-Prototyping.webp]
[www.ciklum.com/wp-content/uploads/2025/10/Deliver-Enable-and-Scale-1-1.webp]
[www.ciklum.com/wp-content/uploads/2025/10/Roadmap-Prioritization.webp]
[www.ciklum.com/wp-content/uploads/2025/10/Group.png]
[www.ciklum.com/wp-content/uploads/2025/10/fi_5830892.png]
[www.ciklum.com/wp-content/uploads/2025/10/fi_7425385.png]
[www.ciklum.com/wp-content/uploads/2026/01/Legacy-Modernization-Architecture-AI-Cloud-ROI-Roadmaps-768x523.jpg]
[www.ciklum.com/wp-content/uploads/2025/08/How-to-Choose-a-Software-Development-Company-in-2023-1-768x497.webp]
[www.ciklum.com/services/software-architecture-services/index.html]
[www.ciklum.com/wp-content/uploads/2025/08/Cloud-Engineering-for-HIPAA_BannerOpt2-768x523.png]
[www.ciklum.com/blog/how-to-choose-a-software-development-company-in-2025/index.html]
[www.ciklum.com/wp-content/uploads/2025/10/Scaled-Agile-Delivery.png]
[www.ciklum.com/blog/cloud-engineering-for-hipaa-secure-configuration-and-migration-strategies-for-us-healthcare-providers/index.html]
[www.ciklum.com/wp-content/uploads/2025/10/fi_7010877.png]
[www.ciklum.com/wp-content/uploads/2025/10/fi_6305664.png]
[www.ciklum.com/wp-content/uploads/2025/10/timeline.png]
[www.ciklum.com/wp-content/uploads/2025/10/fi_8523623.png]
[www.ciklum.com/wp-content/uploads/2025/10/finger.png]
[www.ciklum.com/wp-content/uploads/2025/10/low-code-1.png]
[www.ciklum.com/wp-content/uploads/2025/10/aiagent-1.png]
[www.ciklum.com/wp-content/uploads/2025/10/fi_4010475.png]
[www.ciklum.com/wp-content/uploads/2025/10/scaled02.png]
[www.ciklum.com/wp-content/uploads/2025/10/fi_5856691.png]
[www.ciklum.com/wp-content/uploads/2025/10/XMLID_1590_.png]
[www.ciklum.com/wp-content/uploads/2025/10/Breaking-Free-From-Pilot-Purgatory_-How-Conversational-AI-Drives-Enterprise-Success-768x523.png]
[www.ciklum.com/services/scaled-agile-delivery/index.html]
[www.ciklum.com/wp-content/uploads/2025/10/Digital-Assurance-Services.png]
[www.ciklum.com/blog/conversational-ai-scale/index.html]
[www.ciklum.com/wp-content/uploads/2025/10/ai-driven.png]
[www.ciklum.com/wp-content/uploads/2025/10/das4.png]
[www.ciklum.com/wp-content/uploads/2025/10/fi_10472747.png]
[www.ciklum.com/wp-content/uploads/2025/10/Group-2085664900.png]
[www.ciklum.com/wp-content/uploads/2025/10/digital-3.png]
[www.ciklum.com/wp-content/uploads/2025/10/Data-Assessment-Architecture-Planning.webp]
[www.ciklum.com/wp-content/uploads/2025/11/Blog-Banner-1.png]
[www.ciklum.com/wp-content/uploads/2025/08/Building-Trustworthy-and-Scalable-AI-Models-for-US-FinTech-Compliance_BannerOpt3-768x523.png]
[www.ciklum.com/services/digital-assurance-services/index.html]
[www.ciklum.com/blog/ai-validation-financial-services/index.html]
[www.ciklum.com/wp-content/uploads/2025/10/freepik__a-highcontrast-studio-photograph-of-a-dark-silhoue__61933-1-1.png]
[www.ciklum.com/blog/building-trustworthy-and-scalable-ai-models-for-us-fintech-compliance/index.html]
[www.ciklum.com/wp-content/uploads/2025/10/fi_7856044.png]
[www.ciklum.com/wp-content/uploads/2025/10/fi_7009973-2.png]
[www.ciklum.com/wp-content/uploads/2025/10/fi_8089594.png]
[www.ciklum.com/wp-content/uploads/2025/10/fi_5138699.png]
[www.ciklum.com/wp-content/uploads/2025/10/fi_10472682.png]
[www.ciklum.com/wp-content/uploads/2025/10/fi_12431071.png]
[www.ciklum.com/wp-content/uploads/2025/10/runops-2.png]
[www.ciklum.com/wp-content/uploads/2025/10/mlops-4.png]
[www.ciklum.com/wp-content/uploads/2025/10/responsible-5.png]
[www.ciklum.com/wp-content/uploads/2025/10/discovery_and_conceptualization.webp]
[www.ciklum.com/wp-content/uploads/2025/10/cloud_ia_and_security_integration.webp]
[www.ciklum.com/wp-content/uploads/2025/10/predictive_delivery.webp]
[www.ciklum.com/wp-content/uploads/2025/10/fi_4685909.png]
[www.ciklum.com/wp-content/uploads/2025/10/fi_8464079.png]
[www.ciklum.com/wp-content/uploads/2025/10/fi_6251481.png]
[www.ciklum.com/wp-content/uploads/2025/10/fi_6133795.png]
[www.ciklum.com/services/runops/index.html]
[www.ciklum.com/wp-content/uploads/2025/10/Enterprise-Ready-AI-by-Ciklum.png]
[www.ciklum.com/wp-content/uploads/2025/10/fi_8083183-1.png]
[www.ciklum.com/wp-content/uploads/2025/10/fi_10472747-1.png]
[www.ciklum.com/wp-content/uploads/2025/10/fi_6529544.png]
[www.ciklum.com/wp-content/uploads/2025/10/fi_7240638.png]
[www.ciklum.com/wp-content/uploads/2025/11/fi_11503970.png]
[www.ciklum.com/wp-content/uploads/2025/10/Continuous-Discovery-Delivery-Alignment.webp]
[www.ciklum.com/wp-content/uploads/2025/10/Creating-Feedback-Loops-Scaling-with-Confidence.webp]
[www.ciklum.com/wp-content/uploads/2025/10/enterprise-1.png]
[www.ciklum.com/wp-content/uploads/2025/10/enterprise-2.png]
[www.ciklum.com/wp-content/uploads/2025/10/aistrat-3.png]
[www.ciklum.com/wp-content/uploads/2025/10/gendec-4.png]
[www.ciklum.com/wp-content/uploads/2025/10/enterprise-6.png]
[www.ciklum.com/wp-content/uploads/2025/10/enterprise-7.png]
[www.ciklum.com/wp-content/uploads/2025/10/enterprise-8.png]
[www.ciklum.com/wp-content/uploads/2025/11/fi_7644430.png]
[www.ciklum.com/wp-content/uploads/2025/11/fi_9126189.png]
[www.ciklum.com/wp-content/uploads/2025/11/fi_5137551.png]
[www.ciklum.com/wp-content/uploads/2025/11/fi_10472747-1.png]
[www.ciklum.com/services/enterprise-ready-ai-by-ciklum/index.html]
[www.ciklum.com/wp-content/uploads/2025/12/service-new-1.png]
[www.ciklum.com/wp-content/uploads/2025/11/ar-icon-1.png]
[www.ciklum.com/wp-content/uploads/2025/11/ar-icon-2.png]
[www.ciklum.com/wp-content/uploads/2025/11/ar-icon-3.png]
[www.ciklum.com/wp-content/uploads/2025/11/ar-icon-4.png]
[www.ciklum.com/wp-content/uploads/2025/11/ar-icon-5.png]
[www.ciklum.com/wp-content/uploads/2025/11/ar-1.png]
[www.ciklum.com/wp-content/uploads/2025/11/ar-2.png]
[www.ciklum.com/wp-content/uploads/2025/11/ar-3.png]
[www.ciklum.com/services/ai-assisted-legacy-refactor/index.html]
[www.ciklum.com/wp-content/uploads/2025/10/UX-Services.png]
[www.ciklum.com/wp-content/uploads/2025/10/fi_7924785.png]
[www.ciklum.com/wp-content/uploads/2025/10/fi_6419800.png]
[www.ciklum.com/wp-content/uploads/2025/10/fi_6214749.png]
[www.ciklum.com/wp-content/uploads/2025/10/fi_7660263.png]
[www.ciklum.com/wp-content/uploads/2025/10/ux-5.png]
[www.ciklum.com/wp-content/uploads/2025/10/fi_11201464.png]
[www.ciklum.com/wp-content/uploads/2025/10/uxui-1.png]
[www.ciklum.com/wp-content/uploads/2025/10/uxui-2.png]
[www.ciklum.com/wp-content/uploads/2025/10/uxui-4.png]
[www.ciklum.com/wp-content/uploads/2025/10/uxui-5.png]
[www.ciklum.com/wp-content/uploads/2025/10/uxui-6.png]
[www.ciklum.com/wp-content/uploads/2025/10/Over-Reliance-On-AI.webp]
[www.ciklum.com/wp-content/uploads/2025/10/fi_7358793.png]
[www.ciklum.com/wp-content/uploads/2025/10/fi_10424262.png]
[www.ciklum.com/wp-content/uploads/2025/10/ux3.png]
[www.ciklum.com/wp-content/uploads/2025/10/fi_8110577.png]
[www.ciklum.com/wp-content/uploads/2025/10/How-can-you-continue-to-tailor-CX-with-personalized-AI-recommendations_BannerOpt1-1-768x523.png]
[www.ciklum.com/wp-content/uploads/2025/08/header-768x523.png]
[www.ciklum.com/services/ux-services/index.html]
[www.ciklum.com/blog/ai-personalized-cx/index.html]
[www.ciklum.com/wp-content/uploads/2025/10/UX-UI-Services.png]
[www.ciklum.com/blog/the-impact-of-genai-on-customer-service-in-retail/index.html]
[www.ciklum.com/wp-content/uploads/2025/10/fi_4833219.png]
[www.ciklum.com/wp-content/uploads/2025/10/fi_5573691.png]
[www.ciklum.com/wp-content/uploads/2025/10/fi_7358723.png]
[www.ciklum.com/wp-content/uploads/2025/10/fi_5532188.png]
[www.ciklum.com/wp-content/uploads/2025/10/uxui-7.png]
[www.ciklum.com/wp-content/uploads/2025/10/Experimentation-with-Real-Users-1.webp]
[www.ciklum.com/wp-content/uploads/2025/10/Running-Visual-Interaction-Design-1.webp]
[www.ciklum.com/wp-content/uploads/2025/10/Final-Handoff-Post-Launch-Support-1-1.webp]
[www.ciklum.com/wp-content/uploads/2025/10/uxui01.png]
[www.ciklum.com/wp-content/uploads/2025/10/fi_8464168.png]
[www.ciklum.com/wp-content/uploads/2025/10/fi_846416801.png]
[www.ciklum.com/wp-content/uploads/2025/08/Strategies-for-Integrating-XR-Experiences-into-Existing-Customer-Journeys_BannerOpt2-768x523.png]
[www.ciklum.com/services/ux-ui-services/index.html]
[www.ciklum.com/wp-content/uploads/2025/10/product-discovery.webp]
[www.ciklum.com/blog/strategies-for-integrating-xr-experiences-into-existing-customer-journeys/index.html]
[www.ciklum.com/wp-content/uploads/2025/10/XMLID_5571.png]
[www.ciklum.com/wp-content/uploads/2025/10/cloud987984-1.png]
[www.ciklum.com/wp-content/uploads/2025/10/dataai03.png]
[www.ciklum.com/services/product-discovery/index.html]
[www.ciklum.com/wp-content/uploads/2025/10/Product-Management-Banner.webp]
[www.ciklum.com/wp-content/uploads/2025/10/dataai1.png]
[www.ciklum.com/wp-content/uploads/2025/10/dataai3.png]
[www.ciklum.com/wp-content/uploads/2025/10/Frame-2147207637.png]
[www.ciklum.com/wp-content/uploads/2025/10/dataai-10.png]
[www.ciklum.com/services/product-management/index.html]
[www.ciklum.com/wp-content/uploads/2025/10/AI-Incubator.png]
[www.ciklum.com/wp-content/uploads/2025/10/ai-incubator1.png]
[www.ciklum.com/wp-content/uploads/2025/10/ai-incubator2.png]
[www.ciklum.com/wp-content/uploads/2025/10/ai-incubator3.png]
[www.ciklum.com/wp-content/uploads/2025/10/ai-incubator4.png]
[www.ciklum.com/wp-content/uploads/2025/10/ai-incubator5.png]
[www.ciklum.com/wp-content/uploads/2025/10/ai-incubator6.png]
[www.ciklum.com/wp-content/uploads/2025/10/aiincub-1.png]
[www.ciklum.com/wp-content/uploads/2025/10/aiincub-2.png]
[www.ciklum.com/wp-content/uploads/2025/10/aiincub-3.png]
[www.ciklum.com/wp-content/uploads/2025/10/aiincub-4.png]
[www.ciklum.com/wp-content/uploads/2025/10/scale-1.webp]
[www.ciklum.com/wp-content/uploads/2025/10/fi_9122387.svg]
[www.ciklum.com/wp-content/uploads/2025/10/fi_6110521.svg]
[www.ciklum.com/wp-content/uploads/2025/10/fi_10795283.svg]
[www.ciklum.com/wp-content/uploads/2025/10/fi_8169930.svg]
[www.ciklum.com/services/ai-incubator/index.html]
[www.ciklum.com/wp-content/uploads/2025/10/Conversational-AI.png]
[www.ciklum.com/wp-content/uploads/2025/10/fi_6432543.png]
[www.ciklum.com/wp-content/uploads/2025/10/conv-1.png]
[www.ciklum.com/wp-content/uploads/2025/10/conv-2.png]
[www.ciklum.com/wp-content/uploads/2025/10/conv-3.png]
[www.ciklum.com/wp-content/uploads/2025/10/fi_3650408.png]
[www.ciklum.com/wp-content/uploads/2025/10/fi_5035894.png]
[www.ciklum.com/wp-content/uploads/2025/10/fi_11933352.png]
[www.ciklum.com/wp-content/uploads/2025/08/iGaming-with-Conversational-AI_BannerOpt2-1-768x523.png]
[www.ciklum.com/services/conversational-ai/index.html]
[www.ciklum.com/wp-content/uploads/2025/10/AI-Strategy-Enablement-CoE.png]
[www.ciklum.com/blog/redefining-player-engagement-in-igaming-with-conversational-ai/index.html]
[www.ciklum.com/wp-content/uploads/2025/10/fi_11933315.png]
[www.ciklum.com/wp-content/uploads/2025/10/fi_7896082.png]
[www.ciklum.com/wp-content/uploads/2025/10/fi_9126216.png]
[www.ciklum.com/wp-content/uploads/2025/10/fi_6771695.png]
[www.ciklum.com/wp-content/uploads/2025/10/fi_6164617.png]
[www.ciklum.com/wp-content/uploads/2025/10/fi_8110467.png]
[www.ciklum.com/wp-content/uploads/2025/10/aistrat-2.png]
[www.ciklum.com/wp-content/uploads/2025/10/fi_7254003.svg]
[www.ciklum.com/wp-content/uploads/2025/10/fi_5379931.svg]
[www.ciklum.com/wp-content/uploads/2025/10/fi_5036008.svg]
[www.ciklum.com/services/ai-strategy-enablement-coe/index.html]
[www.ciklum.com/wp-content/uploads/2025/10/fi_5706071.svg]
[www.ciklum.com/wp-content/uploads/2025/10/Decision-Science-Gen-AI.png]
[www.ciklum.com/wp-content/uploads/2025/10/fi_6106941_g.png]
[www.ciklum.com/wp-content/uploads/2025/10/fi_4183330.png]
[www.ciklum.com/wp-content/uploads/2025/10/fi_10472846.png]
[www.ciklum.com/wp-content/uploads/2025/10/fi_7525830.png]
[www.ciklum.com/wp-content/uploads/2025/10/fi_6582549.png]
[www.ciklum.com/wp-content/uploads/2025/10/fi_6419827.png]
[www.ciklum.com/wp-content/uploads/2025/10/devops-5.png]
[www.ciklum.com/wp-content/uploads/2025/10/gendec-2.png]
[www.ciklum.com/wp-content/uploads/2025/10/gendec-3.png]
[www.ciklum.com/wp-content/uploads/2025/10/responsible-3.png]
[www.ciklum.com/wp-content/uploads/2025/10/fi_7010016.png]
[www.ciklum.com/wp-content/uploads/2025/10/fi_6771715.png]
[www.ciklum.com/wp-content/uploads/2025/10/fi_5896246.png]
[www.ciklum.com/wp-content/uploads/2025/10/fi_6419845.png]
[www.ciklum.com/services/generative-ai-and-decision-science/index.html]
[www.ciklum.com/wp-content/uploads/2025/10/services-banner.png]
[www.ciklum.com/wp-content/uploads/2025/10/fi_10472918.png]
[www.ciklum.com/wp-content/uploads/2025/10/fi_10472830.png]
[www.ciklum.com/wp-content/uploads/2025/10/fi_8282969.png]
[www.ciklum.com/wp-content/uploads/2025/10/fi_7170501.png]
[www.ciklum.com/wp-content/uploads/2025/10/fi_3154211.png]
[www.ciklum.com/wp-content/uploads/2025/10/fi_6420512.png]
[www.ciklum.com/wp-content/uploads/2025/10/protran-1.png]
[www.ciklum.com/wp-content/uploads/2025/10/Group-2085664896-2.png]
[www.ciklum.com/wp-content/uploads/2025/10/fi_5156981.png]
[www.ciklum.com/wp-content/uploads/2025/10/fi_5706128.png]
[www.ciklum.com/wp-content/uploads/2025/10/fi_6045464.png]
[www.ciklum.com/wp-content/uploads/2025/10/fi_5205430.png]
[www.ciklum.com/wp-content/uploads/2025/08/6-Key-Predictions-for-Intelligent-Automation-AI-in-Retail-by-2025_BannerOpt1-768x523.png]
[www.ciklum.com/wp-content/uploads/2025/08/Easing-the-Impact-of-Tariffs-with-AI-and-Automation_BannerOpt3-768x523.png]
[www.ciklum.com/wp-content/uploads/2025/08/How-AI-Agents-Are-Rewiring-Corporate-DNA-in-Healthcare_BannerOpt1-1-768x523.png]
[www.ciklum.com/services/process-transformation-automation/index.html]
[www.ciklum.com/blog/intelligent-automation-retail-2026/index.html]
[www.ciklum.com/wp-content/uploads/2025/10/Low-Code-Applications-Services.png]
[www.ciklum.com/blog/easing-the-impact-of-tariffs-with-ai-and-automation/index.html]
[www.ciklum.com/wp-content/uploads/2025/10/fi_10472651-1.png]
[www.ciklum.com/wp-content/uploads/2025/10/boost.png]
[www.ciklum.com/wp-content/uploads/2025/10/fi_5110022-1.png]
[www.ciklum.com/wp-content/uploads/2025/10/low-code-2.png]
[www.ciklum.com/wp-content/uploads/2025/10/build.png]
[www.ciklum.com/wp-content/uploads/2025/10/fi_5156865.png]
[www.ciklum.com/wp-content/uploads/2025/10/XMLID_460_.png]
[www.ciklum.com/services/low-code-applications-services/index.html]
[www.ciklum.com/wp-content/uploads/2025/10/AI-Agents-Autonomous-Orchestration.png]
[www.ciklum.com/wp-content/uploads/2025/10/fi_10472648.png]
[www.ciklum.com/wp-content/uploads/2025/10/fi_8089636.png]
[www.ciklum.com/wp-content/uploads/2025/10/fi_9150197.png]
[www.ciklum.com/wp-content/uploads/2025/10/fi_8289718.png]
[www.ciklum.com/wp-content/uploads/2025/10/aiagent-2.png]
[www.ciklum.com/wp-content/uploads/2025/10/aiagent-4.png]
[www.ciklum.com/wp-content/uploads/2025/10/aiagent-5.png]
[www.ciklum.com/wp-content/uploads/2025/10/initialize-1.webp]
[www.ciklum.com/wp-content/uploads/2025/10/evolve-1.webp]
[www.ciklum.com/wp-content/uploads/2025/10/lifecycle_management-1.webp]
[www.ciklum.com/wp-content/uploads/2025/10/fi_7010046.png]
[www.ciklum.com/wp-content/uploads/2025/10/fi_8523623-1.png]
[www.ciklum.com/wp-content/uploads/2025/10/fi_10143619.png]
[www.ciklum.com/services/ai-agents-autonomous-orchestration/index.html]
[www.ciklum.com/wp-content/uploads/2025/10/Cloud-Services.png]
[www.ciklum.com/wp-content/uploads/2025/10/cloud01.png]
[www.ciklum.com/wp-content/uploads/2025/10/cloud8946.png]
[www.ciklum.com/wp-content/uploads/2025/10/cloud004.png]
[www.ciklum.com/wp-content/uploads/2025/10/cloud0123.png]
[www.ciklum.com/wp-content/uploads/2025/10/cloud1354694.png]
[www.ciklum.com/wp-content/uploads/2025/10/Group-2085664913.png]
[www.ciklum.com/wp-content/uploads/2025/10/all.png]
[www.ciklum.com/wp-content/uploads/2025/10/fi_7865292.png]
[www.ciklum.com/wp-content/uploads/2025/10/cloud00004.png]
[www.ciklum.com/wp-content/uploads/2025/10/XMLID_460_-1.png]
[www.ciklum.com/wp-content/uploads/2025/10/cloud4989784.png]
[www.ciklum.com/wp-content/uploads/2025/08/Modern-Data-Technology_BannerOpt2-768x523.png]
[www.ciklum.com/services/cloud-services/index.html]
[www.ciklum.com/wp-content/uploads/2025/10/DevOps.png]
[www.ciklum.com/blog/modern-data-technology-building-an-ai-ready-data-infrastructure-for-enhanced-bfsi-analytics/index.html]
[www.ciklum.com/wp-content/uploads/2025/10/devops01.png]
[www.ciklum.com/wp-content/uploads/2025/10/fi_10424163.png]
[www.ciklum.com/wp-content/uploads/2025/10/fi_5205507-1.png]
[www.ciklum.com/wp-content/uploads/2025/10/fi_5379995-1.png]
[www.ciklum.com/wp-content/uploads/2025/10/Group-8.png]
[www.ciklum.com/wp-content/uploads/2025/10/fi_4685677-1.png]
[www.ciklum.com/wp-content/uploads/2025/10/devops-2.png]
[www.ciklum.com/wp-content/uploads/2025/10/Group-2085664896-1.png]
[www.ciklum.com/wp-content/uploads/2025/10/discover-img.webp]
[www.ciklum.com/wp-content/uploads/2025/10/dev01.png]
[www.ciklum.com/wp-content/uploads/2025/10/dev02.png]
[www.ciklum.com/wp-content/uploads/2025/10/dev03.png]
[www.ciklum.com/wp-content/uploads/2025/10/dev04.png]
[www.ciklum.com/services/devops/index.html]
[www.ciklum.com/wp-content/uploads/2025/10/Edge-Tech-Services.mp4]
[www.ciklum.com/wp-content/uploads/2025/10/edge1.png]
[www.ciklum.com/wp-content/uploads/2025/10/edge02.png]
[www.ciklum.com/wp-content/uploads/2025/10/fi_9126202.png]
[www.ciklum.com/wp-content/uploads/2025/10/fi_6134422.png]
[www.ciklum.com/wp-content/uploads/2025/10/edge05.png]
[www.ciklum.com/wp-content/uploads/2025/10/edge06.png]
[www.ciklum.com/wp-content/uploads/2025/10/EDGE-TECH.png]
[www.ciklum.com/wp-content/uploads/2025/10/edge-2.png]
[www.ciklum.com/wp-content/uploads/2025/10/edge-3.png]
[www.ciklum.com/wp-content/uploads/2025/10/edge-4.png]
[www.ciklum.com/wp-content/uploads/2025/08/Are-Your-IoT-and-Connected-Devices-A-Hidden-Security-Risk_BannerOpt3-768x523.png]
[www.ciklum.com/services/edge-tech-services/index.html]
[www.ciklum.com/wp-content/uploads/2025/10/IoT.png]
[www.ciklum.com/blog/best-practices-for-protecting-data-on-connected-devices-in-hitech/index.html]
[www.ciklum.com/wp-content/uploads/2025/10/fi_7170420.png]
[www.ciklum.com/wp-content/uploads/2025/10/fi_8464168-1.png]
[www.ciklum.com/wp-content/uploads/2025/10/fi_10795297.png]
[www.ciklum.com/wp-content/uploads/2025/10/fi_10795259.png]
[www.ciklum.com/wp-content/uploads/2025/10/fi_7856044-1.png]
[www.ciklum.com/wp-content/uploads/2025/10/Illustration-2.png]
[www.ciklum.com/wp-content/uploads/2025/10/img-2.png]
[www.ciklum.com/wp-content/uploads/2025/10/Mask-group-2.png]
[www.ciklum.com/wp-content/uploads/2025/10/fi_10424162.png]
[www.ciklum.com/wp-content/uploads/2025/10/fi_9251991.png]
[www.ciklum.com/wp-content/uploads/2025/10/fi_5954435.png]
[www.ciklum.com/wp-content/uploads/2025/10/fi_11933291.png]
[www.ciklum.com/services/iot-embedded/index.html]
[www.ciklum.com/wp-content/uploads/2025/10/media-and-content-creation.png]
[www.ciklum.com/wp-content/uploads/2025/10/fi_6588990.png]
[www.ciklum.com/wp-content/uploads/2025/10/fi_8231617.png]
[www.ciklum.com/wp-content/uploads/2025/10/fi_7644422.png]
[www.ciklum.com/wp-content/uploads/2025/10/fi_6983264.png]
[www.ciklum.com/wp-content/uploads/2025/10/fi_6896292.png]
[www.ciklum.com/wp-content/uploads/2025/10/media-1.png]
[www.ciklum.com/wp-content/uploads/2025/10/mediacontent-4.png]
[www.ciklum.com/wp-content/uploads/2025/10/mediacontent-5.png]
[www.ciklum.com/wp-content/uploads/2025/10/mediacontent-6.png]
[www.ciklum.com/wp-content/uploads/2025/10/fi_8591634.png]
[www.ciklum.com/wp-content/uploads/2025/10/fi_8057728-1.png]
[www.ciklum.com/wp-content/uploads/2025/10/fi_10472651-2.png]
[www.ciklum.com/wp-content/uploads/2025/10/fi_10433865.png]
[www.ciklum.com/services/media-content-creation/index.html]
[www.ciklum.com/wp-content/uploads/2025/10/fi_11933348.png]
[www.ciklum.com/wp-content/uploads/2025/10/fi_11482311.png]
[www.ciklum.com/wp-content/uploads/2025/10/fi_4896695.png]
[www.ciklum.com/wp-content/uploads/2025/10/fi_5156892.png]
[www.ciklum.com/wp-content/uploads/2025/10/fi_6134019-1.png]
[www.ciklum.com/wp-content/uploads/2025/10/scale.webp]
[www.ciklum.com/wp-content/uploads/2025/10/Deliver-Enable-and-Scale-1.webp]
[www.ciklum.com/wp-content/uploads/2025/10/evolve.webp]
[www.ciklum.com/wp-content/uploads/2025/10/initialize.webp]
[www.ciklum.com/wp-content/uploads/2025/10/Integrating-AI-Powered-Tools-Testing.webp]
[www.ciklum.com/wp-content/uploads/2025/10/all-1.png]
[www.ciklum.com/wp-content/uploads/2025/10/Group-2085664905-1.png]
[www.ciklum.com/wp-content/uploads/2025/10/edge-tech-1.png]
[www.ciklum.com/wp-content/uploads/2025/10/Group-2085664914.png]
[www.ciklum.com/wp-content/uploads/2025/10/Frame-2147207711.png]
[www.ciklum.com/wp-content/uploads/2025/10/fi_9332496.png]
[www.ciklum.com/wp-content/uploads/2025/10/fi_10433875.png]
[www.ciklum.com/wp-content/uploads/2025/10/fi_8037760.png]
[www.ciklum.com/wp-content/uploads/2025/10/fi_6582487.png]
[www.ciklum.com/services/xr-ar-mr-vr/index.html]
[www.ciklum.com/wp-content/uploads/2025/10/fi_5853895.png]
[www.ciklum.com/wp-content/uploads/2025/10/fi_6164765.png]
[www.ciklum.com/wp-content/uploads/2025/10/fi_6525524.png]
[www.ciklum.com/wp-content/uploads/2025/10/fi_5853862.png]
[www.ciklum.com/wp-content/uploads/2025/10/fi_7170429.png]
[www.ciklum.com/wp-content/uploads/2025/10/gaming-2.png]
[www.ciklum.com/wp-content/uploads/2025/10/gaming-3.png]
[www.ciklum.com/wp-content/uploads/2025/10/gaming-4.png]
[www.ciklum.com/wp-content/uploads/2025/10/gaming-5.png]
[www.ciklum.com/wp-content/uploads/2025/10/fi_5650084.png]
[www.ciklum.com/wp-content/uploads/2025/10/fi_8338691.png]
[www.ciklum.com/wp-content/uploads/2025/10/fi_10472672.png]
[www.ciklum.com/wp-content/uploads/2025/10/fi_70099731.png]
[www.ciklum.com/wp-content/uploads/2025/08/Driving-new-experiences-for-iGaming-Ciklum-at-ICE-London-768x497.webp]
[www.ciklum.com/wp-content/uploads/2025/08/Hyper-personalization-in-iGaming-A-trend-taking-the-industry-by-storm-768x497.webp]
[www.ciklum.com/wp-content/uploads/2025/08/Whats-next-for-iGaming-The-industrys-2024-predictions-768x497.webp]
[www.ciklum.com/wp-content/uploads/2025/08/Five-ways-US-operators-can-improve-player-retention-768x497.webp]
[www.ciklum.com/services/gaming-simulation/index.html]
[www.ciklum.com/blog/driving-new-experiences-for-igaming-ciklum-at-ice-london/index.html]
[www.ciklum.com/wp-content/uploads/2025/12/service-new-2.png]
[www.ciklum.com/blog/whats-next-for-igaming-the-industrys-2024-predictions/index.html]
[www.ciklum.com/blog/hyper-personalization-in-igaming-a-trend-taking-the-industry-by-storm/index.html]
[www.ciklum.com/wp-content/uploads/2025/11/cm-icon-1.png]
[www.ciklum.com/blog/five-ways-us-operators-can-improve-player-retention/index.html]
[www.ciklum.com/wp-content/uploads/2025/11/cm-icon-2.png]
[www.ciklum.com/wp-content/uploads/2025/11/cm-icon-3.png]
[www.ciklum.com/wp-content/uploads/2025/11/cm-icon-4.png]
[www.ciklum.com/wp-content/uploads/2025/11/cm-icon-5.png]
[www.ciklum.com/wp-content/uploads/2025/11/csc-1.png]
[www.ciklum.com/wp-content/uploads/2025/11/csc-2.png]
[www.ciklum.com/wp-content/uploads/2025/11/csc-3.png]
[www.ciklum.com/wp-content/uploads/2025/11/mt-icon-1.png]
[www.ciklum.com/wp-content/uploads/2025/11/mt-icon-2.png]
[www.ciklum.com/wp-content/uploads/2025/11/mt-icon-3.png]
[www.ciklum.com/wp-content/uploads/2025/08/The-Impact-of-GIS-Data-on-the-Insurance-Industry_BannerOpt2-768x523.png]
[www.ciklum.com/wp-content/uploads/2025/08/Design-By-Data_BannerOpt3-768x523.png]
[www.ciklum.com/services/cloud-transformation-optimization/index.html]
[www.ciklum.com/blog/the-impact-of-gis-data-on-the-insurance-industry-a-strategic-framework/index.html]
[www.ciklum.com/wp-content/uploads/2025/10/Modern-Data-Technology.png]
[www.ciklum.com/blog/design-by-data-how-social-media-micro-trends-are-reshaping-product-development/index.html]
[www.ciklum.com/wp-content/uploads/2025/10/fi_5963449.png]
[www.ciklum.com/wp-content/uploads/2025/10/fi_7871084.png]
[www.ciklum.com/wp-content/uploads/2025/10/fi_10795283.png]
[www.ciklum.com/wp-content/uploads/2025/10/fi_3650403.png]
[www.ciklum.com/wp-content/uploads/2025/10/fi_10795261.png]
[www.ciklum.com/wp-content/uploads/2025/10/dataai-3.png]
[www.ciklum.com/wp-content/uploads/2025/10/fi_5573691-1.png]
[www.ciklum.com/wp-content/uploads/2025/10/fi_6589061.png]
[www.ciklum.com/wp-content/uploads/2025/08/Data-as-Currency_-The-Emerging-Economy-of-Digital-Value_BannerOpt1-2-768x523.png]
[www.ciklum.com/services/modern-data-tech/index.html]
[www.ciklum.com/wp-content/uploads/2025/10/Business-Intelligence.png]
[www.ciklum.com/blog/data-as-currency-the-emerging-economy-of-digital-value/index.html]
[www.ciklum.com/wp-content/uploads/2025/10/XMLID_6_.png]
[www.ciklum.com/wp-content/uploads/2025/10/Business-Intelligence3.png]
[www.ciklum.com/wp-content/uploads/2025/10/Business-Intelligence4.png]
[www.ciklum.com/wp-content/uploads/2025/10/Business-Intelligence5.png]
[www.ciklum.com/wp-content/uploads/2025/10/Business-Intelligence6.png]
[www.ciklum.com/wp-content/uploads/2025/10/bi-2.png]
[www.ciklum.com/wp-content/uploads/2025/10/bi-4.png]
[www.ciklum.com/wp-content/uploads/2025/10/bi-5.png]
[www.ciklum.com/wp-content/uploads/2025/10/Scaling-Through-a-Center-of-Excellence.webp]
[www.ciklum.com/wp-content/uploads/2025/10/2-Business-Intelligence2.png]
[www.ciklum.com/wp-content/uploads/2025/10/2-Business-Intelligence3.png]
[www.ciklum.com/wp-content/uploads/2025/10/2-Business-Intelligence4.png]
[www.ciklum.com/wp-content/uploads/2025/10/Header-Image-768x523.jpg]
[www.ciklum.com/wp-content/uploads/2025/08/How-Workflow-Automation-Stops-Healthcare-Flatlines_BannerOpt1-768x523.png]
[www.ciklum.com/services/business-intelligence/index.html]
[www.ciklum.com/wp-content/uploads/2025/10/fi_5574158.png]
[www.ciklum.com/blog/ciklum-client-conference-2025-winning-in-the-intelligence-age/index.html]
[www.ciklum.com/wp-content/uploads/2025/10/fi_5157311.png]
[www.ciklum.com/wp-content/uploads/2025/10/fi_5853647.png]
[www.ciklum.com/blog/how-workflow-automation-stops-healthcare-flatlines/index.html]
[www.ciklum.com/wp-content/uploads/2025/10/fi_5205393.png]
[www.ciklum.com/wp-content/uploads/2025/10/bigdata-3.png]
[www.ciklum.com/wp-content/uploads/2025/10/fi_9126192.png]
[www.ciklum.com/wp-content/uploads/2025/10/fi_7009970.png]
[www.ciklum.com/wp-content/uploads/2025/10/fi_5138410.png]
[www.ciklum.com/wp-content/uploads/2025/10/fi_7170477.png]
[www.ciklum.com/wp-content/uploads/2025/08/header_1-Oct-30-2024-08-26-41-0899-AM-768x523.png]
[www.ciklum.com/wp-content/uploads/2025/08/Limitations-of-Big-Data-Analytics_Header-Image_2-768x523.png]
[www.ciklum.com/wp-content/uploads/2025/08/Big-Data-and-the-Challenge-of-Unstructured-Data1-1-768x497.webp]
[www.ciklum.com/services/big-data-platforms/index.html]
[www.ciklum.com/wp-content/uploads/2025/10/Data-AI-Services.png]
[www.ciklum.com/blog/exploring-growth-opportunities-using-data-how-banks-can-tap-into-payments-data/index.html]
[www.ciklum.com/blog/overcoming-big-data-analytics-limitations-to-drive-business-growth/index.html]
[www.ciklum.com/wp-content/uploads/2025/10/dataai01.png]
[www.ciklum.com/blog/big-data-and-the-challenge-of-unstructured-data/index.html]
[www.ciklum.com/wp-content/uploads/2025/10/dataai02.png]
[www.ciklum.com/wp-content/uploads/2025/10/dataai04.png]
[www.ciklum.com/wp-content/uploads/2025/10/fi_11482389-1.png]
[www.ciklum.com/wp-content/uploads/2025/10/dataai06.png]
[www.ciklum.com/wp-content/uploads/2025/10/dataai-4.png]
[www.ciklum.com/wp-content/uploads/2025/10/dataai-5.png]
[www.ciklum.com/wp-content/uploads/2025/10/dataai-6.png]
[www.ciklum.com/wp-content/uploads/2025/10/dataai-7.png]
[www.ciklum.com/wp-content/uploads/2025/10/dataai-8.png]
[www.ciklum.com/wp-content/uploads/2025/10/dataai-9.png]
[www.ciklum.com/wp-content/uploads/2025/10/dataai2.png]
[www.ciklum.com/wp-content/uploads/2025/10/dataai4.png]
[www.ciklum.com/services/data-ai-services/index.html]
[www.ciklum.com/wp-content/uploads/2025/10/Responsible-AI-Services.png]
[www.ciklum.com/wp-content/uploads/2025/10/fi_5110022.png]
[www.ciklum.com/wp-content/uploads/2025/10/fi_8049223.png]
[www.ciklum.com/wp-content/uploads/2025/10/fi_7435298.png]
[www.ciklum.com/wp-content/uploads/2025/10/res4.png]
[www.ciklum.com/wp-content/uploads/2025/10/res5.png]
[www.ciklum.com/wp-content/uploads/2025/10/fi_8124710.png]
[www.ciklum.com/wp-content/uploads/2025/10/responsible-2.png]
[www.ciklum.com/wp-content/uploads/2025/10/AI-Literacy.webp]
[www.ciklum.com/wp-content/uploads/2025/10/fi_999921123.png]
[www.ciklum.com/wp-content/uploads/2025/10/fi_700997332.png]
[www.ciklum.com/services/responsible-ai-services/index.html]
[www.ciklum.com/wp-content/uploads/2025/08/Beyond-Data-Optimization_-How-New-Generative-AI-Models-are-Creating-New-Opportunities-for-Business_BannerOpt3-768x523.png]
[www.ciklum.com/wp-content/uploads/2025/10/MLOps-Services.png]
[www.ciklum.com/wp-content/uploads/2025/10/money-bag-1.png]
[www.ciklum.com/blog/beyond-data-optimization-how-generative-ai-models-are-creating-new-opportunities-for-businesses/index.html]
[www.ciklum.com/wp-content/uploads/2025/10/mlops3.png]
[www.ciklum.com/wp-content/uploads/2025/10/mlop4.png]
[www.ciklum.com/wp-content/uploads/2025/10/mlop5.png]
[www.ciklum.com/wp-content/uploads/2025/10/XMLID_1181_.png]
[www.ciklum.com/wp-content/uploads/2025/10/mlops-1.png]
[www.ciklum.com/wp-content/uploads/2025/10/mlops-2.png]
[www.ciklum.com/wp-content/uploads/2025/10/mlops-5.png]
[www.ciklum.com/wp-content/uploads/2025/10/mlops-7.png]
[www.ciklum.com/wp-content/uploads/2025/10/XMLID_6_-1.png]
[www.ciklum.com/wp-content/uploads/2025/10/mlops35.png]
[www.ciklum.com/wp-content/uploads/2025/10/mlops45.png]
[www.ciklum.com/wp-content/uploads/2025/08/Optimizing-Industrial-Operations_-An-In-Depth-Exploration-of-Predictive-Maintenance-Strategies_BannerOpt3-768x523.png]
[www.ciklum.com/services/aiops-services/index.html]
[www.ciklum.com/wp-content/uploads/2025/08/Garbage-In-Garbage-Out-How-to-Prepare-Your-Data-Set-for-Machine-Learning-1-768x497.webp]
[www.ciklum.com/blog/optimizing-industrial-operations-an-in-depth-exploration-of-predictive-maintenance-strategies/index.html]
[www.ciklum.com/wp-content/uploads/2026/01/BFSI.mp4]
[www.ciklum.com/blog/garbage-in-garbage-out-how-to-prepare-your-data-set-for-machine-learning/index.html]
[www.ciklum.com/wp-content/uploads/2025/10/fi_7435307.png]
[www.ciklum.com/wp-content/uploads/2025/10/fi_10135145.png]
[www.ciklum.com/wp-content/uploads/2025/10/fi_7435358.png]
[www.ciklum.com/wp-content/uploads/2025/10/Group-2085664905.png]
[www.ciklum.com/wp-content/uploads/2025/10/fi_5661545.png]
[www.ciklum.com/wp-content/uploads/2025/10/Group-6.png]
[www.ciklum.com/wp-content/uploads/2025/10/fi_7435307-1.png]
[www.ciklum.com/wp-content/uploads/2025/10/fi_6589055-1.png]
[www.ciklum.com/wp-content/uploads/2025/10/Group-1-2.png]
[www.ciklum.com/wp-content/uploads/2025/10/fi_8231706.png]
[www.ciklum.com/wp-content/uploads/2025/10/XMLID_319_.png]
[www.ciklum.com/wp-content/uploads/2025/10/fi_5856983.png]
[www.ciklum.com/wp-content/uploads/2025/10/AI-POV.png]
[www.ciklum.com/wp-content/uploads/2025/10/Group-2.png]
[www.ciklum.com/wp-content/uploads/2025/10/worldwide-1.png]
[www.ciklum.com/wp-content/uploads/2025/10/frequency-1.png]
[www.ciklum.com/wp-content/uploads/2025/10/finance-1.png]
[www.ciklum.com/wp-content/uploads/2025/10/fi_6135922.png]
[www.ciklum.com/wp-content/uploads/2025/10/fi_5247522.png]
[www.ciklum.com/wp-content/uploads/2025/10/fi_7864842.png]
[www.ciklum.com/wp-content/uploads/2025/10/fi_9999206.png]
[www.ciklum.com/wp-content/uploads/2025/10/fi_6250404.png]
[www.ciklum.com/wp-content/uploads/2025/10/fi_6010584.png]
[www.ciklum.com/wp-content/uploads/2025/10/fi_8089592.png]
[www.ciklum.com/wp-content/uploads/2025/09/card-image-2.png]
[www.ciklum.com/wp-content/uploads/2025/11/Title-image.png]
[www.ciklum.com/industries/bfsi/index.html]
[www.ciklum.com/case-studies/payment-gateway-development/index.html]
[www.ciklum.com/blog/ai-for-tpps-open-finance/index.html]
[www.ciklum.com/wp-content/uploads/2026/01/e-com_3.mp4]
[www.ciklum.com/wp-content/uploads/2025/10/fi_8522674.svg]
[www.ciklum.com/wp-content/uploads/2025/10/fi_9784458.svg]
[www.ciklum.com/wp-content/uploads/2025/10/CUATOMER-EXP.png]
[www.ciklum.com/wp-content/uploads/2025/10/Frame-427321409.png]
[www.ciklum.com/wp-content/uploads/2025/10/fi_8522646.png]
[www.ciklum.com/wp-content/uploads/2025/10/fi_5604879.png]
[www.ciklum.com/wp-content/uploads/2025/10/fi_7856039.png]
[www.ciklum.com/wp-content/uploads/2025/10/fi_4833359.png]
[www.ciklum.com/wp-content/uploads/2025/10/fi_7441737.png]
[www.ciklum.com/wp-content/uploads/2025/10/fi_7009973.png]
[www.ciklum.com/wp-content/uploads/2025/10/fi_8169927.png]
[www.ciklum.com/wp-content/uploads/2025/10/XMLID_149_.png]
[www.ciklum.com/wp-content/uploads/2025/10/digital-marketing.png]
[www.ciklum.com/wp-content/uploads/2025/10/fi_5896468.png]
[www.ciklum.com/wp-content/uploads/2025/10/legacy.png]
[www.ciklum.com/wp-content/uploads/2025/10/sustainable.png]
[www.ciklum.com/industries/retail-consumer-industry/index.html]
[www.ciklum.com/wp-content/uploads/2026/01/healthcare.mp4]
[www.ciklum.com/wp-content/uploads/2025/10/payor.png]
[www.ciklum.com/wp-content/uploads/2025/10/provider.png]
[www.ciklum.com/wp-content/uploads/2025/10/XMLID_184_.png]
[www.ciklum.com/wp-content/uploads/2025/10/fi_6136627.png]
[www.ciklum.com/wp-content/uploads/2025/10/agentic.png]
[www.ciklum.com/wp-content/uploads/2025/10/aidriven.png]
[www.ciklum.com/wp-content/uploads/2025/10/fi_6119491.png]
[www.ciklum.com/wp-content/uploads/2025/10/disease.png]
[www.ciklum.com/wp-content/uploads/2025/10/wellness.png]
[www.ciklum.com/wp-content/uploads/2025/10/iot1.png]
[www.ciklum.com/wp-content/uploads/2025/10/fi_7699883.png]
[www.ciklum.com/wp-content/uploads/2025/09/Medtronic-Card-Image-copy-2.webp]
[www.ciklum.com/wp-content/uploads/2025/09/Astra-Zenca-Card-Image-copy.webp]
[www.ciklum.com/wp-content/uploads/2025/08/From-Diagnosis-to-Claims_-Where-AI-Actually-Works-in-Healthcare_BannerOpt2-768x523.png]
[www.ciklum.com/wp-content/uploads/2025/08/Agentic-AI-and-the-Future-of-Personalized-Healthcare_BannerOpt3-768x523.png]
[www.ciklum.com/industries/healthcare/index.html]
[www.ciklum.com/case-studies/ai-powered-medtech/index.html]
[www.ciklum.com/wp-content/uploads/2026/01/Hi-Tech.mp4]
[www.ciklum.com/case-studies/pharma-digital-transformation/index.html]
[www.ciklum.com/wp-content/uploads/2025/10/fi_6110430.png]
[www.ciklum.com/blog/from-diagnosis-to-claims-where-ai-actually-works-in-healthcare/index.html]
[www.ciklum.com/wp-content/uploads/2025/10/artificiasl.png]
[www.ciklum.com/wp-content/uploads/2025/10/media.png]
[www.ciklum.com/wp-content/uploads/2025/10/fi_12007610.png]
[www.ciklum.com/wp-content/uploads/2025/10/edge.png]
[www.ciklum.com/blog/agentic-ai-and-the-future-of-personalized-healthcare/index.html]
[www.ciklum.com/wp-content/uploads/2025/10/imme.png]
[www.ciklum.com/wp-content/uploads/2025/10/aidriven3.png]
[www.ciklum.com/wp-content/uploads/2025/10/fi_5138691.png]
[www.ciklum.com/wp-content/uploads/2025/09/Card-image-copy-anon.webp]
[www.ciklum.com/wp-content/uploads/2025/09/card-image-Jun-10-2025-09-11-51-5275-AM.webp]
[www.ciklum.com/wp-content/uploads/2025/08/Data-Science-Insights-and-Opportunities-in-an-AI-world-768x497.webp]
[www.ciklum.com/wp-content/uploads/2025/08/Agile-And-Deadlines-How-Does-It-Work-1-768x497.webp]
[www.ciklum.com/case-studies/ai-powered-education-platform/index.html]
[www.ciklum.com/wp-content/uploads/2025/08/Limitations-of-Big-Data-Analytics-1-768x497.webp]
[www.ciklum.com/industries/hi-tech/index.html]
[www.ciklum.com/case-studies/real-time-ai/index.html]
[www.ciklum.com/blog/data-science-insights-and-opportunities-in-an-ai-world/index.html]
[www.ciklum.com/wp-content/uploads/2026/01/Automobile.mp4]
[www.ciklum.com/blog/agile-and-deadlines-how-does-it-work/index.html]
[www.ciklum.com/wp-content/uploads/2025/10/fi_8126834.png]
[www.ciklum.com/wp-content/uploads/2025/10/Automotive-Manufacturing2.png]
[www.ciklum.com/blog/limitations-of-big-data-analytics/index.html]
[www.ciklum.com/wp-content/uploads/2025/10/Automotiveicon1.png]
[www.ciklum.com/wp-content/uploads/2025/10/Automotiveicon2.png]
[www.ciklum.com/wp-content/uploads/2025/10/fi_7009973-1.png]
[www.ciklum.com/wp-content/uploads/2025/10/fi_9126212.png]
[www.ciklum.com/wp-content/uploads/2025/10/fi_10472651.png]
[www.ciklum.com/wp-content/uploads/2025/10/fi_6119491-1.png]
[www.ciklum.com/wp-content/uploads/2025/10/fi_7928917.png]
[www.ciklum.com/wp-content/uploads/2025/10/fi_7865310.png]
[www.ciklum.com/wp-content/uploads/2025/10/fi_7871054.png]
[www.ciklum.com/wp-content/uploads/2025/09/card-image-2.webp]
[www.ciklum.com/wp-content/uploads/2025/09/Card-image-Adidas-Operation-Improvement-copy.webp]
[www.ciklum.com/wp-content/uploads/2025/08/Optimizing-Industrial-Operations_-An-In-Depth-Exploration-of-Predictive-Maintenance-Strategies_BannerOpt1-768x523.png]
[www.ciklum.com/industries/automotive-manufacturing/index.html]
[www.ciklum.com/case-studies/driving-supply-chain-agility/index.html]
[www.ciklum.com/case-studies/optimizing-operational-excellence/index.html]
[www.ciklum.com/wp-content/uploads/2026/01/Travel.mp4]
[www.ciklum.com/blog/unlocking-new-revenue-streams-through-automotive-data-and-equity-mining/index.html]
[www.ciklum.com/wp-content/uploads/2025/10/Group-3.png]
[www.ciklum.com/wp-content/uploads/2025/10/fi_5640102.png]
[www.ciklum.com/wp-content/uploads/2025/10/fi_7528145.png]
[www.ciklum.com/wp-content/uploads/2025/10/fi_5138273.png]
[www.ciklum.com/wp-content/uploads/2025/10/fi_5138070.png]
[www.ciklum.com/wp-content/uploads/2025/10/fi_7435334.png]
[www.ciklum.com/wp-content/uploads/2025/08/Smart-Travel-Experiences_-How-Agentic-AI-is-Redefining-the-Travel-and-Hospitality-Industry_BannerOpt2-768x523.png]
[www.ciklum.com/wp-content/uploads/2025/08/header_1-768x523.png]
[www.ciklum.com/wp-content/uploads/2025/08/header_1-Nov-01-2024-10-43-30-1142-AM-768x523.png]
[www.ciklum.com/industries/travel-hospitality/index.html]
[www.ciklum.com/blog/smart-travel-experiences-how-agentic-ai-is-redefining-the-travel-and-hospitality-industry/index.html]
[www.ciklum.com/blog/enhancing-travel-experiences-the-role-of-hyper-personalization-in-hospitality/index.html]
[www.ciklum.com/wp-content/uploads/2026/01/team-collaboration-software-engineers-laptop-ciklum.png]
[www.ciklum.com/blog/7-key-advantages-of-generative-ai-for-airline-operations/index.html]
[www.ciklum.com/wp-content/uploads/2026/01/Title-image.jpg]
[www.ciklum.com/wp-content/uploads/2026/01/Title-image.png]
[www.ciklum.com/blog/ai-revolutionize-software-development-lifecycle/index.html]
[www.ciklum.com/wp-content/uploads/2025/12/Title-image-4.png]
[www.ciklum.com/blog/agentic-ai-2026/index.html]
[www.ciklum.com/wp-content/uploads/2025/08/6-Key-Predictions-for-Intelligent-Automation-AI-in-Retail-by-2025_BannerOpt1.png]
[www.ciklum.com/wp-content/uploads/2025/10/Things-to-Consider-When-Hiring-a-Generative-AI-Development-Partner_BannerOpt2-1.webp]
[www.ciklum.com/blogs/index.html]
[www.ciklum.com/blog/ai-accelerated-customer-discovery/index.html]
[www.ciklum.com/wp-content/uploads/2026/01/How-a-Major-Ticketing-Platform-Accelerated-Conversions-with-Reminders-card-image.jpg]
[www.ciklum.com/case-studies/index.html]
[www.ciklum.com/wp-content/uploads/2025/09/ciklum_go_acquisition_press_release_image_v3-1-1.jpg]
[www.ciklum.com/case-studies/ticketing-platform-conversion-with-reminders/index.html]
[www.ciklum.com/wp-content/uploads/2025/09/News-Blog-Header.png]
[www.ciklum.com/press-centre/ciklum-acquires-gosolve-group/index.html]
[www.ciklum.com/wp-content/uploads/2025/09/Header-partnership_10X.png]
[www.ciklum.com/press-centre/boost-ai-and-ciklum-expand-enterprise-access-to-fast-fully-compliant-conversational-ai-solutions/index.html]
[www.ciklum.com/wp-content/uploads/2025/09/header_Ciklum-Bags-the-AWS-Advanced-Tier-Services-Partner-Status.png]
[www.ciklum.com/wp-content/uploads/2025/10/jaromir-kavan-oUz3TepCSko-unsplash-1.jpg]
[www.ciklum.com/wp-content/uploads/2025/09/ciklum_ma_press_release_blog_header_v2.jpg]
[www.ciklum.com/press-centre/ciklum-partners-with-10x-banking/index.html]
[www.ciklum.com/wp-content/uploads/2025/09/figure1_2x1.png]
[www.ciklum.com/wp-content/uploads/2025/09/karollyne-hubert-EWODLTtoclQ-unsplash.jpg]
[www.ciklum.com/wp-content/uploads/2025/09/tudor-baciu-6mTQUk3RHjo-unsplash.jpg]
[www.ciklum.com/wp-content/uploads/2025/09/PXL_20220604_161801296-1.jpg]
[www.ciklum.com/press-centre/ciklum-aws-advanced-tier-services-partner/index.html]
[www.ciklum.com/wp-content/uploads/2025/09/deniz-fuchidzhiev-SbxO-MsVVZE-unsplash-1.jpg]
[www.ciklum.com/press-centre/index.html]
[www.ciklum.com/press-centre/ciklum-expands-global-presence-and-acquires-infogen/index.html]
[www.ciklum.com/press-centre/press-release-ciklum-acquires-cn-group-from-genesis-capital-to-expand-its-european-presence/index.html]
[www.ciklum.com/wp-content/uploads/2025/12/PODCAST-Engineering-Experiences-Ciklums-Al-Growth-Playbook-Cover.jpg]
[www.ciklum.com/press-centre/a-niche-player-in-the-gartner-magic-quadrant/index.html]
[www.ciklum.com/wp-content/uploads/2025/10/TUI-X-Ciklum_-Redefining-Digital-Travel-15fh33kpy9.mp4]
[www.ciklum.com/press-centre/ciklum-supports-ukraine-with-over-160-mln-uah-investment-and-donation/index.html]
[www.ciklum.com/press-centre/new-delivery-centre-in-romania/index.html]
[www.ciklum.com/wp-content/uploads/2025/09/Alexi_2.png]
[www.ciklum.com/press-centre/ukrainian-azov-defenders-opens-in-wroclaw/index.html]
[www.ciklum.com/wp-content/uploads/2025/10/Raj-Radhakrishnan-on-Experience-Engineering-at-Ciklum-Unsubtitled-nhf95zj4n9.mp4]
[www.ciklum.com/press-centre/press-release-ciklum-opens-strategic-delivery-centre-in-bulgaria/index.html]
[www.ciklum.com/wp-content/uploads/2025/09/EO.png]
[www.ciklum.com/wp-content/uploads/2025/10/TFBank-Ciklum_-A-Culture-of-Collaboration.mp4]
[www.ciklum.com/wp-content/uploads/2025/09/TF-2.png]
[www.ciklum.com/wp-content/uploads/2025/10/Interflex_s-Value-Driven-Partnership-with-Ciklum-Unsubtitled-ivaeyw1e0j.mp4]
[www.ciklum.com/wp-content/uploads/2025/09/IF.png]
[www.ciklum.com/wp-content/uploads/2025/10/Mubine-Din-with-Broll-Unsubtitled-ujoecegdhy.mp4]
[www.ciklum.com/wp-content/uploads/2025/09/mubs.png]
[www.ciklum.com/wp-content/uploads/2025/10/Nataliia-Pelykh-with-Broll-Unsubtitled-l0r0c9hpnn.mp4]
[www.ciklum.com/wp-content/uploads/2025/09/PD.png]
[www.ciklum.com/wp-content/uploads/2025/10/Julian-Beckers-with-Broll-Unsubtitled-3ny6cegzel.mp4]
[www.ciklum.com/wp-content/uploads/2025/09/GEN-AI.png]
[www.ciklum.com/wp-content/uploads/2025/10/Gregor-Meissner-with-Broll-UnSubtitled-qe4lu405y9.mp4]
[www.ciklum.com/wp-content/uploads/2025/09/PG.png]
[www.ciklum.com/wp-content/uploads/2025/10/Meet_the_Ciklumers_Compilation-vi0rvialpi.mp4]
[www.ciklum.com/wp-content/uploads/2025/09/Screenshot-2022-08-26-at-09.15.37.png]
[www.ciklum.com/wp-content/uploads/2025/10/Meet_the_Ciklumers_Joe-hrlv2onbsh.mp4]
[www.ciklum.com/wp-content/uploads/2025/09/Screenshot-2022-08-26-at-09.35.56.png]
[www.ciklum.com/wp-content/uploads/2025/10/Meet_the_Ciklumers_Gourav-kvctcpcz9n.mp4]
[www.ciklum.com/wp-content/uploads/2025/09/Screenshot-2022-08-26-at-09.32.42.png]
[www.ciklum.com/videos/index.html]
[www.ciklum.com/wp-content/uploads/2026/01/AI-in-Audit-and-Financial-Advisory-Banner.webp]
[www.ciklum.com/ebook/ai-in-audit-financial-advisory/index.html]
[www.ciklum.com/wp-content/uploads/2025/09/Open-Banking-Collaterallanding_page_header_1200x627px-2.png]
[www.ciklum.com/ebook/cx-modern-banking/index.html]
[www.ciklum.com/wp-content/uploads/2025/09/landing_page_header_1200x627px-5.jpg]
[www.ciklum.com/ebook/banking-without-borders/index.html]
[www.ciklum.com/wp-content/uploads/2025/09/landing_page_header_1200x627px-3-2.jpg]
[www.ciklum.com/ebook/responsible-ai/index.html]
[www.ciklum.com/wp-content/uploads/2025/09/landing_page_header_1200x627px-2-3.jpg]
[www.ciklum.com/ebook/modern-data-governance/index.html]
[www.ciklum.com/wp-content/uploads/2025/09/landing_page_header_1200x627px-4-3.jpg]
[www.ciklum.com/ebook/agentic-ai-whitepaper/index.html]
[www.ciklum.com/wp-content/uploads/2025/09/website_tile_1340x912px-3-5.jpg]
[www.ciklum.com/ebook/hitech-whitepaper/index.html]
[www.ciklum.com/wp-content/uploads/2025/09/Agentic-AI_website_tile_1340x912px_3-1.png]
[www.ciklum.com/ebook/agentic-ai-ebook/index.html]
[www.ciklum.com/wp-content/uploads/2025/09/landing_page_header_1200x627px-2-4.png]
[www.ciklum.com/ebook/data-driven-product-design/index.html]
[www.ciklum.com/wp-content/uploads/2025/09/website_tile_1340x912px-4.png]
[www.ciklum.com/ebook/unlock-rd-potential-with-ai-ebook/index.html]
[www.ciklum.com/wp-content/uploads/2025/09/website_tile_1340x912px-1-1.png]
[www.ciklum.com/ebook/gen-z-customer-experience/index.html]
[www.ciklum.com/wp-content/uploads/2025/09/Gen-Z-Travel-e-book-collateralwebsite_tile_1340x912px-1.png]
[www.ciklum.com/ebooks/index.html]
[www.ciklum.com/ebook/frictonless-travel-for-genz/index.html]
[www.ciklum.com/wp-content/themes/ciklum/assets/img/ciklum-big-logo.png]
[www.ciklum.com/wp-content/uploads/2025/10/raj-video.mp4]
[www.ciklum.com/wp-content/uploads/2025/10/about-poster-video.png]
[www.ciklum.com/wp-content/uploads/2025/10/raj.png]
[www.ciklum.com/wp-content/uploads/2025/10/team-img-2.png]
[www.ciklum.com/wp-content/uploads/2025/10/robert.png]
[www.ciklum.com/wp-content/uploads/2025/10/petr.png]
[www.ciklum.com/wp-content/uploads/2025/10/nadiia.png]
[www.ciklum.com/wp-content/uploads/2025/10/anna.png]
[www.ciklum.com/wp-content/uploads/2025/10/alex.png]
[www.ciklum.com/wp-content/uploads/2025/10/prashant.png]
[www.ciklum.com/wp-content/uploads/2025/10/sathish.png]
[www.ciklum.com/wp-content/uploads/2025/10/amit.png]
[www.ciklum.com/wp-content/uploads/2025/10/eran.png]
[www.ciklum.com/wp-content/uploads/2025/10/james.png]
[www.ciklum.com/wp-content/uploads/2025/10/gaurav.png]
[www.ciklum.com/wp-content/uploads/2025/10/vit.png]
[www.ciklum.com/wp-content/uploads/2025/10/manuel.png]
[www.ciklum.com/wp-content/uploads/2025/10/sarvana.png]
[www.ciklum.com/wp-content/uploads/2025/10/fi_5830892-1.png]
[www.ciklum.com/wp-content/uploads/2025/10/our-value2.png]
[www.ciklum.com/wp-content/uploads/2025/10/fi_11503936.png]
[www.ciklum.com/wp-content/uploads/2025/10/fi_6947794.png]
[www.ciklum.com/wp-content/uploads/2025/10/fi_8083156.png]
[www.ciklum.com/wp-content/uploads/2025/10/Flag_of_Ukraine_Flat_Round-64x64-1.png]
[www.ciklum.com/wp-content/uploads/2025/10/Flag_of_Poland_Flat_Round-64x64-final.png]
[www.ciklum.com/wp-content/uploads/2025/10/Flag_of_Spain_Flat_Round-64x64-1.png]
[www.ciklum.com/wp-content/uploads/2025/10/Flag_of_Czech_Republic_Flat_Round-64x64-1.png]
[www.ciklum.com/wp-content/uploads/2025/10/Flag_of_Romania_Flat_Round-64x64-1.png]
[www.ciklum.com/wp-content/uploads/2025/10/Flag_of_Bulgaria_Flat_Round-64x64-1.png]
[www.ciklum.com/wp-content/uploads/2025/10/Flag_of_Slovakia_Flat_Round-64x64-1.png]
[www.ciklum.com/wp-content/uploads/2025/10/Flag_of_India_Flat_Round-64x64-1.png]
[www.ciklum.com/wp-content/uploads/2025/10/Flag_of_Pakistan_Flat_Round-64x64-1.png]
[www.ciklum.com/wp-content/uploads/2025/10/Flag_of_United_Kingdom_Flat_Round-64x64-1.png]
[www.ciklum.com/wp-content/uploads/2025/10/Flag_of_United_States_Flat_Round-64x64-1-1.png]
[www.ciklum.com/wp-content/uploads/2025/10/Flag_of_Canada_Flat_Round-64x64-1-1.png]
[www.ciklum.com/wp-content/uploads/2025/10/Flag_of_Denmark_Flat_Round-e1759564752984.png]
[www.ciklum.com/wp-content/uploads/2025/10/Flag_of_Switzerland_Flat_Round-e1759564716613.png]
[www.ciklum.com/wp-content/uploads/2025/10/Flag_of_Germany_Flat_Round-64x64-1.png]
[www.ciklum.com/wp-content/uploads/2025/10/Flag_of_Israel_Flat_Round-64x64-1.png]
[www.ciklum.com/wp-content/uploads/2025/10/Flag_of_United_Arab_Emirates_Flat_Round-64x64-1.png]
[www.ciklum.com/wp-content/uploads/2025/10/about-box.png]
[www.ciklum.com/wp-content/uploads/2025/10/2024_ESG.pdf]
[www.ciklum.com/risk-and-compliance/index.html]
[www.ciklum.com/wp-content/themes/ciklum/assets/js/about.js]
[www.ciklum.com/about-ciklum/index.html]
[www.ciklum.com/contact/index.html]
[www.ciklum.com/wp-content/uploads/2025/10/f-icon-1-1.svg]
[www.ciklum.com/wp-content/uploads/2025/10/f-icon-2.svg]
[www.ciklum.com/wp-content/uploads/2025/10/f-icon-3.svg]
[js-eu1.hsforms.net/forms/embed/v2.js]
[www.ciklum.com/wp-content/uploads/2025/11/Frame-2147207704.png]
[www.ciklum.com/wp-content/uploads/2025/11/fi_8601485.png]
[www.ciklum.com/wp-content/uploads/2025/11/fi_4010510.png]
[www.ciklum.com/wp-content/uploads/2025/11/fi_9251990.png]
[www.ciklum.com/wp-content/uploads/2025/11/fi_10472868.png]
[www.ciklum.com/wp-content/uploads/2025/11/fi_4729618.png]
[www.ciklum.com/wp-content/uploads/2025/11/fi_6582502.png]
[www.ciklum.com/wp-content/uploads/2025/11/eng-icon-1.png]
[www.ciklum.com/wp-content/uploads/2025/11/eng-icon-2.png]
[www.ciklum.com/wp-content/uploads/2025/11/eng-icon-3.png]
[www.ciklum.com/wp-content/uploads/2025/11/eng-icon-4.png]
[www.ciklum.com/wp-content/uploads/2025/11/eng-icon-5.png]
[www.ciklum.com/wp-content/uploads/2025/11/fi_10472756.png]
[www.ciklum.com/wp-content/uploads/2025/11/exp-icon-1.png]
[www.ciklum.com/wp-content/uploads/2025/11/exp-icon-3.png]
[www.ciklum.com/wp-content/uploads/2025/11/exp-icon-4.png]
[www.ciklum.com/wp-content/uploads/2025/11/fi_6630827.png]
[www.ciklum.com/wp-content/uploads/2025/11/exp-icon-2.png]
[www.ciklum.com/wp-content/uploads/2025/11/fi_10472747.png]
[www.ciklum.com/wp-content/uploads/2025/11/fi_4729618-1.png]
[www.ciklum.com/wp-content/uploads/2025/11/fi_5157259.png]
[www.ciklum.com/wp-content/uploads/2025/11/fi_9251990-1.png]
[www.ciklum.com/wp-content/uploads/2025/11/fi_6582496.png]
[www.ciklum.com/wp-content/uploads/2025/11/fi_7486594.png]
[www.ciklum.com/wp-content/uploads/2025/11/fi_6581908.png]
[www.ciklum.com/wp-content/uploads/2025/11/fi_10433935.png]
[www.ciklum.com/wp-content/uploads/2025/11/fi_7863402.png]
[www.ciklum.com/wp-content/uploads/2025/11/fi_10472868-1.png]
[www.ciklum.com/wp-content/uploads/2025/11/fi_4183351.png]
[www.ciklum.com/wp-content/uploads/2025/11/fi_8601485-1.png]
[www.ciklum.com/wp-content/uploads/2025/11/fi_6854749.png]
[www.ciklum.com/wp-content/uploads/2025/11/fi_8093780.png]
[www.ciklum.com/wp-content/uploads/2025/11/fi_5154056.png]
[www.ciklum.com/services/index.html]
[www.ciklum.com/wp-content/uploads/2025/10/eng-1.svg]
[www.ciklum.com/wp-content/uploads/2025/10/eng-2.svg]
[www.ciklum.com/wp-content/uploads/2025/10/eng-3.svg]
[www.ciklum.com/wp-content/uploads/2025/06/infoimage-9.png]
[www.ciklum.com/wp-content/uploads/2025/06/image-01-1.png]
[www.ciklum.com/wp-content/uploads/2025/06/image-02-1.png]
[www.ciklum.com/wp-content/uploads/2025/06/RPA-bot-integration.png]
[www.ciklum.com/wp-content/uploads/2025/06/IDP-for-documents.png]
[www.ciklum.com/wp-content/uploads/2025/06/Smart-batch-operations.png]
[www.ciklum.com/wp-content/uploads/2025/06/Reporting-and-visualization.png]
[www.ciklum.com/wp-content/uploads/2025/09/card-image.webp]
[www.ciklum.com/wp-content/themes/ciklum/assets/js/case-study.js]
[www.ciklum.com/case-studies/transforming-the-mortgage-transfer-process-for-santander/index.html]
[www.ciklum.com/case-studies/reimagining-processes-automotive-ia/index.html]
[www.ciklum.com/wp-content/uploads/2024/04/infoimage-copy.png]
[www.ciklum.com/wp-content/uploads/2024/04/problem.png]
[www.ciklum.com/wp-content/uploads/2024/04/solution.png]
[www.ciklum.com/wp-content/uploads/2024/04/NET_Core_Logo.svg-removebg-preview.png]
[www.ciklum.com/wp-content/uploads/2024/04/iOS.png]
[www.ciklum.com/wp-content/uploads/2024/04/Android.png]
[www.ciklum.com/wp-content/uploads/2024/04/DEVOPS.png]
[www.ciklum.com/wp-content/uploads/2024/04/AWS.png]
[www.ciklum.com/case-studies/just-eat/index.html]
[www.ciklum.com/wp-content/uploads/2025/06/infoimage-4.png]
[www.ciklum.com/wp-content/uploads/2025/06/the-problem-2.png]
[www.ciklum.com/wp-content/uploads/2025/06/how-we-helped-them-3.png]
[www.ciklum.com/wp-content/uploads/2025/06/Android.png]
[www.ciklum.com/wp-content/uploads/2025/06/iOS.png]
[www.ciklum.com/wp-content/uploads/2025/06/aws.png]
[www.ciklum.com/wp-content/uploads/2025/06/DevExpress-1.png]
[www.ciklum.com/wp-content/themes/ciklum/assets/img/quote.png]
[www.ciklum.com/wp-content/uploads/2025/06/logo.png]
[www.ciklum.com/case-studies/seeking-alpha/index.html]
[www.ciklum.com/wp-content/uploads/2025/06/infoimage.png]
[www.ciklum.com/wp-content/uploads/2025/06/problem-1.png]
[www.ciklum.com/wp-content/uploads/2025/06/solution-2-1.png]
[www.ciklum.com/wp-content/uploads/2025/06/NET_Core_Logo.svg-removebg-preview.png]
[www.ciklum.com/wp-content/uploads/2025/06/Kafka.png]
[www.ciklum.com/wp-content/uploads/2025/06/AWS-1.png]
[www.ciklum.com/case-studies/betsson/index.html]
[www.ciklum.com/wp-content/uploads/2025/06/doxy-Info-Image-copy.webp]
[www.ciklum.com/wp-content/uploads/2025/06/doxy-Image-1.webp]
[www.ciklum.com/wp-content/uploads/2025/06/doxy-Image-2.webp]
[www.ciklum.com/wp-content/uploads/2025/09/Vava-Cars-Card-Image-copy.webp]
[www.ciklum.com/case-studies/doxy-me/index.html]
[www.ciklum.com/wp-content/uploads/2025/06/Bytes-Info-Image-copy.webp]
[www.ciklum.com/case-studies/digital-first-car-marketplace/index.html]
[www.ciklum.com/wp-content/uploads/2025/06/Bytes-Image-1-problem-image.webp]
[www.ciklum.com/wp-content/uploads/2025/06/Bytes-Image-2-the-solution.webp]
[www.ciklum.com/case-studies/redefining-b2b-commerce/index.html]
[www.ciklum.com/wp-content/uploads/2025/06/infoimage-7.png]
[www.ciklum.com/wp-content/uploads/2025/06/The-challange-2.png]
[www.ciklum.com/wp-content/uploads/2025/06/how-we-helped-them-7.png]
[www.ciklum.com/wp-content/uploads/2025/06/azure-api.png]
[www.ciklum.com/wp-content/uploads/2025/06/web-based-ui.png]
[www.ciklum.com/wp-content/uploads/2025/06/integration.png]
[www.ciklum.com/wp-content/uploads/2025/06/efficient-Payload.png]
[www.ciklum.com/case-studies/ai-driven-fleet-optimization/index.html]
[www.ciklum.com/wp-content/uploads/2025/06/TUI_Group_new_logo-2.png]
[www.ciklum.com/wp-content/uploads/2025/09/card-image-1.webp]
[www.ciklum.com/case-studies/tui-group/index.html]
[www.ciklum.com/case-studies/gen-z-dating-app/index.html]
[www.ciklum.com/wp-content/uploads/2025/08/H2_-Why-Static-Reports-and-Dashboards-Are-Holding-Retailers-Back.png]
[www.ciklum.com/wp-content/uploads/2025/08/H3_-Dynamic-Pricing.png]
[www.ciklum.com/category/data/index.html]
[www.ciklum.com/wp-content/uploads/2025/08/H3_-Natural-Language-and-Voice-Insights.png]
[www.ciklum.com/category/data/data-science-analytics/index.html]
[www.ciklum.com/tag/artificial-intelligence/index.html]
[www.ciklum.com/author/sreekumar-veluthakkal/index.html]
[www.ciklum.com/tag/retail-and-consumer/index.html]
[www.ciklum.com/wp-content/uploads/2025/08/H3_-Embed-Ethical-AI.png]
[www.ciklum.com/wp-content/uploads/2025/08/H2_-In-Summary_-Finding-The-Right-Partner-To-Maximize-Retail-AI-Potential.png]
[www.ciklum.com/blog/ai-predictions-2025-big-tech-investments-accelerating-innovation/index.html]
[www.ciklum.com/wp-content/uploads/2025/08/AI_banner_Contact-us-Jul-15-2025-08-35-31-3809-AM.png]
[www.ciklum.com/blog/unleashing-the-power-of-ai-best-practices-for-enterprise-strategy-and-deployment/index.html]
[platform.twitter.com/widgets.js]
[www.ciklum.com/wp-content/themes/ciklum/assets/img/LinkedinLogo.png]
[www.ciklum.com/wp-content/uploads/2026/01/team-collaboration-software-engineers-laptop-ciklum-1024x828.png]
[www.ciklum.com/wp-content/uploads/2026/01/Title-image-1024x828.png]
[www.ciklum.com/wp-content/uploads/2025/12/Title-image-4-1024x828.png]
[www.ciklum.com/blog/ai-powered-insights-in-retail-enabling-smarter-faster-decision-making/index.html]
[www.ciklum.com/category/engineering/index.html]
[www.ciklum.com/category/engineering/ai-enabled-engineering/index.html]
[www.ciklum.com/author/enver-cetin/index.html]
[www.ciklum.com/wp-content/uploads/2025/08/H2_-Why-Time-to-Market-Matters-in-Product-Development.png]
[www.ciklum.com/wp-content/uploads/2025/08/Product-engineering_banner_case-studies.png]
[www.ciklum.com/tag/product-engineering/index.html]
[www.ciklum.com/wp-content/uploads/2025/08/H2_-Decoding-AI-Driven-Product-Engineering.png]
[www.ciklum.com/blog/explore-ciklums-guide-to-practical-generative-ai-examples/index.html]
[www.ciklum.com/wp-content/uploads/2025/08/Product-engineering_banner_service-page.png]
[www.ciklum.com/wp-content/uploads/2025/08/H3_-Streamlined-Go-to-Market-Strategies.png]
[www.ciklum.com/wp-content/uploads/2025/08/H2_-Agentic-AI_-A-Strategic-Advantage-in-Retail-Product-Engineering.png]
[www.ciklum.com/blog/how-agentic-ai-is-changing-customer-experience-in-2025/index.html]
[www.ciklum.com/wp-content/uploads/2025/08/H3_-Digital-Twins-in-Action.png]
[www.ciklum.com/blog/generative-ai-in-retail-5-ways-its-transforming-the-industry/index.html]
[www.ciklum.com/indexd41d.html]
[www.ciklum.com/wp-content/uploads/2025/08/Product-engineering_banner_Contact-us-3.png]
[www.ciklum.com/blog/achieve-faster-product-cycles-in-retail-with-ai-driven-engineering/index.html]
[www.ciklum.com/wp-content/uploads/2025/08/Key-Takeaways-Jul-03-2025-09-21-35-3920-AM.png]
[www.ciklum.com/wp-content/uploads/2025/08/H2_-The-Ripple-Effect_-How-AI-Transformation-Starts-Small-But-Spreads-Organization-Wide_Bullet1.png]
[www.ciklum.com/wp-content/uploads/2025/08/H2_-The-Ripple-Effect_-How-AI-Transformation-Starts-Small-But-Spreads-Organization-Wide_Bullet2-1.png]
[www.ciklum.com/wp-content/uploads/2025/08/H2_-The-Ripple-Effect_-How-AI-Transformation-Starts-Small-But-Spreads-Organization-Wide_Bullet3.png]
[www.ciklum.com/category/automation/index.html]
[www.ciklum.com/wp-content/uploads/2025/08/H2_-The-Ripple-Effect_-How-AI-Transformation-Starts-Small-But-Spreads-Organization-Wide_Bullet4.png]
[www.ciklum.com/category/automation/ai-agents-orchestration/index.html]
[www.ciklum.com/author/ciklum-editorial-team/index.html]
[www.ciklum.com/tag/agentic-ai/index.html]
[www.ciklum.com/wp-content/uploads/2025/08/CTA-Banner_Agentic-AI-1.png]
[www.ciklum.com/tag/data-and-artificial-intelligence/index.html]
[www.ciklum.com/tag/healthcare/index.html]
[www.ciklum.com/wp-content/uploads/2025/08/H2_-How-AI-is-Redefining-Roles-and-Relationships-in-Healthcare.png]
[www.ciklum.com/wp-content/uploads/2025/08/H2_-Beyond-Technical-Implementation_-AI-Driven-Cultural-Change-in-Healthcare.png]
[www.ciklum.com/wp-content/uploads/2025/08/AI_banner_Contact-us-Jul-03-2025-10-38-06-0637-AM.png]
[www.ciklum.com/wp-content/uploads/2026/01/Title-image-1024x828.jpg]
[www.ciklum.com/wp-content/uploads/2025/08/header-1024x697.png]
[www.ciklum.com/wp-content/uploads/2025/10/Header-Image-1024x697.jpg]
[www.ciklum.com/wp-content/uploads/2025/08/Data-as-Currency_-The-Emerging-Economy-of-Digital-Value_BannerOpt1-2-1024x697.png]
[www.ciklum.com/blog/how-ai-agents-are-rewiring-corporate-dna-in-healthcare/index.html]
[www.ciklum.com/wp-content/uploads/2026/01/Ready-to-derisk-your-modernization-journey-1024x284.jpg]
[www.ciklum.com/wp-content/uploads/2026/01/Types-of-Modernization-The-7-R-Framework-1024x727.png]
[www.ciklum.com/wp-content/uploads/2026/01/Stop-maintaining-the-past-Start-engineering-the-future-1024x284.jpg]
[www.ciklum.com/category/engineering/ai-assisted-legacy-refactor/index.html]
[www.ciklum.com/wp-content/uploads/2026/01/ROI-Modeling-Justifying-the-Investment.jpg]
[www.ciklum.com/wp-content/uploads/2026/01/Build-Your-Modernization-Blueprint-1024x284.jpg]
[www.ciklum.com/legacy-modernization/index.html]
[www.ciklum.com/category/cloud-edge-tech/index.html]
[www.ciklum.com/category/cloud-edge-tech/cloud-transformation/index.html]
[www.ciklum.com/wp-content/uploads/2025/10/footer-logo-1.svg]
[www.ciklum.com/tag/ai-assisted-code-refactoring/index.html]
[www.ciklum.com/tag/cloud-transformation-optimization/index.html]
[www.ciklum.com/wp-content/uploads/2025/11/fb.svg]
[www.ciklum.com/tag/enterprise-ai-readiness/index.html]
[www.ciklum.com/tag/legacy-system-modernization/index.html]
[www.ciklum.com/wp-content/uploads/2025/11/linkedin.svg]
[www.ciklum.com/wp-content/uploads/2025/11/insta.svg]
[www.ciklum.com/wp-content/uploads/2025/11/yt.svg]
[www.ciklum.com/about/index.html]
[www.ciklum.com/tag/monolith-to-microservices/index.html]
[www.ciklum.com/wp-content/uploads/2025/12/From-Automation-to-Agentic-Decisioning.webp]
[www.ciklum.com/all-resources/index.html]
[www.ciklum.com/ebook/from-automation-to-autonomy-the-agentic-ai-shift-in-retail-and-cpg/index.html]
[www.ciklum.com/videos/podcast-engineering-experiences-ciklums-al-growth-playbook/index.html]
[www.ciklum.com/terms-of-use/indexdf10.html]
[www.ciklum.com/terms-of-use/index.html]
[www.ciklum.com/wp-content/themes/ciklum/assets/fonts/icomoond4f2.html]
[www.ciklum.com/wp-content/themes/ciklum/assets/fonts/icomoond4f2-2.html]
[www.ciklum.com/wp-content/themes/ciklum/assets/fonts/icomoond4f2-3.html]
[www.ciklum.com/wp-content/themes/ciklum/assets/fonts/icomoond4f2-4.html]
[www.ciklum.com/wp-content/themes/ciklum/assets/img/arrow-right.svg]
[www.ciklum.com/wp-content/themes/ciklum/assets/img/arrow-right-white.svg]
[www.ciklum.com/wp-content/themes/ciklum/assets/img/drop-down-arrow.svg]
[www.ciklum.com/wp-content/themes/ciklum/assets/img/map-pin-fill.svg]
[www.ciklum.com/wp-content/themes/ciklum/assets/img/map-pin-fill-blue.svg]
[www.ciklum.com/wp-content/themes/ciklum/assets/img/circle-right.svg]
[www.ciklum.com/wp-content/themes/ciklum/assets/img/circle-left.svg]
[www.ciklum.com/wp-content/themes/ciklum/assets/img/acc-icon.svg]
[www.ciklum.com/wp-content/themes/ciklum/assets/img/sl-arrow-right.svg]
[www.ciklum.com/wp-content/themes/ciklum/assets/img/arrow-right-menu.svg]
[www.ciklum.com/wp-content/themes/ciklum/assets/js/privacy.js]
[www.ciklum.com/wp-content/uploads/2025/06/infoimage-2.png]
[www.ciklum.com/wp-content/uploads/2025/06/The-Challange.png]
[www.ciklum.com/wp-content/uploads/2025/06/how-we-helped-them-1.png]
[www.ciklum.com/wp-content/uploads/2025/06/Bootstrap.webp]
[www.ciklum.com/wp-content/uploads/2025/06/TS.webp]
[www.ciklum.com/wp-content/uploads/2025/06/Angularjs.png]
[www.ciklum.com/wp-content/uploads/2025/06/ASP.NET_.png]
[www.ciklum.com/wp-content/uploads/2025/06/HTML-JS-CSS.png]
[www.ciklum.com/wp-content/uploads/2025/06/SAP-S4HANA.png]
[www.ciklum.com/wp-content/uploads/2025/06/DevExpress.png]
[www.ciklum.com/wp-content/uploads/2025/06/Telerik.png]
[www.ciklum.com/case-studies/salling-group/index.html]
[www.ciklum.com/wp-content/uploads/2025/08/Expert-Advice-How-important-is-architecture-in-software-development.webp]
[www.ciklum.com/category/engineering/software-architecture/index.html]
[www.ciklum.com/wp-content/uploads/2025/08/Icon1_clean-platform.png]
[www.ciklum.com/tag/software-architecture/index.html]
[www.ciklum.com/wp-content/uploads/2025/08/Icon2_clientteam-communication.png]
[www.ciklum.com/wp-content/uploads/2025/08/Icon3_Streamlining-coding.png]
[www.ciklum.com/wp-content/uploads/2025/08/Icon4_security-checks.png]
[www.ciklum.com/wp-content/uploads/2025/08/Icon5_Speed-and-accessibility-of-change.png]
[www.ciklum.com/wp-content/uploads/2025/08/Icon6_fast-product-launches.png]
[www.ciklum.com/wp-content/uploads/2025/08/software-arch-CTA_2.png]
[www.ciklum.com/wp-content/uploads/2025/08/How-to-Choose-a-Software-Development-Company-in-2023-1.webp]
[www.ciklum.com/wp-content/uploads/2025/08/Are-Your-IoT-and-Connected-Devices-A-Hidden-Security-Risk_BannerOpt3-1024x697.png]
[www.ciklum.com/wp-content/uploads/2025/08/The-Impact-of-GIS-Data-on-the-Insurance-Industry_BannerOpt2-1024x697.png]
[www.ciklum.com/wp-content/uploads/2025/08/Design-By-Data_BannerOpt3-1024x697.png]
[www.ciklum.com/wp-content/uploads/2025/08/How-Photonic-Quantum-Computing-Solves-Complex-Financial-Modeling-Challenges_BannerOpt2-1024x697.png]
[www.ciklum.com/blog/expert-advice-how-important-is-architecture-in-software-development/index.html]
[www.ciklum.com/blog/how-photonic-quantum-computing-solves-complex-financial-modeling-challenges/index.html]
[www.ciklum.com/wp-content/uploads/2025/08/header_1-Oct-09-2024-08-54-51-5630-AM.png]
[www.ciklum.com/wp-content/uploads/2025/08/graph1-Oct-09-2024-08-54-49-1814-AM.png]
[www.ciklum.com/tag/featured/index.html]
[www.ciklum.com/wp-content/uploads/2025/08/Copy-of-AI_banner_Service-page.png]
[www.ciklum.com/wp-content/uploads/2025/08/graph2-Oct-09-2024-08-54-49-3204-AM.png]
[www.ciklum.com/wp-content/uploads/2025/08/Copy-of-AI_banner_Contact-us.png]
[www.ciklum.com/wp-content/uploads/2025/08/graph3-Oct-09-2024-08-54-49-3438-AM.png]
[www.ciklum.com/blog/6-key-challenges-in-ai-engineering-and-how-to-overcome-them/index.html]
[www.ciklum.com/wp-content/uploads/2025/08/header_1-Oct-10-2024-08-39-03-4786-AM.png]
[www.ciklum.com/category/engineering/digital-assurance/index.html]
[www.ciklum.com/tag/digital-assurance/index.html]
[www.ciklum.com/wp-content/uploads/2025/08/graph1-Oct-10-2024-08-39-01-5170-AM.png]
[www.ciklum.com/blog/how-to-improve-quality-assurance-in-banking-financial-applications/index.html]
[www.ciklum.com/wp-content/uploads/2025/08/graph2-Oct-10-2024-08-39-01-5527-AM.png]
[www.ciklum.com/wp-content/uploads/2025/08/Copy-of-digital-assurance_banner_Service-page.png]
[www.ciklum.com/blog/why-digital-assurance-and-digital-transformation-go-hand-in-hand/index.html]
[www.ciklum.com/wp-content/uploads/2025/08/Copy-of-digital-assurance_banner_Case-studies.png]
[www.ciklum.com/wp-content/uploads/2025/08/Copy-of-digital-assurance_banner_contact-us.png]
[www.ciklum.com/blog/quality-assurance-in-product-development-an-essential-aspect-or-an-extra-perk/index.html]
[www.ciklum.com/wp-content/uploads/2025/08/header_1-11.png]
[www.ciklum.com/wp-content/uploads/2025/08/graph1-3-1.png]
[www.ciklum.com/wp-content/uploads/2025/08/graph2.png]
[www.ciklum.com/author/yuliia-zavorotynska/index.html]
[www.ciklum.com/wp-content/uploads/2025/08/01_Quicker-turnaround-of-product-launches.png]
[www.ciklum.com/tag/solution-discovery/index.html]
[www.ciklum.com/wp-content/uploads/2025/08/02_Better-quality-of-product-development.png]
[www.ciklum.com/wp-content/uploads/2025/08/03_Greater-cost-savings.png]
[www.ciklum.com/wp-content/uploads/2025/08/04_Improved-team-efficiencies.png]
[www.ciklum.com/wp-content/uploads/2025/08/05_Stronger-CX.png]
[www.ciklum.com/blog/the-role-of-product-engineering-in-supporting-business-growth/index.html]
[www.ciklum.com/bfsi/index.html]
[www.ciklum.com/retail-consumer-industry/index.html]
[www.ciklum.com/healthcare/index.html]
[www.ciklum.com/hi-tech/index.html]
[www.ciklum.com/automotive-manufacturing/index.html]
[www.ciklum.com/travel-hospitality/index.html]
[www.ciklum.com/wp-content/uploads/2025/06/infoimage-3.webp]
[www.ciklum.com/wp-content/uploads/2025/06/image-01-May-26-2025-02-02-37-4475-PM.webp]
[www.ciklum.com/wp-content/uploads/2025/06/image-02-May-26-2025-02-04-24-5996-PM.webp]
[www.ciklum.com/case-studies/monks/index.html]
[www.ciklum.com/wp-content/uploads/2025/08/What-is-experience-design-and-why-is-it-important.webp]
[www.ciklum.com/wp-content/uploads/2025/08/Experience-design_UX-and-Experience-Design-1.jpg]
[www.ciklum.com/wp-content/uploads/2025/08/Experience-design-blog_Stats_edited.jpg]
[www.ciklum.com/wp-content/uploads/2025/08/Experience-design-blog_4-steps-process-1.jpg]
[www.ciklum.com/wp-content/uploads/2025/08/Icon-User-centricity-1.png]
[www.ciklum.com/wp-content/uploads/2025/08/Icon-Consistency-1.png]
[www.ciklum.com/wp-content/uploads/2025/08/Icon-Simplicity-1.png]
[www.ciklum.com/category/experience/index.html]
[www.ciklum.com/wp-content/uploads/2025/08/Icon-Empathy-Understanding-1.png]
[www.ciklum.com/wp-content/uploads/2025/08/Icon-Holistic-Approach-1.png]
[www.ciklum.com/wp-content/uploads/2025/08/Icon-Accessibility-Inclusivity-1.png]
[www.ciklum.com/category/experience/ux-ui-design/index.html]
[www.ciklum.com/tag/customer-experience/index.html]
[www.ciklum.com/tag/experience-design/index.html]
[www.ciklum.com/wp-content/uploads/2025/08/Proven-Strategies_-How-Leading-Banks-Leverage-Analytics-to-Drive-Success_BannerOpt3-1024x697.png]
[www.ciklum.com/wp-content/uploads/2025/08/How-Can-You-Create-a-Seamless-Customer-Journey-Across-Different-Touchpoints-to-Improve-Speed-to-Purchase___BannerOpt1-1024x697.png]
[www.ciklum.com/blog/banks-leveraging-analytics/index.html]
[www.ciklum.com/wp-content/uploads/2025/08/Future-of-Retail_-The-Role-of-Digital-Twins-in-Shaping-Consumer-Choices_BannerOpt2-1024x697.png]
[www.ciklum.com/blog/how-can-you-create-a-seamless-customer-journey-across-different-touchpoints-to-improve-speed-to-purchase/index.html]
[www.ciklum.com/wp-content/uploads/2025/08/How-Customized-Experiences-Can-Transform-Complex-Financial-Services_BannerOpt1-1024x697.png]
[www.ciklum.com/blog/future-of-retail-the-role-of-digital-twins-in-shaping-consumer-choices/index.html]
[www.ciklum.com/wp-content/uploads/2025/08/The-Technology-Leaders-Blueprint-for-Financial-Services-Customer-Experience_BannerOpt1-1024x697.png]
[www.ciklum.com/blog/what-is-experience-design-and-why-is-it-important/index.html]
[www.ciklum.com/blog/how-customized-experiences-can-transform-complex-financial-services/index.html]
[www.ciklum.com/blog/the-technology-leaders-blueprint-for-financial-services-customer-experience/index.html]
[www.ciklum.com/wp-content/uploads/2025/08/What-is-Product-Discovery-4-stages-to-understanding-users.webp]
[www.ciklum.com/wp-content/uploads/2025/08/Product-Discovery-process.jpg]
[www.ciklum.com/category/experience/product-discovery/index.html]
[www.ciklum.com/wp-content/uploads/2025/08/Product-Discovery-blog-CTA-banner.png]
[www.ciklum.com/ebook/customer-centric-product-development-ebook/index.html]
[www.ciklum.com/blog/what-is-product-discovery-4-stages-to-understanding-users/index.html]
[www.ciklum.com/wp-content/uploads/2025/08/The-Importance-of-Customer-Experience-in-the-Age-of-AI.webp]
[www.ciklum.com/wp-content/uploads/2025/08/The-Future-of-CX-Key-Takeaways.jpg]
[www.ciklum.com/category/experience/product-management/index.html]
[www.ciklum.com/author/julian-beckers/index.html]
[www.ciklum.com/blog/your-roadmap-to-effective-customer-experience-design/index.html]
[www.ciklum.com/wp-content/uploads/2025/08/6-Key-Predictions-for-Intelligent-Automation-AI-in-Retail-by-2025_BannerOpt1-1024x697.png]
[www.ciklum.com/wp-content/uploads/2025/10/How-can-you-continue-to-tailor-CX-with-personalized-AI-recommendations_BannerOpt1-1-1024x697.png]
[www.ciklum.com/wp-content/uploads/2025/08/The-Data-Driven-Edge_BannerOpt2-1024x697.png]
[www.ciklum.com/blog/the-importance-of-customer-experience-in-the-age-of-ai/index.html]
[www.ciklum.com/wp-content/uploads/2025/08/header_1-36.png]
[www.ciklum.com/wp-content/uploads/2025/08/Icon1_UI.png]
[www.ciklum.com/author/olena-nikolova/index.html]
[www.ciklum.com/wp-content/uploads/2025/08/Check-box.png]
[www.ciklum.com/wp-content/uploads/2025/08/Icon3_CX.png]
[www.ciklum.com/wp-content/uploads/2025/08/graph1-12.png]
[www.ciklum.com/wp-content/uploads/2025/08/no-1.png]
[www.ciklum.com/wp-content/uploads/2025/08/no-2.png]
[www.ciklum.com/wp-content/uploads/2025/08/no-3.png]
[www.ciklum.com/wp-content/uploads/2025/08/no-4.png]
[www.ciklum.com/blog/why-digital-experience-design-matters-key-strategies-and-best-practices/index.html]
[www.ciklum.com/wp-content/uploads/2025/06/Info-image.png]
[www.ciklum.com/blog/5-must-dos-for-maximising-digital-experience/index.html]
[www.ciklum.com/wp-content/uploads/2025/06/Challenge-image.png]
[www.ciklum.com/wp-content/uploads/2025/06/How-we-solved-image.png]
[www.ciklum.com/wp-content/uploads/2025/06/Icon_Queue-Messaging.png]
[www.ciklum.com/wp-content/uploads/2025/06/Icon_Database-Transaction-Management.png]
[www.ciklum.com/wp-content/uploads/2025/06/Icon_Synchronous-and-Asynchronous-Automation.png]
[www.ciklum.com/wp-content/uploads/2025/06/Icon_Enhanced-Security-Measures.png]
[www.ciklum.com/wp-content/uploads/2025/06/azure.png]
[www.ciklum.com/wp-content/uploads/2025/06/SalesForce-Ridge-Partner-logo.png]
[www.ciklum.com/wp-content/uploads/2025/06/Dot-Net-Logo1628555315.png]
[www.ciklum.com/case-studies/inspira/index.html]
[www.ciklum.com/wp-content/uploads/2025/05/info-image-VmWare-copy.webp]
[www.ciklum.com/wp-content/uploads/2025/05/Image-01-May-20-2025-10-22-19-3656-AM-1.webp]
[www.ciklum.com/wp-content/uploads/2025/05/Image-02-May-20-2025-10-22-33-3727-AM.webp]
[www.ciklum.com/wp-content/uploads/2025/05/Intelligent-Automation-at-Scale.png]
[www.ciklum.com/wp-content/uploads/2025/05/Cloud-Driven-Bot-Migration.png]
[www.ciklum.com/wp-content/uploads/2025/05/Real-Time-Processing-with-AI-IDP.png]
[www.ciklum.com/wp-content/uploads/2025/05/Process-Mining-Platform-Integration.png]
[www.ciklum.com/case-studies/increasing-deal-velocity/index.html]
[www.ciklum.com/wp-content/uploads/2025/08/AI-Agents-Explained_-The-Future-of-Task-Automation-and-Productivity_BannerOpt1.png]
[www.ciklum.com/wp-content/uploads/2025/08/H1_-AI-Agents-Explained_-The-Future-of-Task-Automation-and-Productivity.png]
[www.ciklum.com/wp-content/uploads/2025/08/H1_-AI-Agents-Explained_-The-Future-of-Task-Automation-and-Productivity-1.png]
[www.ciklum.com/wp-content/uploads/2025/08/AI_banner_Service-page-1.png]
[www.ciklum.com/wp-content/uploads/2025/08/H2_-AI-Agents-vs.-Traditional-Automation_-What_s-the-Difference__Opt2.png]
[www.ciklum.com/wp-content/uploads/2025/08/AI_banner_Case-study-1.png]
[www.ciklum.com/wp-content/uploads/2025/08/H2_-How-to-Implement-AI-Agents-in-Your-Workflow.png]
[www.ciklum.com/wp-content/uploads/2025/08/AI_banner_Contact-us-1-1.png]
[www.ciklum.com/blog/ai-agents-explained-the-future-of-task-automation-and-productivity/index.html]
[www.ciklum.com/wp-content/uploads/2025/08/Header-24.png]
[www.ciklum.com/wp-content/uploads/2025/08/graph1-8.png]
[www.ciklum.com/wp-content/uploads/2025/08/graph2-5.png]
[www.ciklum.com/wp-content/uploads/2025/08/01_efficiency.png]
[www.ciklum.com/wp-content/uploads/2025/08/02_Scalability.png]
[www.ciklum.com/wp-content/uploads/2025/08/03_Adaptability.png]
[www.ciklum.com/wp-content/uploads/2025/08/07_New-security-risks.png]
[www.ciklum.com/wp-content/uploads/2025/08/05_Integration-complexity.png]
[www.ciklum.com/wp-content/uploads/2025/08/06_Ethical-issues.png]
[www.ciklum.com/blog/transformative-effects-of-artificial-intelligence-on-financial-services/index.html]
[www.ciklum.com/wp-content/uploads/2025/08/graph3-2-1.png]
[www.ciklum.com/ebook/gen-ai-and-digital-experience-trend-predictions-for-2025-ebook/index.html]
[www.ciklum.com/blog/into-the-future-how-agentic-ai-is-changing-the-game-in-2025/index.html]
[www.ciklum.com/wp-content/uploads/2025/08/How-Conversational-AI-is-transforming-customer-service.webp]
[www.ciklum.com/wp-content/uploads/2025/08/Graph-1-2.png]
[www.ciklum.com/category/automation/conversational-ai/index.html]
[www.ciklum.com/wp-content/uploads/2025/08/Virtual-Assistants.png]
[www.ciklum.com/author/sarah-topping/index.html]
[www.ciklum.com/wp-content/uploads/2025/08/Voicebots.png]
[www.ciklum.com/wp-content/uploads/2025/08/Smart-assistants.png]
[www.ciklum.com/wp-content/uploads/2025/08/Quicker-responses.png]
[www.ciklum.com/wp-content/uploads/2025/08/Personalization.png]
[www.ciklum.com/tag/conversational-ai/index.html]
[www.ciklum.com/wp-content/uploads/2025/08/Identifying-opportunities-for-upselling.png]
[www.ciklum.com/wp-content/uploads/2025/08/Always-on-support.png]
[www.ciklum.com/wp-content/uploads/2025/08/Graph-4.png]
[www.ciklum.com/tag/intelligent-automation/index.html]
[www.ciklum.com/blog/how-the-use-of-automation-is-leveling-up-the-retail-industry/index.html]
[www.ciklum.com/blog/risk-vs-reward-ai-development-for-payments/index.html]
[www.ciklum.com/wp-content/uploads/2025/10/Breaking-Free-From-Pilot-Purgatory_-How-Conversational-AI-Drives-Enterprise-Success-1024x697.png]
[www.ciklum.com/wp-content/uploads/2025/08/iGaming-with-Conversational-AI_BannerOpt2-1-1024x697.png]
[www.ciklum.com/wp-content/uploads/2025/08/How-Workflow-Automation-Stops-Healthcare-Flatlines_BannerOpt1-1024x697.png]
[www.ciklum.com/blog/how-conversational-ai-is-transforming-customer-service/index.html]
[www.ciklum.com/wp-content/uploads/2025/12/01.png]
[www.ciklum.com/wp-content/uploads/2025/12/02.png]
[www.ciklum.com/wp-content/uploads/2025/12/03.png]
[www.ciklum.com/category/automation/gen-ai-decision-science/index.html]
[www.ciklum.com/wp-content/uploads/2025/12/04.png]
[www.ciklum.com/wp-content/uploads/2025/10/Things-to-Consider-When-Hiring-a-Generative-AI-Development-Partner_BannerOpt2-1-1024x697.webp]
[www.ciklum.com/category/hi-tech/index.html]
[www.ciklum.com/tag/generative-ai/index.html]
[www.ciklum.com/wp-content/uploads/2025/08/How-Is-Agentic-AI-Making-Shopping-Smarter_BannerOpt3-1024x697.png]
[www.ciklum.com/blog/genai-trends-2026/index.html]
[www.ciklum.com/wp-content/uploads/2025/06/info-image-copy-1.webp]
[www.ciklum.com/blog/from-browsing-to-buying-agentic-ais-journey-through-retail/index.html]
[www.ciklum.com/wp-content/uploads/2025/06/image-01-1.webp]
[www.ciklum.com/wp-content/uploads/2025/06/image-02-1.webp]
[www.ciklum.com/case-studies/auction-salesforce/index.html]
[www.ciklum.com/wp-content/uploads/2025/06/infoimage-5.png]
[www.ciklum.com/wp-content/uploads/2025/06/the-problem-3.png]
[www.ciklum.com/wp-content/uploads/2025/06/how-we-helped-them-4.png]
[www.ciklum.com/wp-content/uploads/2025/06/TS.png]
[www.ciklum.com/wp-content/uploads/2025/06/react-redux.png]
[www.ciklum.com/wp-content/uploads/2025/06/Screenshot-2022-10-25-at-14.57.33.png]
[www.ciklum.com/wp-content/uploads/2025/09/card-image-9.png]
[www.ciklum.com/wp-content/uploads/2025/09/card-image-7.png]
[www.ciklum.com/case-studies/vr-game-changer-achieving-a-increase-in-player-registrations/index.html]
[www.ciklum.com/case-studies/enhancing-skill-proficiency-of-medical-professionals-through-vr-based-application/index.html]
[www.ciklum.com/wp-content/uploads/2025/09/card-image-6.png]
[www.ciklum.com/case-studies/authentic-gaming/index.html]
[www.ciklum.com/wp-content/uploads/2025/06/Info-image-1.png]
[www.ciklum.com/case-studies/boosting-students-engagement-through-innovative-learning-apps/index.html]
[www.ciklum.com/wp-content/uploads/2025/06/Challenge-image-1.png]
[www.ciklum.com/wp-content/uploads/2025/06/How-we-solved-image-1.png]
[www.ciklum.com/wp-content/uploads/2025/06/Icon_Analysis-Recommendations.png]
[www.ciklum.com/wp-content/uploads/2025/06/Icon_Functionality-Mapping.png]
[www.ciklum.com/wp-content/uploads/2025/06/Icon_Data-Backup.png]
[www.ciklum.com/wp-content/uploads/2025/06/Icon_System-Optimization.png]
[www.ciklum.com/case-studies/salesforce-security-optimization/index.html]
[www.ciklum.com/wp-content/uploads/2025/08/header_1-31.png]
[www.ciklum.com/wp-content/uploads/2025/08/graph_1-4.png]
[www.ciklum.com/wp-content/uploads/2025/08/01_Integration-of-AI-in-ARVR.png]
[www.ciklum.com/wp-content/uploads/2025/08/02_Rise-of-AR-Avatars-and-Virtual-Beings.png]
[www.ciklum.com/wp-content/uploads/2025/08/03_5G-and-Its-Impact-on-ARVR.png]
[www.ciklum.com/category/cloud-edge-tech/xr-ar-mr-vr/index.html]
[www.ciklum.com/wp-content/uploads/2025/08/04_WebAR-and-Cross-Platform-Applications.png]
[www.ciklum.com/wp-content/uploads/2025/08/05_Wearable-ARVR-Devices.png]
[www.ciklum.com/wp-content/uploads/2025/08/06_Education-and-Training.png]
[www.ciklum.com/wp-content/uploads/2025/08/07_retail-and-e-commerce.png]
[www.ciklum.com/wp-content/uploads/2025/08/08_Healthcare-and-Medical-Training.png]
[www.ciklum.com/tag/edge-technologies/index.html]
[www.ciklum.com/wp-content/uploads/2025/08/09_Manufacturing-and-Engineering.png]
[www.ciklum.com/wp-content/uploads/2025/08/10_Entertainment-and-Gaming.png]
[www.ciklum.com/tag/xr-ar-mr-vr/index.html]
[www.ciklum.com/wp-content/uploads/2025/08/Strategies-for-Integrating-XR-Experiences-into-Existing-Customer-Journeys_BannerOpt2-1024x697.png]
[www.ciklum.com/wp-content/uploads/2025/08/header_1-Oct-09-2024-08-54-51-5630-AM-1024x697.png]
[www.ciklum.com/wp-content/uploads/2025/08/header_1-Oct-31-2024-01-47-09-1247-PM-1024x697.png]
[www.ciklum.com/blog/optimizing-deep-neural-networks-for-edge-devices-the-power-of-pruning/index.html]
[www.ciklum.com/wp-content/uploads/2025/08/header_1-1024x697.gif]
[www.ciklum.com/blog/ar-vr-trends-and-predictions-for-2025-beyond/index.html]
[www.ciklum.com/blog/transform-your-retail-experience-with-advanced-ar-solutions/index.html]
[www.ciklum.com/wp-content/uploads/2025/08/The-Future-of-Embedded-Systems-Trends-and-Innovations.webp]
[www.ciklum.com/wp-content/uploads/2025/08/01_Greater-IoT-integration.png]
[www.ciklum.com/wp-content/uploads/2025/08/02_computing.png]
[www.ciklum.com/wp-content/uploads/2025/08/03_AI.png]
[www.ciklum.com/wp-content/uploads/2025/08/04_Security.png]
[www.ciklum.com/category/cloud-edge-tech/iot-embedded/index.html]
[www.ciklum.com/wp-content/uploads/2025/08/05_Smarter-connectivity.png]
[www.ciklum.com/author/milan-piskla/index.html]
[www.ciklum.com/wp-content/uploads/2025/08/06_VR.png]
[www.ciklum.com/tag/iot-and-embedded/index.html]
[www.ciklum.com/wp-content/uploads/2025/08/header_1-31-1024x697.png]
[www.ciklum.com/wp-content/uploads/2025/08/header_1-Oct-04-2024-11-39-50-3213-AM-1024x697.png]
[www.ciklum.com/blog/the-future-of-embedded-systems-trends-and-innovations/index.html]
[www.ciklum.com/blog/8-benefits-of-extended-reality-for-modern-manufacturing-processes/index.html]
[www.ciklum.com/wp-content/uploads/2025/08/Understanding-DevOps-services-to-Debunk-Myths.webp]
[www.ciklum.com/wp-content/uploads/2025/08/What-is-DevOps.jpg]
[www.ciklum.com/wp-content/uploads/2025/08/The-core-fundamentals-of-a-DevOps-service.jpg]
[www.ciklum.com/wp-content/uploads/2025/08/Icon_Team-collaboration.jpg]
[www.ciklum.com/category/cloud-edge-tech/devops/index.html]
[www.ciklum.com/wp-content/uploads/2025/08/Icon_Company-communication.jpg]
[www.ciklum.com/wp-content/uploads/2025/08/Icon_Monitoring-and-measurement.jpg]
[www.ciklum.com/wp-content/uploads/2025/08/Icon_Project-management.jpg]
[www.ciklum.com/wp-content/uploads/2025/08/Icon_Continuous-innovation-1.jpg]
[www.ciklum.com/tag/cloud-platforms/index.html]
[www.ciklum.com/wp-content/uploads/2025/08/Icon_Better-teamwork-and-streamlining.jpg]
[www.ciklum.com/wp-content/uploads/2025/08/Icon_Scalability-and-reliability.jpg]
[www.ciklum.com/wp-content/uploads/2025/08/Icon_Accelerated-delivery.jpg]
[www.ciklum.com/tag/devops/index.html]
[www.ciklum.com/wp-content/uploads/2025/08/Cloud-Engineering-for-HIPAA_BannerOpt2-1024x697.png]
[www.ciklum.com/blog/implement-a-well-architected-framework-for-your-cloud-using-devsecops/index.html]
[www.ciklum.com/wp-content/uploads/2025/08/Migrating-to-Salesforce-Marketing-Cloud_-Moving-Mid-Market-and-GRB-Companies_BannerOpt3-1024x697.png]
[www.ciklum.com/wp-content/uploads/2025/08/Mastering-Salesforce-Integration_-Best-Practices-and-Tips_BannerOpt3-1024x697.png]
[www.ciklum.com/wp-content/uploads/2025/08/Unlocking-the-Potential-of-Financial-Services-Cloud_-A-Complete-Guide_BannerOpt2-1024x697.png]
[www.ciklum.com/blog/mastering-salesforce-integration-best-practices-and-tips/index.html]
[www.ciklum.com/blog/migrating-to-salesforce-marketing-cloud-moving-mid-market-and-grb-companies/index.html]
[www.ciklum.com/wp-content/uploads/2025/08/header-2-1024x697.png]
[www.ciklum.com/blog/understanding-devops-services-to-debunk-myths/index.html]
[www.ciklum.com/blog/unlocking-the-potential-of-financial-services-cloud-a-complete-guide/index.html]
[www.ciklum.com/blog/exploring-chatbots-in-devops-the-future-of-agile-workflows/index.html]
[www.ciklum.com/wp-content/uploads/2025/08/What-is-FinOps-Understanding-the-basics-of-cloud-costs.webp]
[www.ciklum.com/wp-content/uploads/2025/08/Graph-1-1.png]
[www.ciklum.com/category/cloud-edge-tech/cloud-services/index.html]
[www.ciklum.com/wp-content/uploads/2025/08/Graph-2-1.png]
[www.ciklum.com/wp-content/uploads/2025/08/Graph-3-2.png]
[www.ciklum.com/author/maksym-lypivskyi/index.html]
[www.ciklum.com/tag/cloud-engineering/index.html]
[www.ciklum.com/blog/what-is-finops-understanding-the-basics-of-cloud-costs/index.html]
[www.ciklum.com/wp-content/uploads/2024/07/infoimage-18.png]
[www.ciklum.com/wp-content/uploads/2024/07/image-01-8.png]
[www.ciklum.com/wp-content/uploads/2024/07/image-02-8.png]
[www.ciklum.com/case-studies/automated-etl-and-advanced-reporting-for-fintech-client/index.html]
[www.ciklum.com/wp-content/uploads/2025/08/The-5-key-principles-of-MLOps-for-successful-application.webp]
[www.ciklum.com/author/lucian-gruia/index.html]
[www.ciklum.com/wp-content/uploads/2025/08/Graph-01-1.png]
[www.ciklum.com/tag/mlops/index.html]
[www.ciklum.com/wp-content/uploads/2025/08/Graph-02-1.png]
[www.ciklum.com/wp-content/uploads/2025/08/Graph-03.png]
[www.ciklum.com/wp-content/uploads/2025/08/More-focus-on-Data-and-on-behavior.png]
[www.ciklum.com/wp-content/uploads/2025/08/Better-testing-and-governance-1.png]
[www.ciklum.com/wp-content/uploads/2025/08/Wider-automation-for-efficiency.png]
[www.ciklum.com/wp-content/uploads/2025/08/Greater-innovation.png]
[www.ciklum.com/wp-content/uploads/2025/08/Stronger-organizational-productivity.png]
[www.ciklum.com/wp-content/uploads/2025/08/Building-Trustworthy-and-Scalable-AI-Models-for-US-FinTech-Compliance_BannerOpt3-1024x697.png]
[www.ciklum.com/wp-content/uploads/2025/08/Modern-Data-Technology_BannerOpt2-1024x697.png]
[www.ciklum.com/wp-content/uploads/2025/08/From-Diagnosis-to-Claims_-Where-AI-Actually-Works-in-Healthcare_BannerOpt2-1024x697.png]
[www.ciklum.com/blog/the-5-key-principles-of-mlops-for-successful-application/index.html]
[www.ciklum.com/wp-content/uploads/2025/08/How-to-build-a-data-strategy-roadmap.webp]
[www.ciklum.com/wp-content/uploads/2025/08/Stats.jpg]
[www.ciklum.com/wp-content/uploads/2025/08/5-key-steps-to-building-a-data-strategy-roadmap.jpg]
[www.ciklum.com/category/data/modern-data-tech/index.html]
[www.ciklum.com/blog/how-to-build-a-data-strategy-roadmap/index.html]
[www.ciklum.com/tag/product-management/index.html]
[www.ciklum.com/wp-content/uploads/2025/08/Responsible-AI-in-Banking-and- Financial-Services_BannerOpt2pngpng-1.octet-stream]
[www.ciklum.com/category/data/responsible-ai/index.html]
[www.ciklum.com/wp-content/uploads/2025/08/Key-Takeaways-Apr-10-2025-12-27-42-4039-PM.png]
[www.ciklum.com/tag/bfsi/index.html]
[www.ciklum.com/wp-content/uploads/2025/08/H2_-The-Business-Costs-of-Ignoring-Responsible-AI.png]
[www.ciklum.com/wp-content/uploads/2025/08/H3_-Poor-return-on-AI-investments.png]
[www.ciklum.com/wp-content/uploads/2025/08/H2_-Transparency-and-Explainability.png]
[www.ciklum.com/wp-content/uploads/2025/08/H2_-Data-Management.png]
[www.ciklum.com/wp-content/uploads/2025/08/H2_-Operational-Capability.png]
[www.ciklum.com/wp-content/uploads/2025/08/H2_-Regulatory-Compliance.png]
[www.ciklum.com/wp-content/uploads/2025/08/H2_-AI-Literacy_.png]
[www.ciklum.com/wp-content/uploads/2025/08/H2_-Ethics-and-Fairness_.png]
[www.ciklum.com/wp-content/uploads/2025/08/H2_-In-Summary_-Balancing-Governance-with-Innovation.png]
[www.ciklum.com/blog/experience-engineering-what-it-is-and-why-it-matters/index.html]
[www.ciklum.com/wp-content/uploads/2025/08/Data-and-AI_banner_Contact-us-3.png]
[www.ciklum.com/blog/how-responsible-ai-is-reshaping-financial-services-technology/index.html]
[www.ciklum.com/wp-content/uploads/2024/08/infoimage-15.png]
[www.ciklum.com/wp-content/uploads/2024/08/image-01-5.png]
[www.ciklum.com/wp-content/uploads/2024/08/image-02-5.png]
[www.ciklum.com/case-studies/augmented-reality-in-academia-an-in-depth-case-study-on-educational-innovation/index.html]
[www.ciklum.com/wp-content/uploads/2025/12/01-2.png]
[www.ciklum.com/wp-content/uploads/2025/12/02-1.png]
[www.ciklum.com/wp-content/uploads/2025/12/03-1.png]
[www.ciklum.com/blog/compounding-ai-systems/index.html]
[www.ciklum.com/wp-content/uploads/2025/10/01-7-1024x593.png]
[www.ciklum.com/wp-content/uploads/2025/10/02-7-1024x918.png]
[www.ciklum.com/wp-content/uploads/2025/10/03-7-1024x741.png]
[www.ciklum.com/wp-content/uploads/2025/10/04-7-1024x492.png]
[www.ciklum.com/wp-content/uploads/2025/08/Beyond-Data-Optimization_-How-New-Generative-AI-Models-are-Creating-New-Opportunities-for-Business_BannerOpt3-1024x697.png]
[www.ciklum.com/wp-content/uploads/2025/08/7-Key-Trends-in-AI-for-Open-Banking_BannerOpt1-1024x697.png]
[www.ciklum.com/blog/generative-ai-development-partner/index.html]
[www.ciklum.com/wp-content/uploads/2025/08/header_1-Nov-01-2024-10-43-30-1142-AM-1024x697.png]
[www.ciklum.com/wp-content/uploads/2024/07/infoimage-16.png]
[www.ciklum.com/blog/7-key-trends-in-ai-for-open-banking-to-watch-in-2025/index.html]
[www.ciklum.com/wp-content/uploads/2024/07/image-01-6.png]
[www.ciklum.com/wp-content/uploads/2024/07/image-02-6.png]
[www.ciklum.com/case-studies/reduction-in-errors-through-iot-for-a-consumer-goods-company/index.html]
[www.ciklum.com/wp-content/uploads/2025/11/01-1.png]
[www.ciklum.com/wp-content/uploads/2025/11/02-1.png]
[www.ciklum.com/wp-content/uploads/2025/11/03-1.png]
[www.ciklum.com/wp-content/uploads/2025/11/04-2.png]
[www.ciklum.com/blog/ai-ready-data-pipelines-growth/index.html]
[www.ciklum.com/services/experience-services/indexd41d.html]
[www.ciklum.com/wp-content/uploads/2025/11/01-5.png]
[www.ciklum.com/wp-content/uploads/2025/11/2.png]
[www.ciklum.com/wp-content/uploads/2025/11/1.png]
[www.ciklum.com/wp-content/uploads/2025/11/04-6.png]
[www.ciklum.com/wp-content/uploads/2025/11/05-1.png]
[www.ciklum.com/blog/ai-incubator-fintech/index.html]
[www.ciklum.com/category/experience/ai-incubator/index.html]
[www.ciklum.com/category/banking-financial-services/index.html]
[www.ciklum.com/author/somaia-basha/index.html]
[www.ciklum.com/services/ai-incubator/index67b1.html]
[www.ciklum.com/wp-content/uploads/2025/08/16_9-Stats_2.jpg]
[www.ciklum.com/services/ai-incubator/index0d3d.html]
[www.ciklum.com/industries/bfsi/indexd41d.html]
[www.ciklum.com/contact/indexd41d.html]
[www.ciklum.com/category/engineering/solution-discovery/index.html]
[www.ciklum.com/blog/what-is-custom-software-development/index.html]
[www.ciklum.com/blog/in-house-vs-outsourcing-software-development-which-is-right-for-your-business/index.html]
[www.ciklum.com/blog/how-to-choose-a-software-development-company-in-2025/index.html]
[www.ciklum.com/wp-content/uploads/2025/08/How-Mobile-Financial-Applications-are-Driving-Innovation-in-the-Digital-Finance-Era_BannerOpt1-1024x697.png]
[www.ciklum.com/blog/how-mobile-financial-applications-are-driving-innovation-in-the-digital-finance-era/index.html]
[www.ciklum.com/wp-content/uploads/2025/08/Cloud-Engineering-for-HIPAA_BannerOpt2.png]
[www.ciklum.com/wp-content/uploads/2025/08/Key-Takeaways-May-26-2025-10-42-30-5803-AM.png]
[www.ciklum.com/wp-content/uploads/2025/08/H2_-Why-Is-HIPAA-Compliant-Cloud-So-Important-in-US-Healthcare_1.png]
[www.ciklum.com/wp-content/uploads/2025/08/H2_-Why-Is-HIPAA-Compliant-Cloud-So-Important-in-US-Healthcare_2.png]
[www.ciklum.com/wp-content/uploads/2025/08/H2_-Planning-a-HIPAA-Compliant-Cloud-Migration.png]
[www.ciklum.com/wp-content/uploads/2025/08/H2_-Planning-a-HIPAA-Compliant-Cloud-Migration_Bullet1.png]
[www.ciklum.com/wp-content/uploads/2025/08/H2_-Planning-a-HIPAA-Compliant-Cloud-Migration_Bullet2.png]
[www.ciklum.com/wp-content/uploads/2025/08/H2_-Planning-a-HIPAA-Compliant-Cloud-Migration_Bullet3.png]
[www.ciklum.com/wp-content/uploads/2025/08/H2_-Planning-a-HIPAA-Compliant-Cloud-Migration_Bullet4.png]
[www.ciklum.com/wp-content/uploads/2025/08/H2_-Planning-a-HIPAA-Compliant-Cloud-Migration_Bullet5.png]
[www.ciklum.com/wp-content/uploads/2025/08/Cloud-Engineering_banner_Contact-us.png]
[www.ciklum.com/wp-content/uploads/2025/08/Agentic-AI-and-the-Future-of-Personalized-Healthcare_BannerOpt3-1024x697.png]
[www.ciklum.com/wp-content/uploads/2025/08/How-AI-is-Transforming-Healthcare_-Smarter-Chips-Better-Conversations-and-a-New-Era-of-Patient-Care_BannerOpt3-1024x697.png]
[www.ciklum.com/blog/cloud-engineering-for-hipaa-secure-configuration-and-migration-strategies-for-us-healthcare-providers/index.html]
[www.ciklum.com/blog/how-ai-is-transforming-healthcare-smarter-chips-better-conversations-and-a-new-era-of-patient-care/index.html]
[www.ciklum.com/wp-content/uploads/2025/10/Breaking-Free-From-Pilot-Purgatory_-How-Conversational-AI-Drives-Enterprise-Success.png]
[www.ciklum.com/wp-content/uploads/2025/10/01-1024x577.png]
[www.ciklum.com/wp-content/uploads/2025/10/02-1024x430.png]
[www.ciklum.com/wp-content/uploads/2025/10/03-1024x663.png]
[www.ciklum.com/wp-content/uploads/2025/10/04-1024x741.png]
[www.ciklum.com/wp-content/uploads/2025/10/05b-1024x694.png]
[www.ciklum.com/blog/conversational-ai-scale/index.html]
[www.ciklum.com/wp-content/uploads/2025/11/01-6.png]
[www.ciklum.com/wp-content/uploads/2025/11/02-5.png]
[www.ciklum.com/wp-content/uploads/2025/11/03-7.png]
[www.ciklum.com/author/ivana-veljovic/index.html]
[www.ciklum.com/wp-content/uploads/2025/11/04-7.png]
[www.ciklum.com/wp-content/uploads/2025/11/05-2.png]
[www.ciklum.com/wp-content/uploads/2025/11/06.png]
[www.ciklum.com/blog/ai-validation-financial-services/index.html]
[www.ciklum.com/services/generative-ai-and-decision-science/indexe56f.html]
[www.ciklum.com/blog/building-trustworthy-and-scalable-ai-models-for-us-fintech-compliance/indexd41d.html]
[www.ciklum.com/wp-content/uploads/2025/08/Building-Trustworthy-and-Scalable-AI-Models-for-US-FinTech-Compliance_BannerOpt3.png]
[www.ciklum.com/wp-content/uploads/2025/08/Key-Takeaways-Jun-26-2025-08-59-24-4639-AM-1.png]
[www.ciklum.com/wp-content/uploads/2025/08/H3_-Explainable-AI-XAI-1.png]
[www.ciklum.com/blog/agentic-rag-in-banking-5-ai-use-cases-for-fraud-detection-and-regulatory-compliance/index.html]
[www.ciklum.com/wp-content/uploads/2025/08/H3_-Data-Privacy-and-Security-1.png]
[www.ciklum.com/wp-content/uploads/2025/08/H3_-Data-Governance-1.png]
[www.ciklum.com/blog/the-ethics-of-trend-prediction-balancing-ai-insights-with-consumer-privacy/index.html]
[www.ciklum.com/wp-content/uploads/2025/08/H2_-Adopting-Trustworthy-AI_-Practical-Steps-for-Fintech-Leaders-1.png]
[www.ciklum.com/wp-content/uploads/2025/08/CTA-Finance-Banner_Contact-us.png]
[www.ciklum.com/blog/building-trustworthy-and-scalable-ai-models-for-us-fintech-compliance/index.html]
[www.ciklum.com/wp-includes/blocks/heading/style.min.css]
[www.ciklum.com/wp-content/uploads/2025/10/How-can-you-continue-to-tailor-CX-with-personalized-AI-recommendations_BannerOpt1-1.png]
[proj.leo9studio.in/projects/ciklum-wp/wp-content/uploads/2025/10/01-1024x593.png]
[proj.leo9studio.in/projects/ciklum-wp/wp-content/uploads/2025/10/unnamed-1-1024x724.png]
[proj.leo9studio.in/projects/ciklum-wp/wp-content/uploads/2025/10/02-1024x632.png]
[proj.leo9studio.in/projects/ciklum-wp/wp-content/uploads/2025/10/03-1024x593.png]
[proj.leo9studio.in/projects/ciklum-wp/wp-content/uploads/2025/10/04-1024x593.png]
[www.ciklum.com/industries/index.html]
[www.ciklum.com/wp-content/uploads/2025/08/The-Ethics-of-Trend-Prediction_BannerOpt2-1024x697.png]
[www.ciklum.com/blog/ai-personalized-cx/index.html]
[www.ciklum.com/wp-content/uploads/2025/08/header.png]
[www.ciklum.com/wp-content/uploads/2025/08/banner_Explore-ciklums-guide-to-generative-AI-examples.png]
[www.ciklum.com/wp-content/uploads/2025/08/Icon1_Improved-customer-experience-through-personalization.png]
[www.ciklum.com/wp-content/uploads/2025/08/Icon2_Enhanced-customer-perceptions-and-loyalty.png]
[www.ciklum.com/wp-content/uploads/2025/08/Icon3_Multi-lingual-support.png]
[www.ciklum.com/wp-content/uploads/2025/08/Icon4_Greater-operational-and-cost-efficiency.png]
[www.ciklum.com/wp-content/uploads/2025/08/Icon5_Better-innovation-and-product-development.png]
[www.ciklum.com/wp-content/uploads/2025/08/graph1-Sep-26-2024-02-13-07-1966-PM.png]
[www.ciklum.com/wp-content/uploads/2025/08/Copy-of-generative-AI_banner_contact-us.png]
[www.ciklum.com/blog/the-impact-of-genai-on-customer-service-in-retail/index.html]
[www.ciklum.com/wp-content/uploads/2025/08/Strategies-for-Integrating-XR-Experiences-into-Existing-Customer-Journeys_BannerOpt2.png]
[www.ciklum.com/wp-content/uploads/2025/08/Key-Takeaways-May-23-2025-11-49-20-8778-AM.png]
[www.ciklum.com/wp-content/uploads/2025/08/H3_-Augmented-Reality-AR.png]
[www.ciklum.com/wp-content/uploads/2025/08/H3_-Virtual-Reality-VR.png]
[www.ciklum.com/wp-content/uploads/2025/08/H3_-Mixed-Reality-MR.png]
[www.ciklum.com/wp-content/uploads/2025/08/H2_-Practical-Strategies-for-Integrating-XR-into-Existing-Retail-Journeys.png]
[www.ciklum.com/wp-content/uploads/2025/08/H2_-In-Summary_-Making-XR-Integration-in-Retail-a-Success_Bullet1-1.png]
[www.ciklum.com/wp-content/uploads/2025/08/H2_-In-Summary_-Making-XR-Integration-in-Retail-a-Success_Bullet2.png]
[www.ciklum.com/wp-content/uploads/2025/08/H2_-In-Summary_-Making-XR-Integration-in-Retail-a-Success_Bullet3.png]
[www.ciklum.com/wp-content/uploads/2025/08/H2_-In-Summary_-Making-XR-Integration-in-Retail-a-Success_Bullet4.png]
[www.ciklum.com/wp-content/uploads/2025/08/XR-AR-MR-VR_banner_Contact-us-2.png]
[www.ciklum.com/blog/strategies-for-integrating-xr-experiences-into-existing-customer-journeys/index.html]
[www.ciklum.com/wp-content/uploads/2025/10/fi_9122387.svg]
[www.ciklum.com/wp-content/uploads/2025/10/fi_6110521.svg]
[www.ciklum.com/wp-content/uploads/2025/10/fi_10795283.svg]
[www.ciklum.com/wp-content/uploads/2025/10/fi_8169930.svg]
[www.ciklum.com/wp-content/uploads/2025/08/iGaming-with-Conversational-AI_BannerOpt2-1.png]
[www.ciklum.com/wp-content/uploads/2025/08/H2_-The-Competitive-Edge-Lies-in-Conversation_Option-1.png]
[www.ciklum.com/wp-content/uploads/2025/08/H2_-The-Intelligence-Behind-Every-Interaction.png]
[www.ciklum.com/wp-content/uploads/2025/08/H3_-Immersive-AI-Dealers-and-Hosts.png]
[www.ciklum.com/wp-content/uploads/2025/08/Conversational-AI_banner_Case-study.png]
[www.ciklum.com/wp-content/uploads/2025/08/H3_-Tech-Agnostic-Approach.png]
[www.ciklum.com/wp-content/uploads/2025/08/Conversational-AI_banner_Service-page-1.png]
[www.ciklum.com/wp-content/uploads/2025/08/How-is-Hyper-Automation-Reshaping-the-Future-of-Banking_BannerOpt2-1024x697.png]
[www.ciklum.com/blog/redefining-player-engagement-in-igaming-with-conversational-ai/index.html]
[www.ciklum.com/wp-content/uploads/2025/10/fi_7254003.svg]
[www.ciklum.com/wp-content/uploads/2025/10/fi_5379931.svg]
[www.ciklum.com/wp-content/uploads/2025/10/fi_5036008.svg]
[www.ciklum.com/wp-content/uploads/2025/10/fi_5706071.svg]
[www.ciklum.com/blog/how-is-hyper-automation-reshaping-the-future-of-banking/index.html]
[www.ciklum.com/wp-content/uploads/2025/11/01-2.png]
[www.ciklum.com/wp-content/uploads/2025/11/02-2.png]
[www.ciklum.com/category/automation/process-automation/index.html]
[www.ciklum.com/wp-content/uploads/2025/11/03-3.png]
[www.ciklum.com/tag/digital-adoption-platforms/index.html]
[www.ciklum.com/wp-content/uploads/2025/11/04-3.png]
[www.ciklum.com/intelligent-automation-solutions-lp/index.html]
[www.ciklum.com/blog/changing-the-customer-service-landscape-with-hyper-automation/index.html]
[www.ciklum.com/blog/intelligent-automation-retail-2026/index.html]
[www.ciklum.com/wp-content/uploads/2025/08/Easing-the-Impact-of-Tariffs-with-AI-and-Automation_BannerOpt3.png]
[www.ciklum.com/services/agentic-automation-services/indexd41d.html]
[www.ciklum.com/wp-content/uploads/2025/08/AI_banner_Service-page-3.png]
[www.ciklum.com/wp-content/uploads/2025/08/H2_-Tariffs-Are-Changing-the-Rules-of-Global-Trade.png]
[www.ciklum.com/wp-content/uploads/2025/08/H3_-Friction-in-the-Customer-Experience.png]
[www.ciklum.com/wp-content/uploads/2025/08/H3_-Tariff-Response-Control-Tower-V2.png]
[www.ciklum.com/wp-content/uploads/2025/08/AI_banner_Case-study-3.png]
[www.ciklum.com/wp-content/uploads/2025/08/H2_-Our-Step-by-Step-Approach-to-AI-Implementation.png]
[www.ciklum.com/wp-content/uploads/2025/08/Intelligent-Automation_banner_Contact-Us-3.png]
[www.ciklum.com/blog/easing-the-impact-of-tariffs-with-ai-and-automation/index.html]
[www.ciklum.com/wp-content/uploads/2025/08/Modern-Data-Technology_BannerOpt2.png]
[www.ciklum.com/wp-content/uploads/2025/08/Key-Takeaways-Jun-05-2025-08-01-23-3495-AM.png]
[www.ciklum.com/category/data/modern-data-platforms/index.html]
[www.ciklum.com/wp-content/uploads/2025/08/H3_-A-Flexible-Cloud-Native-Architecture.png]
[www.ciklum.com/wp-content/uploads/2025/08/Data-and-AI_banner_Service-page-2.png]
[www.ciklum.com/wp-content/uploads/2025/08/H3_-Data-Fabric-or-Data-Mesh.png]
[www.ciklum.com/wp-content/uploads/2025/08/H2_-Solving-Key-Challenges-and-Solutions-in-BFSI-Data-Modernization-V2.png]
[www.ciklum.com/blog/the-value-of-customer-experience-investment-in-financial-services/index.html]
[www.ciklum.com/wp-content/uploads/2025/08/generative-AI_banner_Service-page-4.png]
[www.ciklum.com/wp-content/uploads/2025/08/H2_-In-Summary_-A-Strategic-Approach-to-An-AI-Ready-BFSI-Data-Infrastructure.png]
[www.ciklum.com/blog/modern-data-technology-building-an-ai-ready-data-infrastructure-for-enhanced-bfsi-analytics/index.html]
[www.ciklum.com/wp-content/uploads/2025/08/Are-Your-IoT-and-Connected-Devices-A-Hidden-Security-Risk_BannerOpt3.png]
[www.ciklum.com/wp-content/uploads/2025/08/Key-Takeaways-Jun-12-2025-10-48-28-7969-AM.png]
[www.ciklum.com/wp-content/uploads/2025/08/H2_-Connected-Device-Security_-Whats-The-Current-State-of-Play.png]
[www.ciklum.com/wp-content/uploads/2025/08/H2_-Whats-Holding-Connected-Device-Security-Back_.png]
[www.ciklum.com/wp-content/uploads/2025/08/H2_-Data-Security-Best-Practices-for-IoT-Data-Protection.png]
[www.ciklum.com/wp-content/uploads/2025/08/In-Summary_-The-Future-of-Connected-Device-Security_Bullet1.png]
[www.ciklum.com/wp-content/uploads/2025/08/In-Summary_-The-Future-of-Connected-Device-Security_Bullet2.png]
[www.ciklum.com/wp-content/uploads/2025/08/In-Summary_-The-Future-of-Connected-Device-Security_Bullet3.png]
[www.ciklum.com/tag/hi-tech/index.html]
[www.ciklum.com/wp-content/uploads/2025/08/In-Summary_-The-Future-of-Connected-Device-Security_Bullet4.png]
[www.ciklum.com/wp-content/uploads/2025/08/IoT_banner_Contact-us.png]
[www.ciklum.com/blog/best-practices-for-protecting-data-on-connected-devices-in-hitech/index.html]
[www.ciklum.com/wp-content/uploads/2025/08/Driving-new-experiences-for-iGaming-Ciklum-at-ICE-London.webp]
[www.ciklum.com/wp-content/uploads/2025/08/Icon1_hyperpersonalization.png]
[www.ciklum.com/wp-content/uploads/2025/08/Icon2_GenAI_guiding-tech-evolution.png]
[www.ciklum.com/author/david-janota/index.html]
[www.ciklum.com/wp-content/uploads/2025/08/Icon3_Chatbots.png]
[www.ciklum.com/tag/gaming-and-simulation/index.html]
[www.ciklum.com/wp-content/uploads/2025/08/Icon4_responsible-gaming.png]
[www.ciklum.com/blog/4-tips-for-perfecting-your-omnichannel-strategy/index.html]
[www.ciklum.com/blog/driving-new-experiences-for-igaming-ciklum-at-ice-london/index.html]
[www.ciklum.com/wp-content/uploads/2025/08/Hyper-personalization-in-iGaming-A-trend-taking-the-industry-by-storm.webp]
[www.ciklum.com/wp-content/uploads/2025/08/Graph-01-2.jpg]
[www.ciklum.com/wp-content/uploads/2025/08/Tailored-Experiences-1.png]
[www.ciklum.com/wp-content/uploads/2025/08/Predictive-analytics-1.png]
[www.ciklum.com/wp-content/uploads/2025/08/AI-powered-support-1.png]
[www.ciklum.com/wp-content/uploads/2025/08/Security-and-compliance-1.png]
[www.ciklum.com/wp-content/uploads/2025/08/Competitive-advantage-1.png]
[www.ciklum.com/wp-content/uploads/2025/08/Solving-iGaming-challenges-with-technology-01-1.jpg]
[www.ciklum.com/wp-content/uploads/2025/08/Solving-iGaming-challenges-with-technology-2-1.jpg]
[www.ciklum.com/wp-content/uploads/2025/08/Solving-iGaming-challenges-with-technology-3-1.jpg]
[www.ciklum.com/wp-content/uploads/2025/08/case-study-CTA.jpg]
[www.ciklum.com/blog/hyper-personalization-in-igaming-a-trend-taking-the-industry-by-storm/index.html]
[www.ciklum.com/wp-content/uploads/2025/08/Whats-next-for-iGaming-The-industrys-2024-predictions.webp]
[www.ciklum.com/wp-content/uploads/2025/08/1_graphic-1-1.png]
[www.ciklum.com/wp-content/uploads/2025/08/Icon1_Scrutiny-1.png]
[www.ciklum.com/wp-content/uploads/2025/08/Icon2_Regulations-1.png]
[www.ciklum.com/wp-content/uploads/2025/08/Icon3_Security-2.png]
[www.ciklum.com/wp-content/uploads/2025/08/Icon4_Player-demands.png]
[www.ciklum.com/wp-content/uploads/2025/08/2.1_graphic-1.png]
[www.ciklum.com/blog/whats-next-for-igaming-the-industrys-2024-predictions/index.html]
[www.ciklum.com/wp-content/uploads/2025/08/Five-ways-US-operators-can-improve-player-retention.webp]
[www.ciklum.com/category/cloud-edge-tech/gaming-simulation/index.html]
[www.ciklum.com/wp-content/uploads/2025/08/iGaming-NEXT.webp]
[www.ciklum.com/wp-content/uploads/2025/08/AdobeStock_170622528-scaled.jpg]
[www.ciklum.com/blog/five-ways-us-operators-can-improve-player-retention/index.html]
[www.ciklum.com/wp-content/uploads/2025/08/The-Impact-of-GIS-Data-on-the-Insurance-Industry_BannerOpt2.png]
[www.ciklum.com/wp-content/uploads/2025/08/H2_-The-Digital-Revolution-in-Insurance.png]
[www.ciklum.com/wp-content/uploads/2025/08/H3_-Why-Does-GIS-Matter-Now.png]
[www.ciklum.com/wp-content/uploads/2025/08/H3_-Understanding-GIS-Data-and-Its-Role-in-Insurance.png]
[www.ciklum.com/wp-content/uploads/2025/08/H3_-How-GIS-Enhances-Traditional-Insurance-Models.png]
[www.ciklum.com/wp-content/uploads/2025/08/H3_-Claims-Processing-and-Catastrophe-Management.png]
[www.ciklum.com/wp-content/uploads/2025/08/H3_-Measuring-ROI-and-Business-Impact.png]
[www.ciklum.com/wp-content/uploads/2025/08/Agentic-RAG-in-Banking_BannerOpt1-1024x697.png]
[www.ciklum.com/blog/the-impact-of-gis-data-on-the-insurance-industry-a-strategic-framework/index.html]
[www.ciklum.com/wp-content/uploads/2025/08/Design-By-Data_BannerOpt3.png]
[www.ciklum.com/wp-content/uploads/2025/08/H2_-Understanding-Social-Media-Micro-Trends-in-Modern-Retail.png]
[www.ciklum.com/tag/scaled-agile-delivery/index.html]
[www.ciklum.com/wp-content/uploads/2025/08/H2_-What-Drives-Social-Media-Micro-Trends-on-Different-Platforms.png]
[www.ciklum.com/wp-content/uploads/2025/08/H2_-The-Technology-Behind-Real-Time-Trend-Detection.png]
[www.ciklum.com/wp-content/uploads/2025/08/H3_-Six-Steps-From-Data-Collection-to-Actionable-Insights-Opt2.png]
[www.ciklum.com/wp-content/uploads/2025/08/H3_-Overcoming-Technology-Challenges-in-Trend-Detection_Bullet1.png]
[www.ciklum.com/wp-content/uploads/2025/08/H3_-Overcoming-Technology-Challenges-in-Trend-Detection_Bullet2.png]
[www.ciklum.com/wp-content/uploads/2025/08/H3_-Overcoming-Technology-Challenges-in-Trend-Detection_Bullet3.png]
[www.ciklum.com/blog/agile-and-deadlines-how-do-they-work-together/index.html]
[www.ciklum.com/wp-content/uploads/2025/08/CTA-Banner_PumaEbook-1.png]
[www.ciklum.com/blog/design-by-data-how-social-media-micro-trends-are-reshaping-product-development/index.html]
[www.ciklum.com/wp-content/uploads/2025/08/Data-as-Currency_-The-Emerging-Economy-of-Digital-Value_BannerOpt1-2.png]
[www.ciklum.com/wp-content/uploads/2025/08/From-Passive-Asset-to-Strategic-Currency.png]
[www.ciklum.com/wp-content/uploads/2025/08/The-Currency-Analogy_-Where-It-Works-–-and-Where-It-Doesnt.png]
[www.ciklum.com/author/yannique-hecht/index.html]
[www.ciklum.com/wp-content/uploads/2025/08/Measuring-the-ROI-of-Data.png]
[www.ciklum.com/wp-content/uploads/2025/08/From-Passive-Asset-to-Strategic-Currency-1.png]
[www.ciklum.com/blog/data-as-currency-the-emerging-economy-of-digital-value/index.html]
[www.ciklum.com/wp-content/uploads/2025/10/Header-Image.jpg]
[www.ciklum.com/wp-content/uploads/2025/09/image-1024x683.png]
[www.ciklum.com/category/automation/ai-strategy-coe/index.html]
[www.ciklum.com/wp-content/uploads/2025/09/image-1-1024x597.png]
[www.ciklum.com/wp-content/uploads/2025/09/image-2-1024x568.png]
[www.ciklum.com/wp-content/uploads/2025/09/image-3-1024x384.png]
[www.ciklum.com/blog/ciklum-client-conference-2025-winning-in-the-intelligence-age/index.html]
[www.ciklum.com/wp-content/uploads/2025/08/How-Workflow-Automation-Stops-Healthcare-Flatlines_BannerOpt1.png]
[www.ciklum.com/author/devin-kleu/index.html]
[www.ciklum.com/wp-content/uploads/2025/08/H2_-Understanding-Today_s-Staffing-Challenges-in-Healthcare.png]
[www.ciklum.com/tag/low-code-applications/index.html]
[www.ciklum.com/wp-content/uploads/2025/08/H2_-How-Automation-Fills-Critical-Gaps_Bullet1.png]
[www.ciklum.com/blog/5-ways-intelligent-automation-can-benefit-your-business/index.html]
[www.ciklum.com/wp-content/uploads/2025/08/H2_-How-Automation-Fills-Critical-Gaps_Bullet2.png]
[www.ciklum.com/wp-content/uploads/2025/08/H2_-How-Automation-Fills-Critical-Gaps_Bullet3.png]
[www.ciklum.com/wp-content/uploads/2025/08/H2_-How-Automation-Fills-Critical-Gaps_Bullet4.png]
[www.ciklum.com/wp-content/uploads/2025/08/H2_-How-Automation-Fills-Critical-Gaps_Bullet5.png]
[www.ciklum.com/wp-content/uploads/2025/08/H2_-How-Automation-Fills-Critical-Gaps.png]
[www.ciklum.com/wp-content/uploads/2025/08/H2_-The-Balanced-Scorecard_-Financial-Benefits-and-ROI-of-Intelligent-Automation-in-Healthcare.png]
[www.ciklum.com/wp-content/uploads/2025/08/H3_-Overcoming-Implementation-Challenges.png]
[www.ciklum.com/wp-content/uploads/2025/08/Intelligent-Automation_banner_Contact-Us-2.png]
[www.ciklum.com/blog/how-workflow-automation-stops-healthcare-flatlines/index.html]
[www.ciklum.com/blog/how-rpa-and-ai-work-together-benefits-use-cases/index.html]
[www.ciklum.com/wp-content/uploads/2025/08/header_1-Oct-30-2024-08-26-41-0899-AM.png]
[www.ciklum.com/wp-content/uploads/2025/08/Copy-of-Data-Science-and-data-analytics_banner_Service-page.png]
[www.ciklum.com/category/data/business-intelligence/index.html]
[www.ciklum.com/tag/big-data-platforms/index.html]
[www.ciklum.com/wp-content/uploads/2025/08/graph1-Oct-30-2024-08-26-39-0233-AM.png]
[www.ciklum.com/blog/how-bfsi-companies-are-winning-with-cloud-financial-services/index.html]
[www.ciklum.com/wp-content/uploads/2025/08/01_Enhancing-Customer-Experiences.png]
[www.ciklum.com/blog/top-7-use-cases-of-generative-ai-in-finance-and-banking/index.html]
[www.ciklum.com/wp-content/uploads/2025/08/graph2-Oct-30-2024-08-26-39-0671-AM.png]
[www.ciklum.com/wp-content/uploads/2025/08/02_Risk-Management-and-Fraud-Prevention.png]
[www.ciklum.com/wp-content/uploads/2025/08/03_Product-and-Service-Optimization.png]
[www.ciklum.com/wp-content/uploads/2025/08/graph3-Oct-30-2024-08-26-39-1194-AM.png]
[www.ciklum.com/wp-content/uploads/2025/08/04_Developing-Competitive-Pricing-Structures.png]
[www.ciklum.com/wp-content/uploads/2025/08/graph4-Oct-30-2024-08-26-39-0299-AM.png]
[www.ciklum.com/wp-content/uploads/2025/08/05_Driving-Innovation-through-Partnerships.png]
[www.ciklum.com/wp-content/uploads/2025/08/06_Predictive-Analytics-for-Growth-Forecasting.png]
[www.ciklum.com/wp-content/uploads/2025/08/typ.png]
[www.ciklum.com/wp-content/uploads/2025/08/07_Regulatory-Compliance-and-Data-Security.png]
[www.ciklum.com/blog/a-comprehensive-guide-to-choosing-the-right-payment-gateway-integration-services/index.html]
[www.ciklum.com/wp-content/uploads/2025/08/Copy-of-Data-Science-and-data-analytics_banner_Contact-us-1.png]
[www.ciklum.com/blog/exploring-growth-opportunities-using-data-how-banks-can-tap-into-payments-data/index.html]
[www.ciklum.com/wp-content/uploads/2025/08/Limitations-of-Big-Data-Analytics_Header-Image_2.png]
[www.ciklum.com/wp-content/uploads/2025/08/Big-Data-Flow-Diagram-1.png]
[www.ciklum.com/wp-content/uploads/2025/08/Icon-Prioritizing-correlations.png]
[www.ciklum.com/blog/pros-and-cons-of-big-data/index.html]
[www.ciklum.com/wp-content/uploads/2025/08/Icon-Security-risks-and-concerns.png]
[www.ciklum.com/wp-content/uploads/2025/08/Icon-Restrictions-with-transferability.png]
[www.ciklum.com/wp-content/uploads/2025/08/Icon-Data-collection.png]
[www.ciklum.com/wp-content/uploads/2025/08/Icon-Working-with-expert-partners.png]
[www.ciklum.com/blog/overcoming-big-data-analytics-limitations-to-drive-business-growth/index.html]
[www.ciklum.com/wp-content/uploads/2025/08/Big-Data-and-the-Challenge-of-Unstructured-Data1-1.webp]
[www.ciklum.com/wp-content/uploads/2025/08/big-data-and-the-challenge.jpg]
[www.ciklum.com/wp-content/uploads/2025/08/big-data-and-the-challenge01.jpg]
[www.ciklum.com/wp-content/uploads/2025/08/relevance.jpg]
[www.ciklum.com/wp-content/uploads/2025/08/volume.jpg]
[www.ciklum.com/wp-content/uploads/2025/08/big-data-and-the-challenge02.jpg]
[www.ciklum.com/wp-content/uploads/2025/08/quality.jpg]
[www.ciklum.com/wp-content/uploads/2025/08/usability.jpg]
[www.ciklum.com/blog/big-data-and-the-challenge-of-unstructured-data/index.html]
[www.ciklum.com/wp-content/uploads/2025/08/Beyond-Data-Optimization_-How-New-Generative-AI-Models-are-Creating-New-Opportunities-for-Business_BannerOpt3.png]
[www.ciklum.com/wp-content/uploads/2025/08/Key-Takeaways-Mar-27-2025-08-54-32-6498-AM.png]
[www.ciklum.com/wp-content/uploads/2025/08/H2_-Where-is-Generative-AI-Thriving_Bullet1.png]
[www.ciklum.com/wp-content/uploads/2025/08/H2_-Where-is-Generative-AI-Thriving_Bullet2.png]
[www.ciklum.com/wp-content/uploads/2025/08/H2_-Where-is-Generative-AI-Thriving_Bullet3.png]
[www.ciklum.com/wp-content/uploads/2025/08/H2_-Where-is-Generative-AI-Thriving_Bullet4.png]
[www.ciklum.com/wp-content/uploads/2025/08/H2_-Where-is-Generative-AI-Thriving_Bullet5.png]
[www.ciklum.com/wp-content/uploads/2025/08/H3_-Multimodal-AI-Platforms.png]
[www.ciklum.com/wp-content/uploads/2025/08/CTA-Banner_GenAI-Blog.png]
[www.ciklum.com/wp-content/uploads/2025/08/H3_-Conversational-Commerce-Platforms.png]
[www.ciklum.com/wp-content/uploads/2025/08/H3_-Predictive-Analytics-for-Strategic-Decision-Making.png]
[www.ciklum.com/wp-content/uploads/2025/08/H2_-In-Summary_-Building-a-Future-Ready-Generative-AI-Strategy.png]
[www.ciklum.com/wp-content/uploads/2025/08/generative-AI_banner_contact-us-Mar-27-2025-08-54-32-9583-AM.png]
[www.ciklum.com/blog/the-importance-of-hyper-personalized-user-experience-in-ecommerce/index.html]
[www.ciklum.com/blog/beyond-data-optimization-how-generative-ai-models-are-creating-new-opportunities-for-businesses/index.html]
[www.ciklum.com/wp-content/uploads/2025/08/Optimizing-Industrial-Operations_-An-In-Depth-Exploration-of-Predictive-Maintenance-Strategies_BannerOpt3.png]
[www.ciklum.com/wp-content/uploads/2025/08/H2_-Key-Components-of-Effective-Predictive-Maintenance.png]
[www.ciklum.com/wp-content/uploads/2025/08/H2_-Implementation-Challenges-and-Solutions_Bullet1.png]
[www.ciklum.com/tag/automotive-and-manufacturing/index.html]
[www.ciklum.com/wp-content/uploads/2025/08/H2_-Implementation-Challenges-and-Solutions_Bullet2.png]
[www.ciklum.com/wp-content/uploads/2025/08/H2_-Implementation-Challenges-and-Solutions_Bullet3.png]
[www.ciklum.com/wp-content/uploads/2025/08/H2_-Measuring-Success-and-ROI-of-Predictive-Maintenance-Strategies.png]
[www.ciklum.com/wp-content/uploads/2025/08/H2_-In-Summary_-The-Future-in-Predictive-Maintenance_Bullet1.png]
[www.ciklum.com/wp-content/uploads/2025/08/H2_-In-Summary_-The-Future-in-Predictive-Maintenance_Bullet2.png]
[www.ciklum.com/wp-content/uploads/2025/08/H2_-In-Summary_-The-Future-in-Predictive-Maintenance_Bullet3.png]
[www.ciklum.com/wp-content/uploads/2025/08/AI_banner_Contact-us-Apr-03-2025-07-37-47-7919-AM.png]
[www.ciklum.com/blog/optimizing-industrial-operations-an-in-depth-exploration-of-predictive-maintenance-strategies/index.html]
[www.ciklum.com/wp-content/uploads/2025/08/Garbage-In-Garbage-Out-How-to-Prepare-Your-Data-Set-for-Machine-Learning-1.webp]
[www.ciklum.com/wp-content/uploads/2025/08/Artboard-1-100.jpg]
[www.ciklum.com/wp-content/uploads/2025/08/Artboard-1-copy-100-1.jpg]
[www.ciklum.com/wp-content/uploads/2025/08/Garbage-In-Garbage-Out.jpg]
[www.ciklum.com/wp-content/uploads/2025/08/main_00000.gif]
[www.ciklum.com/wp-content/uploads/2025/08/Artboard-1-copy-3-100-1.jpg]
[www.ciklum.com/blog/garbage-in-garbage-out-how-to-prepare-your-data-set-for-machine-learning/index.html]
[www.ciklum.com/cloud-services/index.html]
[www.ciklum.com/data-ai-services/index.html]
[www.ciklum.com/wp-content/uploads/2025/02/infoimage-4.png]
[www.ciklum.com/wp-content/uploads/2025/02/image-01-3.png]
[www.ciklum.com/wp-content/uploads/2025/02/image-02-2.png]
[www.ciklum.com/case-studies/payment-gateway-development/index.html]
[www.ciklum.com/wp-content/uploads/2025/11/01-3.png]
[www.ciklum.com/wp-content/uploads/2025/11/02-3.png]
[www.ciklum.com/author/mark-westbrook/index.html]
[www.ciklum.com/wp-content/uploads/2025/11/03-4.png]
[www.ciklum.com/wp-content/uploads/2025/11/04-4.png]
[www.ciklum.com/blog/ai-for-tpps-open-finance/index.html]
[www.ciklum.com/wp-content/uploads/2025/10/fi_8522674.svg]
[www.ciklum.com/wp-content/uploads/2025/10/fi_9784458.svg]
[www.ciklum.com/edge-tech-services/index.html]
[www.ciklum.com/wp-content/uploads/2025/03/Medtronic-Info-Image-copy.webp]
[www.ciklum.com/wp-content/uploads/2025/03/Medtronic-Image-1-the-problem.webp]
[www.ciklum.com/wp-content/uploads/2025/03/Medtronic-Image-2-how-we-helped.webp]
[www.ciklum.com/case-studies/ai-powered-medtech/index.html]
[www.ciklum.com/wp-content/uploads/2025/02/Astra-Zenca-Info-Image-copy.webp]
[www.ciklum.com/wp-content/uploads/2025/02/Astra-Zenca-Image-1-.webp]
[www.ciklum.com/wp-content/uploads/2025/02/Astra-Zenca-Image-2-.webp]
[www.ciklum.com/case-studies/pharma-digital-transformation/index.html]
[www.ciklum.com/wp-content/uploads/2025/08/From-Diagnosis-to-Claims_-Where-AI-Actually-Works-in-Healthcare_BannerOpt2.png]
[www.ciklum.com/wp-content/uploads/2025/08/Key-Takeaways-Jun-05-2025-06-39-51-3270-AM.png]
[www.ciklum.com/blog/ai-driven-engineering-in-healthcare-cutting-development-time-without-compromising-care/index.html]
[www.ciklum.com/wp-content/uploads/2025/08/generative-AI_banner_Service-page-3.png]
[www.ciklum.com/blog/the-role-of-generative-ai-in-shaping-the-future-of-healthcare/index.html]
[www.ciklum.com/wp-content/uploads/2025/08/H3_-Transforming-Insurance-and-Payer-Operations.png]
[www.ciklum.com/wp-content/uploads/2025/08/H3_-Making-AI-in-Healthcare-Responsible.png]
[www.ciklum.com/wp-content/uploads/2025/08/H3_-Overcoming-Implementation-Challenges-1.png]
[www.ciklum.com/wp-content/uploads/2025/08/CTA_AI-in-Healthcare-Banner_Contact-us.png]
[www.ciklum.com/blog/from-diagnosis-to-claims-where-ai-actually-works-in-healthcare/index.html]
[www.ciklum.com/wp-content/uploads/2025/08/Agentic-AI-and-the-Future-of-Personalized-Healthcare_BannerOpt3.png]
[www.ciklum.com/wp-content/uploads/2025/08/AI_banner_Service-page-2.png]
[www.ciklum.com/wp-content/uploads/2025/08/H3_-What-Makes-Agentic-AI-Different.png]
[www.ciklum.com/wp-content/uploads/2025/08/H3_-Less-Paperwork-More-Patient-Care.png]
[www.ciklum.com/wp-content/uploads/2025/08/AI_banner_Case-study-2.png]
[www.ciklum.com/wp-content/uploads/2025/08/H3_-Human-AI-Collaboration-in-Care-Teams.png]
[www.ciklum.com/wp-content/uploads/2025/08/H3_-AI-Assisted-Robotic-Surgery.png]
[www.ciklum.com/wp-content/uploads/2025/08/AI_banner_Contact-us-May-19-2025-06-57-38-3379-AM.png]
[www.ciklum.com/blog/agentic-ai-and-the-future-of-personalized-healthcare/index.html]
[www.ciklum.com/cloud-platforms/index.html]
[www.ciklum.com/wp-content/uploads/2025/03/info-image-copy-3.webp]
[www.ciklum.com/wp-content/uploads/2025/03/Image-01.webp]
[www.ciklum.com/wp-content/uploads/2025/03/Image-02-2.webp]
[www.ciklum.com/case-studies/ai-powered-education-platform/index.html]
[www.ciklum.com/wp-content/uploads/2025/06/infoimage-4.webp]
[www.ciklum.com/wp-content/uploads/2025/06/image-01-Jun-10-2025-09-09-43-7369-AM.webp]
[www.ciklum.com/wp-content/uploads/2025/06/image-02-Jun-10-2025-09-09-58-4043-AM.webp]
[www.ciklum.com/wp-content/uploads/2025/06/Structuring-Portfolio.png]
[www.ciklum.com/wp-content/uploads/2025/06/Bulild-catalog.png]
[www.ciklum.com/wp-content/uploads/2025/06/AI-based-search.png]
[www.ciklum.com/wp-content/uploads/2025/06/Security-Scalability.png]
[www.ciklum.com/case-studies/real-time-ai/index.html]
[www.ciklum.com/wp-content/uploads/2025/08/Data-Science-Insights-and-Opportunities-in-an-AI-world.webp]
[www.ciklum.com/wp-content/uploads/2025/08/Global-Data-Volume_Stats.jpg]
[www.ciklum.com/tag/data-science-and-data-analytics/index.html]
[www.ciklum.com/wp-content/uploads/2025/08/Data-Science-and-Big-Data-Comparison.jpg]
[www.ciklum.com/wp-content/uploads/2025/08/What-are-the-issues-facing-data-scientists-today_.jpg]
[www.ciklum.com/wp-content/uploads/2025/08/Logo_Combined.jpg]
[www.ciklum.com/blog/data-science-insights-and-opportunities-in-an-ai-world/index.html]
[www.ciklum.com/blog/exploring-the-power-of-generative-ai-for-enterprises-application-and-use-cases/index.html]
[www.ciklum.com/wp-content/uploads/2025/08/Agile-And-Deadlines-How-Does-It-Work-1.webp]
[www.ciklum.com/wp-content/uploads/2025/08/agile3.jpg]
[www.ciklum.com/wp-content/uploads/2025/08/agile4.jpg]
[www.ciklum.com/wp-content/uploads/2025/08/agile2.jpg]
[www.ciklum.com/blog/agile-and-deadlines-how-does-it-work/index.html]
[www.ciklum.com/category/engineering/scaled-agile-delivery/index.html]
[www.ciklum.com/wp-content/uploads/2025/08/Limitations-of-Big-Data-Analytics-1.webp]
[www.ciklum.com/wp-content/uploads/2025/08/limitations-of-big-data-analytics.jpg.webp]
[www.ciklum.com/wp-content/uploads/2025/08/correlations.jpg.webp]
[www.ciklum.com/wp-content/uploads/2025/08/limitations-of-big-data-analytics01.jpg.webp]
[www.ciklum.com/wp-content/uploads/2025/08/limitations-of-big-data-analytics02.jpg.webp]
[www.ciklum.com/blog/limitations-of-big-data-analytics/index.html]
[www.ciklum.com/wp-content/uploads/2025/05/infoimage-2.webp]
[www.ciklum.com/wp-content/uploads/2025/05/image-01-May-12-2025-11-51-56-0945-AM.webp]
[www.ciklum.com/wp-content/uploads/2025/05/image-02-May-12-2025-11-52-11-6584-AM.webp]
[www.ciklum.com/wp-content/uploads/2025/05/Power-platform-intergration.png]
[www.ciklum.com/wp-content/uploads/2025/05/Power-Platform-Integration.png]
[www.ciklum.com/wp-content/uploads/2025/05/Cloud-First-Architecture.png]
[www.ciklum.com/wp-content/uploads/2025/05/Enabled-Faster-Delivery.png]
[www.ciklum.com/case-studies/driving-supply-chain-agility/index.html]
[www.ciklum.com/wp-content/uploads/2025/04/info-image-Adidas-Operation-Improvement-copy.webp]
[www.ciklum.com/wp-content/uploads/2025/04/image-01-Adidas-Operation-Improvement-copy.webp]
[www.ciklum.com/wp-content/uploads/2025/04/image-02-Adidas-Operation-Improvement-copy.webp]
[www.ciklum.com/wp-content/uploads/2025/04/Optimize-your-processes.png]
[www.ciklum.com/wp-content/uploads/2025/04/Better-testing-and-governance.png]
[www.ciklum.com/wp-content/uploads/2025/04/Reporting-and-visualization.png]
[www.ciklum.com/wp-content/uploads/2025/04/responsible_ai_and_compliance_in_travel.png]
[www.ciklum.com/case-studies/optimizing-operational-excellence/index.html]
[www.ciklum.com/wp-content/uploads/2025/08/Optimizing-Industrial-Operations_-An-In-Depth-Exploration-of-Predictive-Maintenance-Strategies_BannerOpt1.png]
[www.ciklum.com/wp-content/uploads/2025/08/Key-Takeaways-Apr-07-2025-10-19-33-1383-AM.png]
[www.ciklum.com/wp-content/uploads/2025/08/H2_-Automotive-Data-and-the-C.A.S.E.-Revolution.png]
[www.ciklum.com/wp-content/uploads/2025/08/The-knock-on-benefit.png]
[www.ciklum.com/wp-content/uploads/2025/08/H3_-Connected-Vehicle-Services-and-Feature-Monetization.png]
[www.ciklum.com/wp-content/uploads/2025/08/H3_-Autonomous-Vehicle-Technology-and-Feature-Upselling.png]
[www.ciklum.com/wp-content/uploads/2025/08/H3_-Electrification-Based-Revenue-Opportunities.png]
[www.ciklum.com/wp-content/uploads/2025/08/H3_-Mobility-as-a-Service-MaaS-Ecosystems.png]
[www.ciklum.com/wp-content/uploads/2025/08/H3_-Asset-and-Data-Monetization-Beyond-Direct-Services.png]
[www.ciklum.com/wp-content/uploads/2025/08/H3_-Integrated-Data-Architecture_-Breaking-Down-Silos.png]
[www.ciklum.com/wp-content/uploads/2025/08/H3_-Strategic-Partnerships-for-Enhanced-Capabilities.png]
[www.ciklum.com/wp-content/uploads/2025/08/H3_-Edge-Computing-and-Real-Time-Analytics.png]
[www.ciklum.com/wp-content/uploads/2025/08/AI_banner_Contact-us-Apr-07-2025-10-19-33-3759-AM.png]
[www.ciklum.com/blog/unlocking-new-revenue-streams-through-automotive-data-and-equity-mining/index.html]
[www.ciklum.com/wp-content/uploads/2025/08/Smart-Travel-Experiences_-How-Agentic-AI-is-Redefining-the-Travel-and-Hospitality-Industry_BannerOpt2.png]
[www.ciklum.com/wp-content/uploads/2025/08/Key-takeaways.png]
[www.ciklum.com/tag/travel/index.html]
[www.ciklum.com/wp-content/uploads/2025/08/H2_-The-Evolution-of-Travel-Technology.png]
[www.ciklum.com/wp-content/uploads/2025/08/CTA-Banner_Agentic-AI.png]
[www.ciklum.com/wp-content/uploads/2025/08/H3_-Revenue-Optimization.png]
[www.ciklum.com/wp-content/uploads/2025/08/H2_-The-Transformed-Traveler-Experience.png]
[www.ciklum.com/wp-content/uploads/2025/08/H2_-Future-Trends-and-Challenges-of-Agentic-AI-in-Travel_Bullet1.png]
[www.ciklum.com/wp-content/uploads/2025/08/H2_-Future-Trends-and-Challenges-of-Agentic-AI-in-Travel_Bullet2.png]
[www.ciklum.com/wp-content/uploads/2025/08/AI_banner_Contact-us-Mar-11-2025-08-25-53-2667-AM.png]
[www.ciklum.com/blog/responsible-ai-what-does-it-mean-for-you/index.html]
[www.ciklum.com/blog/smart-travel-experiences-how-agentic-ai-is-redefining-the-travel-and-hospitality-industry/index.html]
[www.ciklum.com/wp-content/uploads/2025/08/header_1.png]
[www.ciklum.com/wp-content/uploads/2025/08/Data-and-AI_banner_Service-page.png]
[www.ciklum.com/wp-content/uploads/2025/08/graph1-1.png]
[www.ciklum.com/wp-content/uploads/2025/08/Icon1_Personalized-pricing-and-offers.png]
[www.ciklum.com/wp-content/uploads/2025/08/Icon2_Pre-arrival-surveys.png]
[www.ciklum.com/wp-content/uploads/2025/08/Icon3_Customized-guest-services-and-amenities.png]
[www.ciklum.com/wp-content/uploads/2025/08/Icon4_-AI-based-Virtual-Concierge.png]
[www.ciklum.com/wp-content/uploads/2025/08/Icon5_Geotargeted-notifications.png]
[www.ciklum.com/wp-content/uploads/2025/08/Icon6_Surveys-and-feedback-loops.png]
[www.ciklum.com/wp-content/uploads/2025/08/Icon7_Disruption-management.png]
[www.ciklum.com/wp-content/uploads/2025/08/graph2-2.png]
[www.ciklum.com/wp-content/uploads/2025/08/graph3-1.png]
[www.ciklum.com/wp-content/uploads/2025/08/Data-and-AI_banner_Contact-us.png]
[www.ciklum.com/blog/enhancing-travel-experiences-the-role-of-hyper-personalization-in-hospitality/index.html]
[www.ciklum.com/wp-content/uploads/2025/08/header_1-Nov-01-2024-10-43-30-1142-AM.png]
[www.ciklum.com/wp-content/uploads/2025/08/graph1-Nov-01-2024-10-43-26-8290-AM.png]
[www.ciklum.com/blog/12-steps-to-getting-started-with-genai/index.html]
[www.ciklum.com/wp-content/uploads/2025/08/Copy-of-generative-AI_banner_Service-page-1.png]
[www.ciklum.com/wp-content/uploads/2025/08/graph2-Nov-01-2024-10-43-26-7616-AM.png]
[www.ciklum.com/wp-content/uploads/2025/08/graph3-Nov-01-2024-10-43-26-8182-AM.png]
[www.ciklum.com/wp-content/uploads/2025/08/graph4-Nov-01-2024-10-43-26-8178-AM.png]
[www.ciklum.com/wp-content/uploads/2025/08/Copy-of-generative-AI_banner_Case-study.png]
[www.ciklum.com/wp-content/uploads/2025/08/Copy-of-generative-AI_banner_contact-us-2.png]
[www.ciklum.com/blog/7-key-advantages-of-generative-ai-for-airline-operations/index.html]
[www.ciklum.com/wp-content/uploads/2026/01/7-stages-of-software-development-life-cycle-sdlc.png]
[www.ciklum.com/wp-content/uploads/2026/01/ai-orchestration-conductor-to-violinist-ciklum.png]
[www.ciklum.com/wp-content/uploads/2026/01/u-shaped-productivity-curve-ciklum.png]
[www.ciklum.com/wp-content/uploads/2026/01/cost-effort-vs-demand-curve-ciklum.png]
[www.ciklum.com/wp-content/uploads/2026/01/agent-driven-sdlc-diagram-ciklum.png]
[www.ciklum.com/wp-content/uploads/2026/01/agent-orchestration-skills-circle-ciklum.png]
[www.ciklum.com/blog/ai-revolutionize-software-development-lifecycle/index.html]
[www.ciklum.com/tag/software-development/index.html]
[www.ciklum.com/wp-content/uploads/2026/01/01.jpg]
[www.ciklum.com/wp-content/uploads/2026/01/02.jpg]
[www.ciklum.com/wp-content/uploads/2026/01/03.jpg]
[www.ciklum.com/wp-content/uploads/2026/01/4.jpg]
[www.ciklum.com/wp-content/uploads/2026/01/5.jpg]
[www.ciklum.com/wp-content/uploads/2025/08/Smart-Travel-Experiences_-How-Agentic-AI-is-Redefining-the-Travel-and-Hospitality-Industry_BannerOpt2-1024x697.png]
[www.ciklum.com/wp-content/uploads/2025/08/How-AI-Agents-Are-Rewiring-Corporate-DNA-in-Healthcare_BannerOpt1-1-1024x697.png]
[www.ciklum.com/blog/agentic-ai-2026/index.html]
[www.ciklum.com/agentic-ai-solutions-lp/index.html]
[www.ciklum.com/wp-content/uploads/2026/01/01.png]
[www.ciklum.com/wp-content/uploads/2026/01/02.png]
[www.ciklum.com/wp-content/uploads/2026/01/03-1.png]
[www.ciklum.com/blog/ai-accelerated-customer-discovery/index.html]
[www.ciklum.com/wp-content/uploads/2026/01/Client-Overview.jpg]
[www.ciklum.com/author/daniel-jennings/index.html]
[www.ciklum.com/wp-content/uploads/2026/01/The-Business-Challenge.jpg]
[www.ciklum.com/wp-content/uploads/2026/01/Ciklum-Approach-Engineering-the-Solution.jpg]
[www.ciklum.com/case-studies/ticketing-platform-conversion-with-reminders/index.html]
[www.ciklum.com/press-centre/ciklum-acquires-gosolve-group/index.html]
[www.ciklum.com/press-centre/boost-ai-and-ciklum-expand-enterprise-access-to-fast-fully-compliant-conversational-ai-solutions/index.html]
[www.ciklum.com/press-centre/ciklum-partners-with-10x-banking/index.html]
[www.ciklum.com/press-centre/ciklum-aws-advanced-tier-services-partner/index.html]
[www.ciklum.com/press-centre/press-release-ciklum-acquires-cn-group-from-genesis-capital-to-expand-its-european-presence/index.html]
[www.ciklum.com/press-centre/ciklum-expands-global-presence-and-acquires-infogen/index.html]
[www.ciklum.com/press-centre/a-niche-player-in-the-gartner-magic-quadrant/index.html]
[www.ciklum.com/press-centre/ciklum-supports-ukraine-with-over-160-mln-uah-investment-and-donation/index.html]
[www.ciklum.com/press-centre/new-delivery-centre-in-romania/index.html]
[www.ciklum.com/wp-content/uploads/2025/10/PXL_20220604_160140877-1024x768.jpg]
[www.ciklum.com/wp-content/uploads/2025/10/IMG_20220605_194242-1024x768.jpg]
[www.ciklum.com/press-centre/ukrainian-azov-defenders-opens-in-wroclaw/index.html]
[www.ciklum.com/press-centre/press-release-ciklum-opens-strategic-delivery-centre-in-bulgaria/index.html]
[www.ciklum.com/wp-content/uploads/2026/01/AI-in-Audit-and-Financial-Advisory.pdf]
[www.ciklum.com/ebook/ai-in-audit-financial-advisory/index.html]
[www.ciklum.com/wp-content/uploads/2025/08/Ciklum_Making-CX-Your-Competitive-Edge-in-Modern-Banking.pdf]
[www.ciklum.com/ebook/cx-modern-banking/index.html]
[www.ciklum.com/wp-content/uploads/2025/08/Banking-Without-Borders-The-Open-Banking-Revolution.pdf]
[www.ciklum.com/ebook/banking-without-borders/index.html]
[www.ciklum.com/wp-content/uploads/2025/08/Responsible-AI.pdf]
[www.ciklum.com/ebook/responsible-ai/index.html]
[www.ciklum.com/wp-content/uploads/2025/08/Modern-Data-Governance.pdf]
[www.ciklum.com/ebook/modern-data-governance/index.html]
[www.ciklum.com/wp-content/uploads/2025/08/Agentic-AI-Whitepaper.pdf]
[www.ciklum.com/ebook/agentic-ai-whitepaper/index.html]
[www.ciklum.com/wp-content/uploads/2025/06/Breaking-Data-Silos_-The-Strategic-Impact-of-CDPs-in-High-Tech-Industries.pdf]
[www.ciklum.com/ebook/hitech-whitepaper/index.html]
[www.ciklum.com/wp-content/uploads/2025/09/Agentic-AI-at-Scale.pdf]
[www.ciklum.com/ebook/agentic-ai-ebook/index.html]
[www.ciklum.com/wp-content/uploads/2025/08/Data-Driven-Product-Design.pdf]
[www.ciklum.com/ebook/data-driven-product-design/index.html]
[www.ciklum.com/wp-content/uploads/2024/11/How-to-unlock-RD-potential-with-AI-augmented-tools.pdf]
[www.ciklum.com/ebook/unlock-rd-potential-with-ai-ebook/index.html]
[www.ciklum.com/wp-content/uploads/2024/10/How-Gen-Z-are-reshaping-customer-experience.pdf]
[www.ciklum.com/ebook/gen-z-customer-experience/index.html]
[www.ciklum.com/wp-content/uploads/2024/09/Navigating-the-Future-Frictionless-Travel-for-GenZ.pdf]
[www.ciklum.com/ebook/frictonless-travel-for-genz/index.html]
[www.ciklum.com/wp-content/themes/ciklum/assets/img/exp-arrow.svg]
[www.ciklum.com/wp-content/uploads/2025/12/Ciklum-ESG-report.pdf]
[www.ciklum.com/risk-and-compliance/index.html]
[www.ciklum.com/terms-of-use/index7133.html]
[www.ciklum.com/wp-includes/blocks/paragraph/style.min.css]
[www.ciklum.com/wp-content/uploads/2025/03/infoimage.webp]
[www.ciklum.com/wp-content/uploads/2025/03/image-01-1.webp]
[www.ciklum.com/wp-content/uploads/2025/03/image-02-3.webp]
[www.ciklum.com/wp-content/uploads/2025/03/AI-Powered-Manufacturing-and-Workflow-Automation.png]
[www.ciklum.com/wp-content/uploads/2025/03/Conversational-AI-for-Operational-Efficiency.png]
[www.ciklum.com/wp-content/uploads/2025/03/End-to-End-Process-Mining.png]
[www.ciklum.com/wp-content/uploads/2025/03/Intelligent-Document-Processing-for-Compliance.png]
[www.ciklum.com/case-studies/reimagining-processes-automotive-ia/index.html]
[www.ciklum.com/wp-content/uploads/2025/03/Vava-Cars-Info-Image-copy.webp]
[www.ciklum.com/wp-content/uploads/2025/03/Vava-Cars-Image-1.webp]
[www.ciklum.com/case-studies/digital-first-car-marketplace/index.html]
[www.ciklum.com/wp-content/uploads/2025/05/infoimage-1.webp]
[www.ciklum.com/wp-content/uploads/2025/05/image-01-2.webp]
[www.ciklum.com/wp-content/uploads/2025/05/image-02-May-06-2025-12-51-30-4319-PM.webp]
[www.ciklum.com/wp-content/uploads/2025/05/Competitor-Analysis-GenZ-Insights.webp]
[www.ciklum.com/wp-content/uploads/2025/05/Co-Creation-Design-Sprint.png]
[www.ciklum.com/wp-content/uploads/2025/05/MVP-Prototypes-Validation.png]
[www.ciklum.com/wp-content/uploads/2025/05/Delivery-Roadmap-Metrics-Plan.webp]
[www.ciklum.com/case-studies/gen-z-dating-app/index.html]
[www.ciklum.com/wp-content/uploads/2025/08/The-Ethics-of-Trend-Prediction_BannerOpt2.png]
[www.ciklum.com/category/data/page/2/index.html]
[www.ciklum.com/wp-content/uploads/2025/08/How-Photonic-Quantum-Computing-Solves-Complex-Financial-Modeling-Challenges_BannerOpt2.png]
[www.ciklum.com/wp-content/uploads/2025/08/Proven-Strategies_-How-Leading-Banks-Leverage-Analytics-to-Drive-Success_BannerOpt3.png]
[www.ciklum.com/category/data/index.html]
[www.ciklum.com/wp-content/uploads/2025/08/How-AI-is-Transforming-Healthcare_-Smarter-Chips-Better-Conversations-and-a-New-Era-of-Patient-Care_BannerOpt3.png]
[www.ciklum.com/category/data/data-science-analytics/page/2/index.html]
[www.ciklum.com/wp-content/uploads/2025/08/7-Key-Trends-in-AI-for-Open-Banking_BannerOpt1.png]
[www.ciklum.com/wp-content/uploads/2025/08/header_1-Nov-14-2024-06-57-46-7804-AM.png]
[www.ciklum.com/blog/fintech-innovations-software-solutions-for-fraud-prevention-in-finance/index.html]
[www.ciklum.com/wp-content/uploads/2025/08/header-25.png]
[www.ciklum.com/category/data/data-science-analytics/index.html]
[www.ciklum.com/blog/exploring-data-ais-role-in-enhancing-hr-functions/index.html]
[www.ciklum.com/author/sreekumar-veluthakkal/index.html]
[www.ciklum.com/tag/artificial-intelligence/index.html]
[www.ciklum.com/wp-content/uploads/2025/08/How-Can-You-Create-a-Seamless-Customer-Journey-Across-Different-Touchpoints-to-Improve-Speed-to-Purchase___BannerOpt1.png]
[www.ciklum.com/wp-content/uploads/2025/08/What-Todays-Digital-Native-Shopping-Habits-Reveal-About-Tomorrow_s-Retail_BannerOpt2.png]
[www.ciklum.com/blog/what-todays-digital-native-shopping-habits-reveal-about-tomorrows-retail/index.html]
[www.ciklum.com/wp-content/uploads/2025/08/AI-Powered-Unified-Commerce_-Transforming-Retail-with-Vertical-AI-Agents_BannerOpt2-1-1.png]
[www.ciklum.com/blog/ai-powered-unified-commerce-transforming-retail-with-vertical-ai-agents/index.html]
[www.ciklum.com/wp-content/uploads/2025/08/How-Agentic-AI-is-Reshaping-Customer-Experience-in-2025__BannerOpt2.png]
[www.ciklum.com/tag/retail-and-consumer/index.html]
[www.ciklum.com/wp-content/uploads/2025/08/AI-Predictions-2025_-Big-Tech-Investments-Accelerating-Innovation_BannerOpt3.png]
[www.ciklum.com/wp-content/uploads/2025/08/H2_-The-Current-Landscape-of-Big-Tech-Investments-in-AI.png]
[www.ciklum.com/wp-content/uploads/2025/08/H3_-Enhanced-Personalization-Across-Industries.png]
[www.ciklum.com/wp-content/uploads/2025/08/H3_-Workforce-Transformation.png]
[www.ciklum.com/wp-content/uploads/2025/08/H3_-Advancements-in-Healthcare.png]
[www.ciklum.com/wp-content/uploads/2025/08/generative-AI_banner_Service-page-1.png]
[www.ciklum.com/wp-content/uploads/2025/08/H2_-Economic-Implications-of-AI.png]
[www.ciklum.com/wp-content/uploads/2025/08/H2_-Technological-Innovations-Driving-AI-Growth.png]
[www.ciklum.com/wp-content/uploads/2025/08/generative-AI_banner_contact-us-2.png]
[www.ciklum.com/blog/ai-predictions-2025-big-tech-investments-accelerating-innovation/index.html]
[www.ciklum.com/wp-content/uploads/2025/08/header-19.png]
[www.ciklum.com/wp-content/uploads/2025/08/Icon1_Define-Clear-Business-Objectives-and-Use-Cases.png]
[www.ciklum.com/wp-content/uploads/2025/08/Icon2_Data-Assessment-and-Preparation.png]
[www.ciklum.com/wp-content/uploads/2025/08/Icon3_Select-the-Right-AI-Technologies.png]
[www.ciklum.com/wp-content/uploads/2025/08/Icon4_Build-Prototypes-and-Validate.png]
[www.ciklum.com/wp-content/uploads/2025/08/Icon5_Deployment-and-Integration.png]
[www.ciklum.com/wp-content/uploads/2025/08/Icon6_Continuous-Monitoring-and-Improvement.png]
[www.ciklum.com/blog/unleashing-the-power-of-ai-best-practices-for-enterprise-strategy-and-deployment/index.html]
[www.ciklum.com/wp-content/uploads/2025/08/AI-Driven-Engineering-in-Healthcare_-Cutting-Development-Time-Without-Compromising-Care_BannerOpt1.png]
[www.ciklum.com/category/engineering/page/2/index.html]
[www.ciklum.com/wp-content/uploads/2025/08/2025-Beyond_-Transforming-the-Automotive-Industry-with-AI-Powered-IT-Solutions_BannerOpt2.png]
[www.ciklum.com/blog/2025-beyond-transforming-the-automotive-industry-with-ai-powered-it-solutions/index.html]
[www.ciklum.com/wp-content/uploads/2025/08/2025-Automotive-Predictions_-AI-and-Machine-Learning-Innovation_BannerOpt1.png]
[www.ciklum.com/wp-content/uploads/2025/08/Digital-Assurance-in-MedTech_-Building-Safe-Compliant-Software-That-Lasts_BannerOpt3.png]
[www.ciklum.com/category/engineering/index.html]
[www.ciklum.com/blog/2025-automotive-predictions-ai-and-machine-learning-innovation/index.html]
[www.ciklum.com/blog/digital-assurance-in-medtech-building-safe-compliant-software-that-lasts/index.html]
[www.ciklum.com/wp-content/uploads/2025/08/header_1-Nov-12-2024-09-32-45-6363-AM.png]
[www.ciklum.com/category/engineering/ai-enabled-engineering/index.html]
[www.ciklum.com/category/engineering/ai-enabled-engineering/page/2/index.html]
[www.ciklum.com/author/enver-cetin/index.html]
[www.ciklum.com/blog/future-of-ai-in-coding-and-software-development-trends-and-innovations/index.html]
[www.ciklum.com/wp-content/uploads/2025/08/How-Mobile-Financial-Applications-are-Driving-Innovation-in-the-Digital-Finance-Era_BannerOpt1.png]
[www.ciklum.com/wp-content/uploads/2025/08/Travel-Predictions-2025_-The-Future-of-Travel-and-Customer-Experience_BannerOpt1-1.png]
[www.ciklum.com/wp-content/uploads/2025/08/Header-Image-Dec-11-2024-07-39-24-7860-AM.png]
[www.ciklum.com/blog/travel-predictions-2025-the-future-of-travel-and-customer-experience/index.html]
[www.ciklum.com/blog/whats-next-for-retail-in-2025-ciklums-predictions/index.html]
[www.ciklum.com/wp-content/uploads/2025/08/Header-Image-Nov-21-2024-07-36-22-2163-AM.png]
[www.ciklum.com/tag/product-engineering/index.html]
[www.ciklum.com/wp-content/uploads/2025/08/header_1-4-1.png]
[www.ciklum.com/blog/cyberattacks-in-australias-critical-infrastructure-the-growing-need-for-cybersecurity-awareness-and-resilience/index.html]
[www.ciklum.com/wp-content/uploads/2025/08/graph1.2.png]
[www.ciklum.com/wp-content/uploads/2025/08/Icon1_Education.png]
[www.ciklum.com/wp-content/uploads/2025/08/Icon2_Research.png]
[www.ciklum.com/wp-content/uploads/2025/08/Icon3_tourism.png]
[www.ciklum.com/wp-content/uploads/2025/08/Icon4_healthcare.png]
[www.ciklum.com/wp-content/uploads/2025/08/Icon5_Finance.png]
[www.ciklum.com/wp-content/uploads/2025/08/Icon6_Entertainment.png]
[www.ciklum.com/wp-content/uploads/2025/08/Icon7_SW-development.png]
[www.ciklum.com/blog/mitigating-risk-with-the-help-of-generative-ai-in-finance/index.html]
[www.ciklum.com/blog/how-is-the-growth-in-genai-changing-low-code-and-no-code-development/index.html]
[www.ciklum.com/wp-content/uploads/2025/08/quote.png]
[www.ciklum.com/blog/retrieval-augmented-generation-rag-a-leap-in-generative-ai/index.html]
[www.ciklum.com/wp-content/uploads/2025/08/graph2-1.png]
[www.ciklum.com/blog/explore-ciklums-guide-to-practical-generative-ai-examples/index.html]
[www.ciklum.com/wp-content/uploads/2025/08/Key-Takeaways-1-2.png]
[www.ciklum.com/wp-content/uploads/2025/08/CTA-Banner_Blog-3.png]
[www.ciklum.com/wp-content/uploads/2025/08/H2_-The-Evolution-of-Agentic-AI.png]
[www.ciklum.com/wp-content/uploads/2025/08/H3_-Balancing-Personalization-and-Privacy.png]
[www.ciklum.com/wp-content/uploads/2025/08/H3_-Delivering-Consistency-Across-Channels.png]
[www.ciklum.com/wp-content/uploads/2025/08/H3_-Ensuring-Humans-and-Automation-Complement-Each-Other.png]
[www.ciklum.com/wp-content/uploads/2025/08/H3_-Integrating-New-Technology-and-Legacy-Systems.png]
[www.ciklum.com/wp-content/uploads/2025/08/H2_-How-Agentic-AI-Can-Improve-Customer-Experience.png]
[www.ciklum.com/wp-content/uploads/2025/08/H3_-1.-Give-Customers-Transparency-and-Information_Opt1.png]
[www.ciklum.com/wp-content/uploads/2025/08/H3_-3.-Start-Small-Then-Grow-Deployments-Over-Time.png]
[www.ciklum.com/wp-content/uploads/2025/08/H2_-In-Summary_-Explore-Ciklum-Agentic-AI_Bullet1.jpg]
[www.ciklum.com/wp-content/uploads/2025/08/H2_-In-Summary_-Explore-Ciklum-Agentic-AI_Bullet2.jpg]
[www.ciklum.com/wp-content/uploads/2025/08/H2_-In-Summary_-Explore-Ciklum-Agentic-AI_Bullet3.jpg]
[www.ciklum.com/wp-content/uploads/2025/08/H2_-In-Summary_-Explore-Ciklum-Agentic-AI_Bullet4.jpg]
[www.ciklum.com/blog/how-agentic-ai-is-changing-customer-experience-in-2025/index.html]
[www.ciklum.com/wp-content/uploads/2025/08/header_1-3-2.png]
[www.ciklum.com/wp-content/uploads/2025/08/Icon1_Operational-efficiency-and-cost-reduction.png]
[www.ciklum.com/wp-content/uploads/2025/08/Icon2_Improved-customer-loyalty-and-retention.png]
[www.ciklum.com/wp-content/uploads/2025/08/Icon3_Innovation-in-product-development.png]
[www.ciklum.com/wp-content/uploads/2025/08/banner1_Explore-ciklums-guide-to-generative-AI-examples.png]
[www.ciklum.com/wp-content/uploads/2025/08/banner2_Gen-AI_ebook.png]
[www.ciklum.com/wp-content/uploads/2025/08/graph1-1-1.png]
[www.ciklum.com/wp-content/uploads/2025/08/generative-AI_banner_contact-us-1.png]
[www.ciklum.com/blog/generative-ai-in-retail-5-ways-its-transforming-the-industry/index.html]
[www.ciklum.com/indexd41d.html]
[www.ciklum.com/category/automation/page/2/index.html]
[www.ciklum.com/wp-content/uploads/2025/08/Agentic-RAG-in-Banking_BannerOpt1.png]
[www.ciklum.com/category/automation/index.html]
[www.ciklum.com/wp-content/uploads/2025/08/How-Is-Agentic-AI-Making-Shopping-Smarter_BannerOpt3.png]
[www.ciklum.com/category/automation/ai-agents-orchestration/page/2/index.html]
[www.ciklum.com/wp-content/uploads/2025/08/header_1-Oct-31-2024-01-34-21-3851-PM.png]
[www.ciklum.com/blog/understanding-llm-agents-types-and-applications-in-ai/index.html]
[www.ciklum.com/wp-content/uploads/2025/08/Header-Image-Oct-24-2024-01-12-29-1523-PM.png]
[www.ciklum.com/category/automation/ai-agents-orchestration/index.html]
[www.ciklum.com/author/ciklum-editorial-team/index.html]
[www.ciklum.com/tag/agentic-ai/index.html]
[www.ciklum.com/tag/data-and-artificial-intelligence/index.html]
[www.ciklum.com/blog/anthropic-unveils-ai-models-to-automate-complex-tasks-marking-a-new-era-for-ai-agents/index.html]
[www.ciklum.com/wp-content/uploads/2025/08/Automating-High-Volume-Administrative-Tasks-in-U.S.-Hospitals_BannerOpt3.png]
[www.ciklum.com/blog/applying-automation-to-every-step-of-hospital-administration/index.html]
[www.ciklum.com/blog/emergence-of-virtual-reality-vr-in-healthcare/index.html]
[www.ciklum.com/wp-content/uploads/2025/08/header-18.png]
[www.ciklum.com/wp-content/uploads/2025/08/header-17.png]
[www.ciklum.com/tag/healthcare/index.html]
[www.ciklum.com/category/engineering/ai-assisted-legacy-refactor/index.html]
[www.ciklum.com/wp-content/uploads/2025/08/Future-of-Retail_-The-Role-of-Digital-Twins-in-Shaping-Consumer-Choices_BannerOpt2.png]
[www.ciklum.com/wp-content/uploads/2025/08/Unlocking-the-Potential-of-Financial-Services-Cloud_-A-Complete-Guide_BannerOpt2.png]
[www.ciklum.com/category/cloud-edge-tech/page/2/index.html]
[www.ciklum.com/wp-content/uploads/2025/08/header_1-Oct-31-2024-01-47-09-1247-PM.png]
[www.ciklum.com/wp-content/uploads/2025/08/header-2.png]
[www.ciklum.com/wp-content/uploads/2025/08/header_1-Oct-22-2024-05-08-22-7923-AM.png]
[www.ciklum.com/wp-content/uploads/2025/08/header_1.gif]
[www.ciklum.com/blog/web-5-0-the-next-evolution-in-internet-technology/index.html]
[www.ciklum.com/wp-content/uploads/2025/08/header_1-Oct-04-2024-11-39-50-3213-AM.png]
[www.ciklum.com/category/cloud-edge-tech/index.html]
[www.ciklum.com/category/cloud-edge-tech/cloud-transformation/index.html]
[www.ciklum.com/tag/ai-assisted-code-refactoring/index.html]
[www.ciklum.com/tag/cloud-transformation-optimization/index.html]
[www.ciklum.com/tag/enterprise-ai-readiness/index.html]
[www.ciklum.com/tag/legacy-system-modernization/index.html]
[www.ciklum.com/tag/monolith-to-microservices/index.html]
[www.ciklum.com/industries/fintech/index.html]
[www.ciklum.com/videos/podcast-engineering-experiences-ciklums-al-growth-playbook/index.html]
[www.ciklum.com/author/dhruv-manage/index.html]
[www.ciklum.com/wp-content/uploads/2025/12/From-Automation-to-Autonomy-The-Agentic-AI-Shift-in-Retail-and-CPG.pdf]
[www.ciklum.com/ebook/from-automation-to-autonomy-the-agentic-ai-shift-in-retail-and-cpg/index.html]
[www.ciklum.com/terms-of-use/indexdf10.html]
[www.ciklum.com/wp-content/uploads/2025/08/Mastering-Salesforce-Integration_-Best-Practices-and-Tips_BannerOpt3.png]
[www.ciklum.com/wp-content/uploads/2025/08/header_1-Sep-30-2024-07-44-04-0819-AM.png]
[www.ciklum.com/wp-content/uploads/2025/08/header-23.png]
[www.ciklum.com/wp-content/uploads/2025/08/Top-10-software-development-trends-for-2024-copy.webp]
[www.ciklum.com/blog/top-10-software-development-trends-for-2025/index.html]
[www.ciklum.com/wp-content/uploads/2025/08/Monolithic-to-Microservices-Architecture_Header-Image_1.jpg]
[www.ciklum.com/wp-content/uploads/2025/08/How-Start-ups-Harness-the-Power-of-Re-platforming-for-Value-1.webp]
[www.ciklum.com/blog/transitioning-from-monolithic-to-microservices-architecture-a-strategic-move-in-retail/index.html]
[www.ciklum.com/wp-content/uploads/2025/08/7-Evolving-Trends-in-Software-Development-1.webp]
[www.ciklum.com/category/engineering/software-architecture/index.html]
[www.ciklum.com/blog/how-start-ups-harness-the-power-of-re-platforming-for-value/index.html]
[www.ciklum.com/blog/7-evolving-trends-in-software-development/index.html]
[www.ciklum.com/wp-content/uploads/2025/08/Software-Development-Outsourcing-Models-—-Which-One-Is-Best-1.webp]
[www.ciklum.com/blog/software-development-outsourcing-models-which-one-is-best/index.html]
[www.ciklum.com/wp-content/uploads/2025/08/2023-Software-Outsourcing-Trends-Explained-1.webp]
[www.ciklum.com/blog/2023-software-outsourcing-trends-explained/index.html]
[www.ciklum.com/wp-content/uploads/2025/08/How-to-Mitigate-the-Risks-of-Outsourcing-Software-Development-1.webp]
[www.ciklum.com/blog/how-to-mitigate-the-risks-of-outsourcing-software-development/index.html]
[www.ciklum.com/wp-content/uploads/2025/08/In-House-vs-Outsourcing-Software-Development-Which-is-Right-for-Your-Business-1.webp]
[www.ciklum.com/tag/software-architecture/index.html]
[www.ciklum.com/wp-content/uploads/2025/08/Key-takeaways-Apr-16-2025-12-26-16-1412-PM.png]
[www.ciklum.com/wp-content/uploads/2025/08/H2_-Why-Has-Financial-Modeling-Traditionally-Struggled_.png]
[www.ciklum.com/wp-content/uploads/2025/08/H2_-Real-Time-Risk-Analysis-Making-Good-Financial-Modeling-Essential_Bullet1.png]
[www.ciklum.com/wp-content/uploads/2025/08/H2_-Real-Time-Risk-Analysis-Making-Good-Financial-Modeling-Essential_Bullet2.png]
[www.ciklum.com/wp-content/uploads/2025/08/H2_-Real-Time-Risk-Analysis-Making-Good-Financial-Modeling-Essential_Bullet3.png]
[www.ciklum.com/wp-content/uploads/2025/08/H2_-Photonic-Quantum-Computing_-A-Breakthrough-Technology-for-Finance.png]
[www.ciklum.com/wp-content/uploads/2025/08/H2_-Transformative-Applications-in-Financial-Services.png]
[www.ciklum.com/wp-content/uploads/2025/08/H2_-Implementing-Photonic-Quantum-Computing-in-Finance_-Ciklums-Expertise-1.png]
[www.ciklum.com/wp-content/uploads/2025/08/CTA-Banner_Finance_Contact-Us.png]
[www.ciklum.com/blog/how-photonic-quantum-computing-solves-complex-financial-modeling-challenges/index.html]
[www.ciklum.com/tag/featured/index.html]
[www.ciklum.com/wp-content/uploads/2025/08/header_1-30.png]
[www.ciklum.com/wp-content/uploads/2025/08/The-hottest-topics-in-Fintech-find-out-at-Money20-20-1.webp]
[www.ciklum.com/category/engineering/digital-assurance/index.html]
[www.ciklum.com/blog/the-hottest-topics-in-fintech-find-out-at-money20-20/index.html]
[www.ciklum.com/wp-content/uploads/2025/08/Header-Image-17.png]
[www.ciklum.com/blog/how-to-choose-the-best-software-product-engineering-services-company/index.html]
[www.ciklum.com/wp-content/uploads/2025/08/Shaping-the-future-of-neobanking-Challenges-and-pathways-to-success.webp]
[www.ciklum.com/wp-content/uploads/2025/08/Why-digital-assurance-and-digital-transformation-go-hand-in-hand.webp]
[www.ciklum.com/blog/shaping-the-future-of-neobanking-challenges-and-pathways-to-success/index.html]
[www.ciklum.com/wp-content/uploads/2025/08/How-Start-ups-Harness-the-Power-of-Re-platforming-for-Value-1-1.webp]
[www.ciklum.com/tag/digital-assurance/index.html]
[www.ciklum.com/blog/how-to-transform-it-into-a-business-enabler/index.html]
[www.ciklum.com/wp-content/uploads/2025/08/graph1-7.png]
[www.ciklum.com/wp-content/uploads/2025/08/graph2-4.png]
[www.ciklum.com/wp-content/uploads/2025/08/graph3-1-1.png]
[www.ciklum.com/wp-content/uploads/2025/08/icon1_The-Rise-of-FinTech.png]
[www.ciklum.com/wp-content/uploads/2025/08/icon2_Increasing-Focus-on-Cybersecurity.png]
[www.ciklum.com/wp-content/uploads/2025/08/icon3_Evolution-of-Compliance-Requirements.png]
[www.ciklum.com/wp-content/uploads/2025/08/01_Integration-of-AI-in-ARVR-1.png]
[www.ciklum.com/wp-content/uploads/2025/08/contact-us-CTA-2.webp]
[www.ciklum.com/blog/how-to-improve-quality-assurance-in-banking-financial-applications/index.html]
[www.ciklum.com/wp-content/uploads/2025/08/Graph-3.png]
[www.ciklum.com/wp-content/uploads/2025/08/Avoid-risks-and-mitigate-mistakes.png]
[www.ciklum.com/wp-content/uploads/2025/08/Maximize-software-testing.png]
[www.ciklum.com/wp-content/uploads/2025/08/Make-security-conscious-decisions.png]
[www.ciklum.com/wp-content/uploads/2025/08/Improve-workflow-and-efficiency.png]
[www.ciklum.com/wp-content/uploads/2025/08/Clear-roles-and-responsibilities-.png]
[www.ciklum.com/wp-content/uploads/2025/08/Enabling-consistent-user-experiences.png]
[www.ciklum.com/wp-content/uploads/2025/08/Speeding-up-time-to-market.png]
[www.ciklum.com/wp-content/uploads/2025/08/Streamlining-development-cycles.png]
[www.ciklum.com/wp-content/uploads/2025/08/Achieving-transformation-objectives.png]
[www.ciklum.com/blog/why-digital-assurance-and-digital-transformation-go-hand-in-hand/index.html]
[www.ciklum.com/author/yuliia-zavorotynska/index.html]
[www.ciklum.com/wp-content/uploads/2025/08/header_A.png]
[www.ciklum.com/blog/ciklum-partners-with-walkme-to-enhance-digital-adoption-for-customers/index.html]
[www.ciklum.com/wp-content/uploads/2025/08/header_1-13.png]
[www.ciklum.com/blog/unleashing-innovation-key-takeaways-from-ciklums-client-conference-2024/index.html]
[www.ciklum.com/blog/navigating-the-challenges-and-complexities-of-open-banking/index.html]
[www.ciklum.com/wp-content/uploads/2025/08/Navigating-payments-innovation-How-to-adapt-to-new-consumer-demands-industry-advancements.webp]
[www.ciklum.com/blog/navigating-payments-innovation-how-to-adapt-to-new-consumer-demands-industry-advancements/index.html]
[www.ciklum.com/tag/solution-discovery/index.html]
[www.ciklum.com/wp-content/uploads/2025/08/Digital-Wallets-and-Beyond_-The-Future-of-Financial-Services-in-the-Mobile-Era_BannerOpt1.png]
[www.ciklum.com/wp-content/uploads/2025/08/How-Can-Smart-Technologies-Shape-Payments-and-Checkout-Experiences_BannerOpt3_v2.png]
[www.ciklum.com/category/experience/page/2/index.html]
[www.ciklum.com/wp-content/uploads/2025/08/ciklum_stripe_partnership_linkedin_post_v2.png]
[www.ciklum.com/category/experience/index.html]
[www.ciklum.com/blog/digital-wallets-and-beyond-the-future-of-financial-services-in-the-mobile-era/index.html]
[www.ciklum.com/blog/outdated-payment-systems-is-your-checkout-costing-you-customers/index.html]
[www.ciklum.com/blog/how-seamless-payments-experiences-can-power-customer-loyalty/index.html]
[www.ciklum.com/wp-content/uploads/2025/08/How-Customized-Experiences-Can-Transform-Complex-Financial-Services_BannerOpt1.png]
[www.ciklum.com/wp-content/uploads/2025/08/User-Experience-Matters_-7-UX-Principles-for-Modern-Mobile-Banking-Apps_BannerOpt2.png]
[www.ciklum.com/blog/user-experience-matters-7-ux-principles-for-modern-mobile-banking-apps/index.html]
[www.ciklum.com/wp-content/uploads/2025/08/The-importance-of-hyper-personalized-user-experience-in-eCommerce.webp]
[www.ciklum.com/wp-content/uploads/2025/08/Enhanced-UX-accessibility-to-recapture-90-of-bounced-visitors.webp]
[www.ciklum.com/wp-content/uploads/2025/08/Your-roadmap-to-effective-customer-experience-design.webp]
[www.ciklum.com/category/experience/ux-ui-design/index.html]
[www.ciklum.com/blog/enhanced-ux-accessibility-to-recapture-90-of-bounced-visitors/index.html]
[www.ciklum.com/wp-content/uploads/2025/08/The-Technology-Leaders-Blueprint-for-Financial-Services-Customer-Experience_BannerOpt1.png]
[www.ciklum.com/wp-content/uploads/2025/08/The-Value-of-Customer-Experience-Investment-in-Financial-Services_BannerOpt1_V2-1.png]
[www.ciklum.com/wp-content/uploads/2025/08/header_1-Nov-13-2024-09-06-45-3100-AM.png]
[www.ciklum.com/wp-content/uploads/2025/08/ciklum_blog_softbank_nvidia_ai_telecom_title_image_v1.jpg]
[www.ciklum.com/wp-content/uploads/2025/08/header-1.png]
[www.ciklum.com/blog/experience-engineering-the-key-to-advanced-product-development-and-user-centered-innovation/index.html]
[www.ciklum.com/blog/softbank-and-nvidia-join-forces-to-revolutionize-ai-in-telecommunications/index.html]
[www.ciklum.com/wp-content/uploads/2025/08/Header-Image-1.png]
[www.ciklum.com/blog/ai-and-experience-engineering-transforming-customer-interactions/index.html]
[www.ciklum.com/wp-content/uploads/2025/08/Header-Image.png]
[www.ciklum.com/tag/customer-experience/index.html]
[www.ciklum.com/blog/how-experience-engineering-drives-retail-innovation-and-growth/index.html]
[www.ciklum.com/tag/experience-design/index.html]
[www.ciklum.com/blog/application-of-ai-and-experience-engineering-across-industries/index.html]
[www.ciklum.com/blog/how-is-ai-reshaping-the-future-of-the-financial-services-industry/index.html]
[www.ciklum.com/blog/banking-experience-2025-trends-shaping-customer-expectations/index.html]
[www.ciklum.com/wp-content/uploads/2025/08/H3_-Prescriptive-Analytics.png]
[www.ciklum.com/wp-content/uploads/2025/08/CTA-Banner_Fintech-Innovations-Blog.png]
[www.ciklum.com/wp-content/uploads/2025/08/H3_-Customer-Experience-and-Personalization-opt1.png]
[www.ciklum.com/wp-content/uploads/2025/08/CTA-Banner_Banking-Blog.png]
[www.ciklum.com/wp-content/uploads/2025/08/H3_-Real-Time-Data-Processing.png]
[www.ciklum.com/wp-content/uploads/2025/08/H3_-Open-Banking-Integration.png]
[www.ciklum.com/wp-content/uploads/2025/08/H3_-Future-Innovations.png]
[www.ciklum.com/wp-content/uploads/2025/08/H3_-Analytics-Maturity-Model.png]
[www.ciklum.com/wp-content/uploads/2025/08/H3_-DELTA-Framework.png]
[www.ciklum.com/wp-content/uploads/2025/08/H3_-Value-Stream-Mapping.png]
[www.ciklum.com/wp-content/uploads/2025/08/H3_-Develop-an-Implementing-Roadmap.png]
[www.ciklum.com/wp-content/uploads/2025/08/CTA-Banner_Data-Science-and-data-analytics_banner_Service-page.png]
[www.ciklum.com/wp-content/uploads/2025/08/Responsible-AI-in-Banking-and- Financial-Services_BannerOpt2pngpng-1-1024x697.octet-stream]
[www.ciklum.com/blog/banks-leveraging-analytics/index.html]
[www.ciklum.com/wp-content/uploads/2025/08/H2_-What-Is-‘Speed-to-Purchase_Topic-2.png]
[www.ciklum.com/wp-content/uploads/2025/08/H3_-Digital-Touchpoints.png]
[www.ciklum.com/wp-content/uploads/2025/08/H3_-Physical-Interactions.png]
[www.ciklum.com/wp-content/uploads/2025/08/H3_-Emerging-Technology.png]
[www.ciklum.com/wp-content/uploads/2025/08/H2_-Solving-the-Challenges-Around-Seamless-Customer-Journeys_Topic-1.png]
[www.ciklum.com/wp-content/uploads/2025/08/H2_-Solving-the-Challenges-Around-Seamless-Customer-Journeys_Topic-2.png]
[www.ciklum.com/wp-content/uploads/2025/08/Customer-experience_banner_service-page-2.png]
[www.ciklum.com/blog/how-can-you-create-a-seamless-customer-journey-across-different-touchpoints-to-improve-speed-to-purchase/index.html]
[www.ciklum.com/wp-content/uploads/2025/08/H1_-Future-of-Retail_-The-Role-of-Digital-Twins-in-Shaping-Consumer-Choices.png]
[www.ciklum.com/author/rishi-nayak/index.html]
[www.ciklum.com/wp-content/uploads/2025/08/H2_-Understanding-Digital-Twins-In-Retail.png]
[www.ciklum.com/blog/integrating-iot-with-ai-for-next-gen-retail-solutions/index.html]
[www.ciklum.com/blog/10-ways-digital-twin-software-is-transforming-industry-4-0/index.html]
[www.ciklum.com/wp-content/uploads/2025/08/XR-AR-MR-VR_banner_Service-page.png]
[www.ciklum.com/wp-content/uploads/2025/08/H3_-3.-Optimized-Supply-Chain-Management.png]
[www.ciklum.com/wp-content/uploads/2025/08/H3_-5.-Predictive-Consumer-Insights.png]
[www.ciklum.com/wp-content/uploads/2025/08/H2_-In-Summary_-The-Future-of-Digital-Twins-in-Retail.png]
[www.ciklum.com/wp-content/uploads/2025/08/XR-AR-MR-VR_banner_Contact-us.png]
[www.ciklum.com/blog/future-of-retail-the-role-of-digital-twins-in-shaping-consumer-choices/index.html]
[www.ciklum.com/wp-content/uploads/2025/08/H2_-Why-Invest-in-Customer-Experience-in-Financial-Services_.png]
[www.ciklum.com/author/aaron-jones/index.html]
[www.ciklum.com/wp-content/uploads/2025/08/H2_-Transforming-Critical-Customer-Journeys-in-Banking.png]
[www.ciklum.com/wp-content/uploads/2025/08/H2_-Leveraging-AI-for-Personalized-Guidance_1.png]
[www.ciklum.com/wp-content/uploads/2025/08/H2_-Leveraging-AI-for-Personalized-Guidance_2.png]
[www.ciklum.com/wp-content/uploads/2025/08/H2_-Delivering-Seamless-Omnichannel-Banking-Experiences_1.png]
[www.ciklum.com/wp-content/uploads/2025/08/CTA-Banner_Santander-Case-Study.png]
[www.ciklum.com/wp-content/uploads/2025/08/H2_-Delivering-Seamless-Omnichannel-Banking-Experiences_2.png]
[www.ciklum.com/wp-content/uploads/2025/08/CTA-Banner_Ebook-2.png]
[www.ciklum.com/wp-content/uploads/2025/08/The-Value-of-Customer-Experience-Investment-in-Financial-Services_BannerOpt1_V2-1-1024x697.png]
[www.ciklum.com/blog/how-customized-experiences-can-transform-complex-financial-services/index.html]
[www.ciklum.com/wp-content/uploads/2025/08/H2_-Reimagining-the-Role-of-the-CTO_1.png]
[www.ciklum.com/wp-content/uploads/2025/08/H2_-Reimagining-the-Role-of-the-CTO_2.png]
[www.ciklum.com/wp-content/uploads/2025/08/H2_-Embracing-Cloud-Native-Architectures-for-an-Omnichannel-Customer-Experience.png]
[www.ciklum.com/wp-content/uploads/2025/08/H2_-Leveraging-AI-and-Data-Powered-Personalization.png]
[www.ciklum.com/wp-content/uploads/2025/08/H2_-Creating-an-API-Driven-Tech-Stack.png]
[www.ciklum.com/wp-content/uploads/2025/08/CTA-Banner_Ebook-3.png]
[www.ciklum.com/blog/the-technology-leaders-blueprint-for-financial-services-customer-experience/index.html]
[www.ciklum.com/wp-content/uploads/2025/08/header_1-Sep-06-2024-07-10-40-7480-AM.png]
[www.ciklum.com/category/experience/product-discovery/index.html]
[www.ciklum.com/wp-content/uploads/2025/09/ebook_product_discovery_landing_page_header-1.jpg]
[www.ciklum.com/category/experience/product-discovery/page/2/index.html]
[www.ciklum.com/wp-content/uploads/2023/05/ciklum_ebook_product_discovery_1080x1920px.pdf]
[www.ciklum.com/ebook/customer-centric-product-development-ebook/index.html]
[www.ciklum.com/wp-content/uploads/2025/08/Migrating-to-Salesforce-Marketing-Cloud_-Moving-Mid-Market-and-GRB-Companies_BannerOpt3.png]
[www.ciklum.com/category/experience/product-management/page/2/index.html]
[www.ciklum.com/wp-content/uploads/2025/08/Banking-Experience-2025_-Trends-Shaping-Customer-Expectations_BannerOpt1.png]
[www.ciklum.com/wp-content/uploads/2025/08/header_1-35.png]
[www.ciklum.com/blog/product-lifecycle-management-for-consumer-retail/index.html]
[www.ciklum.com/wp-content/uploads/2025/08/Evolving-CX_Header-Image_1.jpg]
[www.ciklum.com/blog/evolving-cx-the-challenges-of-achieving-customer-loyalty-in-a-digital-age/index.html]
[www.ciklum.com/wp-content/uploads/2025/08/Enhance-your-checkout-experience-with-Ciklum-and-Stripe.webp]
[www.ciklum.com/wp-content/uploads/2025/08/5-must-dos-for-maximising-digital-experience.webp]
[www.ciklum.com/blog/enhance-your-checkout-experience-with-ciklum-and-stripe/index.html]
[www.ciklum.com/wp-content/uploads/2025/08/4-tips-for-perfecting-your-omnichannel-strategy.webp]
[www.ciklum.com/wp-content/uploads/2025/08/DTX-Europe-Top-3-takeaways.webp]
[www.ciklum.com/wp-content/uploads/2025/08/Are-you-ready-for-a-new-world-of-customer-experience.webp]
[www.ciklum.com/category/experience/product-management/index.html]
[www.ciklum.com/author/julian-beckers/index.html]
[www.ciklum.com/blog/dtx-europe-top-3-takeaways/index.html]
[www.ciklum.com/blog/are-you-ready-for-a-new-world-of-customer-experience/index.html]
[www.ciklum.com/wp-content/uploads/2025/08/Customer-experience-vs-user-experience.jpg]
[www.ciklum.com/wp-content/uploads/2025/08/Icon-High-quality-customer-satisfaction.png]
[www.ciklum.com/wp-content/uploads/2025/08/Icon-Improved-customer-retention-and-loyalty.png]
[www.ciklum.com/wp-content/uploads/2025/08/Icon-Greater-customer-advocacy.png]
[www.ciklum.com/wp-content/uploads/2025/08/Icon-Stronger-bottom-line.png]
[www.ciklum.com/wp-content/uploads/2025/08/Customer-Experience-Design-Process.jpg]
[www.ciklum.com/blog/your-roadmap-to-effective-customer-experience-design/index.html]
[www.ciklum.com/author/olena-nikolova/index.html]
[www.ciklum.com/wp-content/uploads/2025/08/Solution-journey-touchpoints.jpg]
[www.ciklum.com/wp-content/uploads/2025/08/Icon_Determine-what-needs-to-improve.jpg]
[www.ciklum.com/wp-content/uploads/2025/08/Icon_Use-facts-and-tools-not-opinions.jpg]
[www.ciklum.com/wp-content/uploads/2025/08/Icon_Break-down-the-wanted-behaviours-of-target-audiences.jpg]
[www.ciklum.com/wp-content/uploads/2025/08/Icon_Decide-whether-its-an-experience-remake-or-a-remix.jpg]
[www.ciklum.com/wp-content/uploads/2025/08/Icon_Keep-on-brand.jpg]
[www.ciklum.com/blog/5-must-dos-for-maximising-digital-experience/index.html]
[www.ciklum.com/wp-content/uploads/2025/08/header-22.png]
[www.ciklum.com/wp-content/uploads/2025/08/Icon1_Chatbots.png]
[www.ciklum.com/wp-content/uploads/2025/08/Icon2_fraud-detection-1.png]
[www.ciklum.com/wp-content/uploads/2025/08/Icon3_Customer-relationship.png]
[www.ciklum.com/wp-content/uploads/2025/08/Icon4_Analytics-integration.png]
[www.ciklum.com/blog/transformative-effects-of-artificial-intelligence-on-financial-services/index.html]
[www.ciklum.com/wp-content/uploads/2025/09/landing_page_header_1200x627px-1-2.jpg]
[www.ciklum.com/wp-content/uploads/2023/12/Ciklum-GenAI-and-Digital-Experience-Trends-for-2025.pdf]
[www.ciklum.com/ebook/gen-ai-and-digital-experience-trend-predictions-for-2025-ebook/index.html]
[www.ciklum.com/wp-content/uploads/2025/08/The-Increasing-Role-of-Virtual-Assistants-and-Chatbots-in-Revolutionizing-Automotive-Industry_BannerOpt1.png]
[www.ciklum.com/blog/the-increasing-role-of-virtual-assistants-and-chatbots-in-revolutionizing-automotive-industry/index.html]
[www.ciklum.com/wp-content/uploads/2025/08/header_1-3.png]
[www.ciklum.com/blog/discover-the-power-of-conversational-ai-solutions-for-business-success/index.html]
[www.ciklum.com/wp-content/uploads/2025/08/Ciklum-and-Kore.ai-announce-partnership-to-enhance-customer-experience-1.webp]
[www.ciklum.com/blog/ciklum-and-kore-ai-announce-partnership-to-enhance-customer-experience/index.html]
[www.ciklum.com/wp-content/uploads/2025/08/Changing-the-customer-service-landscape-with-hyper-automation.jpg]
[www.ciklum.com/category/automation/conversational-ai/index.html]
[www.ciklum.com/author/sarah-topping/index.html]
[www.ciklum.com/wp-content/uploads/2025/08/Intelligent-Automation-vs-Artificial-Intelligence-what-s-the-difference.webp]
[www.ciklum.com/wp-content/uploads/2025/08/5-ways-Intelligent-Automation-can-benefit-your-business-2.webp]
[www.ciklum.com/tag/conversational-ai/index.html]
[www.ciklum.com/wp-content/uploads/2025/08/How-is-Hyper-Automation-Reshaping-the-Future-of-Banking_BannerOpt2.png]
[www.ciklum.com/blog/intelligent-automation-vs-artificial-intelligence-whats-the-difference/index.html]
[www.ciklum.com/wp-content/uploads/2025/08/header_1-Oct-28-2024-12-45-11-4521-PM.png]
[www.ciklum.com/wp-content/uploads/2025/08/header_1-27.png]
[www.ciklum.com/wp-content/uploads/2025/08/header_1-26.png]
[www.ciklum.com/wp-content/uploads/2025/08/When-is-the-right-time-to-invest-in-digital-adoption_Header-Image_1.jpg]
[www.ciklum.com/blog/no-code-artificial-intelligence-6-game-changing-advantages-for-developers/index.html]
[www.ciklum.com/wp-content/uploads/2025/08/Celonis-and-Process-Minings-Role-in-Transforming-Payments.webp]
[www.ciklum.com/tag/intelligent-automation/index.html]
[www.ciklum.com/blog/9-ways-low-code-applications-are-transforming-businesses/index.html]
[www.ciklum.com/blog/5-ways-rpa-streamlines-customer-service-in-the-travel-industry/index.html]
[www.ciklum.com/blog/when-is-the-right-time-to-invest-in-digital-adoption/index.html]
[www.ciklum.com/blog/celonis-and-process-minings-role-in-transforming-payments/index.html]
[www.ciklum.com/wp-content/uploads/2025/08/How-the-use-of-automation-is-leveling-up-the-retail-industry.webp]
[www.ciklum.com/wp-content/uploads/2025/08/1_graphic.png]
[www.ciklum.com/wp-content/uploads/2025/08/02_Automate_systems.svg]
[www.ciklum.com/wp-content/uploads/2025/08/01_Deliver-superior-customer-experiences.svg]
[www.ciklum.com/wp-content/uploads/2025/08/01_Liberate-Capacity.svg]
[www.ciklum.com/wp-content/uploads/2025/08/2.1_graphic.png]
[www.ciklum.com/wp-content/uploads/2025/08/3_graphic.png]
[www.ciklum.com/blog/the-new-consumer-behaviour-paradigm-and-retail-technology-transformation/index.html]
[www.ciklum.com/wp-content/uploads/2025/08/iconA_Customer-experience.png]
[www.ciklum.com/wp-content/uploads/2025/08/IconB_Employee-experience-1.png]
[www.ciklum.com/wp-content/uploads/2025/08/IconC_Brand-reputation.png]
[www.ciklum.com/wp-content/uploads/2025/08/IconD_Customer-loyalty.png]
[www.ciklum.com/wp-content/uploads/2025/08/IconE_Operational-efficiency.png]
[www.ciklum.com/wp-content/uploads/2025/08/IconF_Business-growth.png]
[www.ciklum.com/wp-content/uploads/2025/08/IconF_futureproofing.png]
[www.ciklum.com/blog/getting-to-grips-with-the-real-costs-of-ai-implementation/index.html]
[www.ciklum.com/blog/how-the-use-of-automation-is-leveling-up-the-retail-industry/index.html]
[www.ciklum.com/wp-content/uploads/2025/08/Risk-vs-Reward-AI-development-for-payments.webp]
[www.ciklum.com/wp-content/uploads/2025/08/1_Graph-1.png]
[www.ciklum.com/wp-content/uploads/2025/08/Icon1_Data-and-privacy.png]
[www.ciklum.com/wp-content/uploads/2025/08/Icon2_Fraud-and-security.png]
[www.ciklum.com/wp-content/uploads/2025/08/Icon3_poor-operative-training.png]
[www.ciklum.com/wp-content/uploads/2025/08/Icon4_over-reliance-on-machines.png]
[www.ciklum.com/wp-content/uploads/2025/08/Icon5_Bias-and-legal-consequences.png]
[www.ciklum.com/wp-content/uploads/2025/08/Icon6_Customer-adoption.png]
[www.ciklum.com/wp-content/uploads/2025/08/2_Graph-1.png]
[www.ciklum.com/wp-content/uploads/2025/08/Icon1_reduced-human-error.png]
[www.ciklum.com/wp-content/uploads/2025/08/Icon2_Efficiency.png]
[www.ciklum.com/wp-content/uploads/2025/08/Icon3_UX-improvements.png]
[www.ciklum.com/wp-content/uploads/2025/08/Icon4_Competitive-advantage.png]
[www.ciklum.com/wp-content/uploads/2025/08/Icon5_Improved-monitoring.png]
[www.ciklum.com/wp-content/uploads/2025/08/Icon6_Compliance.png]
[www.ciklum.com/blog/risk-vs-reward-ai-development-for-payments/index.html]
[www.ciklum.com/wp-content/uploads/2025/08/GenAI-and-the-Payments-Lifecycle_-Innovative-Strategies-for-the-Future_BannerOpt2.png]
[www.ciklum.com/category/automation/gen-ai-decision-science/page/2/index.html]
[www.ciklum.com/wp-content/uploads/2025/08/header_1-34.png]
[www.ciklum.com/blog/genai-and-the-payments-lifecycle-innovative-strategies-for-the-future/index.html]
[www.ciklum.com/wp-content/uploads/2025/08/Mitigating-risk-with-the-help-of-generative-AI-in-finance.webp]
[www.ciklum.com/wp-content/uploads/2025/08/12-steps-to-getting-started-with-GenAI.webp]
[www.ciklum.com/category/automation/gen-ai-decision-science/index.html]
[www.ciklum.com/category/hi-tech/index.html]
[www.ciklum.com/wp-content/uploads/2025/08/Header-Image-Oct-22-2024-06-36-51-2858-AM.png]
[www.ciklum.com/wp-content/uploads/2025/08/header_1-Sep-20-2024-07-54-52-4699-AM.png]
[www.ciklum.com/blog/addressing-the-rising-threat-of-e-kyc-deepfakes-in-finance-and-banking/index.html]
[www.ciklum.com/wp-content/uploads/2025/08/header_1-28.png]
[www.ciklum.com/tag/generative-ai/index.html]
[www.ciklum.com/blog/conversational-ai-vs-generative-ai-choosing-the-right-ai-strategy-for-your-business/index.html]
[www.ciklum.com/wp-content/uploads/2025/08/Key-takeaways-Apr-22-2025-12-33-09-7056-PM.png]
[www.ciklum.com/wp-content/uploads/2025/08/H2_-What-is-Agentic-AI-and-Why-Does-It-Matter-for-Retail.png]
[www.ciklum.com/wp-content/uploads/2025/08/H2_-Agentic-AI-in-Retail_-A-New-Edge.png]
[www.ciklum.com/wp-content/uploads/2025/08/H3_-Autonomous-Shopping-Agents.png]
[www.ciklum.com/wp-content/uploads/2025/08/H3_-Hyperpersonalized-Customer-Experiences.png]
[www.ciklum.com/wp-content/uploads/2025/08/H3_-Visual-Search-and-Augmented-Reality.png]
[www.ciklum.com/wp-content/uploads/2025/08/H3_-Intelligent-Inventory-and-Supply-Chain-Management.png]
[www.ciklum.com/wp-content/uploads/2025/08/H2_-Key-Benefits-of-Agentic-AI-in-Retail-Opt2-1.png]
[www.ciklum.com/wp-content/uploads/2025/08/generative-AI_banner_contact-us-Apr-22-2025-12-33-10-0241-PM.png]
[www.ciklum.com/blog/from-browsing-to-buying-agentic-ais-journey-through-retail/index.html]
[www.ciklum.com/wp-content/uploads/2024/08/image-02-14.png]
[www.ciklum.com/wp-content/uploads/2024/08/image-01-14.png]
[www.ciklum.com/wp-content/uploads/2024/08/infoimage-24.png]
[www.ciklum.com/case-studies/vr-game-changer-achieving-a-increase-in-player-registrations/index.html]
[www.ciklum.com/wp-content/uploads/2024/07/infoimage-22.png]
[www.ciklum.com/wp-content/uploads/2024/07/image-02-12.png]
[www.ciklum.com/case-studies/enhancing-skill-proficiency-of-medical-professionals-through-vr-based-application/index.html]
[www.ciklum.com/wp-content/uploads/2025/09/Card-image-copy-1.webp]
[www.ciklum.com/wp-content/uploads/2024/07/infoimage-17.png]
[www.ciklum.com/case-studies/streamlined-healthcare-automation/index.html]
[www.ciklum.com/wp-content/uploads/2024/07/image-01-7.png]
[www.ciklum.com/wp-content/uploads/2024/07/image-02-7.png]
[www.ciklum.com/case-studies/boosting-students-engagement-through-innovative-learning-apps/index.html]
[www.ciklum.com/blog/a-bold-step-into-the-future-as-meta-unveils-its-ar-glasses-prototype-orion/index.html]
[www.ciklum.com/wp-content/uploads/2025/08/Header-Image-4.png]
[www.ciklum.com/wp-content/uploads/2025/08/header-16.png]
[www.ciklum.com/wp-content/uploads/2025/08/Ciklum-sites-Development-centre-in-Belarus.webp]
[www.ciklum.com/category/cloud-edge-tech/xr-ar-mr-vr/index.html]
[www.ciklum.com/blog/transforming-retail-harnessing-the-power-of-augmented-reality/index.html]
[www.ciklum.com/blog/ciklum-sites-development-centre-in-belarus/index.html]
[www.ciklum.com/wp-content/uploads/2025/08/Header-Image-15.png]
[www.ciklum.com/wp-content/uploads/2025/08/IoT-with-AI_Header-Image_1.jpg]
[www.ciklum.com/wp-content/uploads/2025/08/Five-challenges-of-embedded-technology-systems-why-experts-are-the-key-to-success.webp]
[www.ciklum.com/tag/edge-technologies/index.html]
[www.ciklum.com/tag/xr-ar-mr-vr/index.html]
[www.ciklum.com/blog/five-challenges-of-embedded-technology-systems-why-experts-are-the-key-to-success/index.html]
[www.ciklum.com/wp-content/uploads/2025/08/graph1-Oct-31-2024-01-47-06-3613-PM.png]
[www.ciklum.com/category/cloud-edge-tech/edge-tech/index.html]
[www.ciklum.com/author/tomas-kliment/index.html]
[www.ciklum.com/wp-content/uploads/2025/08/graph2-Oct-31-2024-01-47-06-3473-PM.png]
[www.ciklum.com/wp-content/uploads/2025/08/graph3_new.png]
[www.ciklum.com/wp-content/uploads/2025/08/graph4_new.png]
[www.ciklum.com/wp-content/uploads/2025/08/Copy-of-Edge-technologies_banner_Contact-us.png]
[www.ciklum.com/wp-content/uploads/2025/08/Header-Image-4-1024x697.png]
[www.ciklum.com/blog/optimizing-deep-neural-networks-for-edge-devices-the-power-of-pruning/index.html]
[www.ciklum.com/wp-content/uploads/2025/08/graph1-Oct-17-2024-01-03-16-2198-PM.png]
[www.ciklum.com/wp-content/uploads/2025/08/graph2-Oct-17-2024-01-03-15-8174-PM.png]
[www.ciklum.com/wp-content/uploads/2025/08/Copy-of-XR-AR-MR-VR_banner_Case-study.png]
[www.ciklum.com/wp-content/uploads/2025/08/Copy-of-XR-AR-MR-VR_banner_Service-page.png]
[www.ciklum.com/blog/transform-your-retail-experience-with-advanced-ar-solutions/index.html]
[www.ciklum.com/category/cloud-edge-tech/iot-embedded/index.html]
[www.ciklum.com/author/milan-piskla/index.html]
[www.ciklum.com/tag/iot-and-embedded/index.html]
[www.ciklum.com/wp-content/uploads/2025/08/1st.png]
[www.ciklum.com/wp-content/uploads/2025/08/2nd.png]
[www.ciklum.com/wp-content/uploads/2025/08/hu.png]
[www.ciklum.com/wp-content/uploads/2025/08/graph1-Oct-04-2024-11-39-48-3787-AM.png]
[www.ciklum.com/wp-content/uploads/2025/08/Icon1_financial.png]
[www.ciklum.com/wp-content/uploads/2025/08/Icon3_Regulatory.png]
[www.ciklum.com/wp-content/uploads/2025/08/Copy-of-XR-AR-MR-VR_banner_Contact-us.png]
[www.ciklum.com/blog/8-benefits-of-extended-reality-for-modern-manufacturing-processes/index.html]
[www.ciklum.com/wp-content/uploads/2025/08/AI-influence-on-the-daily-job-of-DevOps-engineers.webp]
[www.ciklum.com/wp-content/uploads/2025/08/Implement-a-Well-Architected-Framework-for-Your-Cloud-Using-DevSecOps-1.webp]
[www.ciklum.com/category/cloud-edge-tech/devops/index.html]
[www.ciklum.com/blog/ai-influence-on-the-daily-job-of-devops-engineers/index.html]
[www.ciklum.com/wp-content/uploads/2025/08/header_1-1-1.png]
[www.ciklum.com/wp-content/uploads/2025/08/header-15.png]
[www.ciklum.com/tag/cloud-platforms/index.html]
[www.ciklum.com/blog/how-finops-can-help-businesses-optimize-cloud-costs/index.html]
[www.ciklum.com/tag/devops/index.html]
[www.ciklum.com/blog/implement-a-well-architected-framework-for-your-cloud-using-devsecops/index.html]
[www.ciklum.com/author/vladyslav-gram/index.html]
[www.ciklum.com/wp-content/uploads/2025/08/Salesforce_banner_Service-page-2.png]
[www.ciklum.com/tag/salesforce/index.html]
[www.ciklum.com/wp-content/uploads/2025/08/Understanding-Salesforce-Integration.png]
[www.ciklum.com/wp-content/uploads/2025/08/Steps-to-Migrate-to-Salesforce-Marketing-Cloud.png]
[www.ciklum.com/wp-content/uploads/2025/08/6.-Test-and-Optimize.png]
[www.ciklum.com/wp-content/uploads/2025/08/Salesforce_banner_Contact-us-2.png]
[www.ciklum.com/wp-content/uploads/2025/08/header_1-1-1-1024x697.png]
[www.ciklum.com/blog/migrating-to-salesforce-marketing-cloud-moving-mid-market-and-grb-companies/index.html]
[www.ciklum.com/wp-content/uploads/2025/08/Salesforce_banner_Service-page-3.png]
[www.ciklum.com/wp-content/uploads/2025/08/Understanding-Salesforce-Integration-1.png]
[www.ciklum.com/wp-content/uploads/2025/08/Best-Practices-for-Salesforce-Integration.png]
[www.ciklum.com/wp-content/uploads/2025/08/Salesforce_banner_Contact-us-3.png]
[www.ciklum.com/blog/mastering-salesforce-integration-best-practices-and-tips/index.html]
[www.ciklum.com/wp-content/uploads/2025/08/1.-Customer-Relationship-Management.png]
[www.ciklum.com/wp-content/uploads/2025/08/Salesforce_banner_Service-page.png]
[www.ciklum.com/solutions/cloud-platforms/salesforce/indexad75.html]
[www.ciklum.com/wp-content/uploads/2025/08/4.-Wealth-Management-Client-Relationship-Management.png]
[www.ciklum.com/wp-content/uploads/2025/08/6.-Enhanced-Customer-Experience.png]
[www.ciklum.com/wp-content/uploads/2025/08/Salesforce_banner_Contact-us.png]
[www.ciklum.com/blog/unlocking-the-potential-of-financial-services-cloud-a-complete-guide/index.html]
[www.ciklum.com/wp-content/uploads/2025/08/graph1-Oct-25-2024-09-23-53-9122-AM.png]
[www.ciklum.com/wp-content/uploads/2025/08/Copy-of-DevOps_banner_Service-page.png]
[www.ciklum.com/wp-content/uploads/2025/08/graph2-Oct-25-2024-09-23-53-8815-AM.png]
[www.ciklum.com/wp-content/uploads/2025/08/graph3-Oct-25-2024-09-23-53-9166-AM.png]
[www.ciklum.com/wp-content/uploads/2025/08/graph4-Oct-25-2024-09-23-53-7165-AM.png]
[www.ciklum.com/wp-content/uploads/2025/08/graph5-1.png]
[www.ciklum.com/wp-content/uploads/2025/08/Icon1_Integration-and-configuration.png]
[www.ciklum.com/wp-content/uploads/2025/08/Icon2_Building-trust.png]
[www.ciklum.com/wp-content/uploads/2025/08/Icon3_Maintaining-relevance.png]
[www.ciklum.com/wp-content/uploads/2025/08/Copy-of-DevOps_banner_Contact-us.png]
[www.ciklum.com/blog/exploring-chatbots-in-devops-the-future-of-agile-workflows/index.html]
[www.ciklum.com/wp-content/uploads/2025/08/5-key-actions-when-deploying-new-payment-systems.webp]
[www.ciklum.com/wp-content/uploads/2025/08/Scandinavian-Tech-Scene-Trends-Opportunities-in-the-IT-Market.webp]
[www.ciklum.com/category/cloud-edge-tech/cloud-services/index.html]
[www.ciklum.com/blog/5-key-actions-when-deploying-new-payment-systems/index.html]
[www.ciklum.com/wp-content/uploads/2025/08/Leveraging-AI-tools-to-enhance-product-engineer-performance.webp]
[www.ciklum.com/author/maksym-lypivskyi/index.html]
[www.ciklum.com/tag/cloud-engineering/index.html]
[www.ciklum.com/blog/scandinavian-tech-scene-trends-opportunities-in-the-it-market/index.html]
[www.ciklum.com/blog/leveraging-ai-tools-to-enhance-product-engineer-performance/index.html]
[www.ciklum.com/wp-content/uploads/2025/08/AI-in-the-workplace_Header-Image_3.jpg]
[www.ciklum.com/wp-content/uploads/2025/08/Retrieval-Augmented-Generation-RAG-A-Leap-in-Generative-AI.webp]
[www.ciklum.com/author/lucian-gruia/index.html]
[www.ciklum.com/tag/mlops/index.html]
[www.ciklum.com/our-expertise/data-analytics-solutions/index.html]
[www.ciklum.com/blog/ai-in-the-workplace-is-there-a-place-for-humans-and-technology/index.html]
[www.ciklum.com/wp-content/uploads/2025/08/Enhancing-Data-Quality-in-Salesforce_-Tips-for-Accurate-and-Reliable-Data_BannerOpt2-1.png]
[www.ciklum.com/wp-content/uploads/2025/08/Pros-and-Cons-of-Big-Data.webp]
[www.ciklum.com/category/data/modern-data-tech/index.html]
[www.ciklum.com/blog/enhancing-data-quality-in-salesforce-tips-for-accurate-and-reliable-data/index.html]
[www.ciklum.com/wp-content/uploads/2025/08/Product-development-priorities-in-tough-economic-times-1.webp]
[www.ciklum.com/tag/product-management/index.html]
[www.ciklum.com/wp-content/uploads/2025/08/header_1-Oct-04-2024-10-37-29-2808-AM.png]
[www.ciklum.com/blog/product-development-priorities-in-tough-economic-times/index.html]
[www.ciklum.com/wp-content/uploads/2025/08/Header-Image-2.png]
[www.ciklum.com/blog/ftc-cracks-down-on-deceptive-ai-the-urgent-need-for-ethical-ai/index.html]
[www.ciklum.com/wp-content/uploads/2025/08/Getting-to-grips-with-the-real-costs-of-AI-implementation-1.webp]
[www.ciklum.com/category/data/responsible-ai/index.html]
[www.ciklum.com/wp-content/uploads/2025/08/How-is-AI-Reshaping-the-Financial-Services-Industry_BannerOpt1.png]
[www.ciklum.com/tag/bfsi/index.html]
[www.ciklum.com/wp-content/uploads/2025/08/01_enhanced-user-satisfaction.png]
[www.ciklum.com/wp-content/uploads/2025/08/02_Increased-Efficiency.png]
[www.ciklum.com/wp-content/uploads/2025/08/03_Competitive-Advantage.png]
[www.ciklum.com/wp-content/uploads/2025/08/04_Innovation.png]
[www.ciklum.com/case-studies/revolutionizing-apparel-shopping-with-lidar-powered-technology/index.html]
[www.ciklum.com/wp-content/uploads/2025/08/05_Creative-drive-within-employees-.png]
[www.ciklum.com/wp-content/uploads/2025/08/06_Enabling-continuous-innovation.png]
[www.ciklum.com/case-studies/development-of-innovative-expense-management-application/index.html]
[www.ciklum.com/wp-content/uploads/2025/08/07_Unlocking-efficiencies.png]
[www.ciklum.com/wp-content/uploads/2025/08/graph3-3.png]
[www.ciklum.com/wp-content/uploads/2025/08/08_Customer-Experience.png]
[www.ciklum.com/wp-content/uploads/2025/08/09_Engineering-Excellence.png]
[www.ciklum.com/wp-content/uploads/2025/08/10_Advanced-AI-Integration.png]
[www.ciklum.com/wp-content/uploads/2025/08/11_Continuous-Discovery-and-Delivery.png]
[www.ciklum.com/wp-content/uploads/2025/08/graph4-2.png]
[www.ciklum.com/blog/experience-engineering-what-it-is-and-why-it-matters/index.html]
[www.ciklum.com/blog/top-10-genai-trends-to-watch-in-technology-in-2025-and-beyond/index.html]
[www.ciklum.com/wp-content/uploads/2025/08/H2_-Trend-1_-Personalized-Financial-Services.png]
[www.ciklum.com/wp-content/uploads/2025/08/AI_banner_Service-page.png]
[www.ciklum.com/wp-content/uploads/2025/08/H2_-Trend-2_-Enhanced-Fraud-Detection-and-AI-Cybersecurity.png]
[www.ciklum.com/wp-content/uploads/2025/08/H2_-Trend-3_-Real-Time-Data-Processing-and-Insights.png]
[www.ciklum.com/wp-content/uploads/2025/08/AI_banner_Case-study.png]
[www.ciklum.com/wp-content/uploads/2025/08/H2_-Trend-6_-Expansion-of-Banking-as-a-Service-BaaS-Models_Opt1.png]
[www.ciklum.com/wp-content/uploads/2025/08/H2_-Trend-7_-Variable-Recurring-Payments-VRP-and-Autonomous-Transactions.png]
[www.ciklum.com/wp-content/uploads/2025/08/AI_banner_Contact-us.png]
[www.ciklum.com/blog/7-key-trends-in-ai-for-open-banking-to-watch-in-2025/index.html]
[www.ciklum.com/services/experience-services/indexd41d.html]
[www.ciklum.com/wp-content/uploads/2025/08/optimotive-1.jpg]
[www.ciklum.com/category/experience/ai-incubator/index.html]
[www.ciklum.com/category/banking-financial-services/index.html]
[www.ciklum.com/author/somaia-basha/index.html]
[www.ciklum.com/services/ai-incubator/index67b1.html]
[www.ciklum.com/services/ai-incubator/index0d3d.html]
[www.ciklum.com/industries/bfsi/indexd41d.html]
[www.ciklum.com/contact/indexd41d.html]
[www.ciklum.com/blog/ciklum-to-drive-igaming-personalization-with-optimove-partnership/index.html]
[www.ciklum.com/wp-content/uploads/2025/08/header_1-Sep-19-2024-09-05-55-0085-AM.png]
[www.ciklum.com/wp-content/uploads/2025/08/What-is-nearshore-software-development-and-why-is-it-important-copy.webp]
[www.ciklum.com/wp-content/uploads/2025/08/The-Next-Marketplaces-Wave-B2B-and-Vertical-Online-Marketplaces.webp]
[www.ciklum.com/category/engineering/solution-discovery/index.html]
[www.ciklum.com/blog/how-to-choose-the-right-nearshore-software-development-partner-a-step-by-step-guide/index.html]
[www.ciklum.com/blog/what-is-nearshore-software-development-and-why-is-it-important/index.html]
[www.ciklum.com/wp-content/uploads/2025/08/1_graphic-6.png]
[www.ciklum.com/blog/the-next-marketplaces-wave-b2b-and-vertical-online-marketplaces/index.html]
[www.ciklum.com/wp-content/uploads/2025/08/Icon1_healthcare-1.png]
[www.ciklum.com/wp-content/uploads/2025/08/Icon2_finance.png]
[www.ciklum.com/wp-content/uploads/2025/08/Icon3_retail.png]
[www.ciklum.com/wp-content/uploads/2025/08/Icon4_manufacturing-1.png]
[www.ciklum.com/wp-content/uploads/2025/08/Icon5_travel.png]
[www.ciklum.com/wp-content/uploads/2025/08/2_graphic-5.png]
[www.ciklum.com/wp-content/uploads/2025/08/Icon6_bad-planing.png]
[www.ciklum.com/wp-content/uploads/2025/08/Icon7_Overrunning-costs-and-scope-creep.png]
[www.ciklum.com/wp-content/uploads/2025/08/Icon8_Inadequate-testing.png]
[www.ciklum.com/wp-content/uploads/2025/08/Icon9_Poor-communication.png]
[www.ciklum.com/wp-content/uploads/2025/08/Icon10_No-focus-on-maintenance.png]
[www.ciklum.com/blog/what-is-custom-software-development/index.html]
[www.ciklum.com/wp-content/uploads/2025/08/ciklum_blog_inhouse_vs_outsourcing_imagery_01.png]
[www.ciklum.com/wp-content/uploads/2025/08/ciklum_blog_inhouse_vs_outsourcing_imagery_04.png]
[www.ciklum.com/blog/in-house-vs-outsourcing-software-development-which-is-right-for-your-business/index.html]
[www.ciklum.com/wp-content/uploads/2025/08/Key-Takeaways-3.png]
[www.ciklum.com/wp-content/uploads/2025/08/H3_-Personalization.png]
[www.ciklum.com/wp-content/uploads/2025/08/H3_-Authentication-and-Security.png]
[www.ciklum.com/wp-content/uploads/2025/08/H3_-Increasing-Banking-Accessibility.png]
[www.ciklum.com/wp-content/uploads/2025/08/H3_-Delivering-Seamless-User-Experiences.png]
[www.ciklum.com/wp-content/uploads/2025/08/Experience-Design_banner_Contact-Us-1.png]
[www.ciklum.com/wp-content/uploads/2025/08/H2_-In-Summary_-What-Lies-Ahead-in-Mobile-Financial-Applications__Bullet1.jpg]
[www.ciklum.com/wp-content/uploads/2025/08/H2_-In-Summary_-What-Lies-Ahead-in-Mobile-Financial-Applications__Bullet2.jpg]
[www.ciklum.com/wp-content/uploads/2025/08/H2_-In-Summary_-What-Lies-Ahead-in-Mobile-Financial-Applications__Bullet3.jpg]
[www.ciklum.com/wp-content/uploads/2025/08/Product-engineering_banner_Contact-us-1.png]
[www.ciklum.com/blog/how-mobile-financial-applications-are-driving-innovation-in-the-digital-finance-era/index.html]
[www.ciklum.com/wp-content/uploads/2025/08/Key-Takeaways-2.png]
[www.ciklum.com/wp-content/uploads/2025/08/H2_-Smarter-Chips_-Powering-the-AI-Healthcare-Revolution.png]
[www.ciklum.com/wp-content/uploads/2025/08/H3_-Clinical-Documentation-and-Administrative-Efficiency.png]
[www.ciklum.com/wp-content/uploads/2025/08/H2_A-New-Era-of-Patient-Care_-AI_s-Impact-on-Diagnostics-and-Treatment_Bullet1.png]
[www.ciklum.com/wp-content/uploads/2025/08/H2_A-New-Era-of-Patient-Care_-AI_s-Impact-on-Diagnostics-and-Treatment_Bullet2.png]
[www.ciklum.com/wp-content/uploads/2025/08/H2_A-New-Era-of-Patient-Care_-AI_s-Impact-on-Diagnostics-and-Treatment_Bullet3.png]
[www.ciklum.com/wp-content/uploads/2025/08/H2_A-New-Era-of-Patient-Care_-AI_s-Impact-on-Diagnostics-and-Treatment_Bullet4.png]
[www.ciklum.com/wp-content/uploads/2025/08/H2_-In-Summary_-Navigating-the-AI-Healthcare-Landscape.png]
[www.ciklum.com/wp-content/uploads/2025/08/AI_banner_Contact-us-Mar-27-2025-07-18-31-1551-AM.png]
[www.ciklum.com/blog/how-ai-is-transforming-healthcare-smarter-chips-better-conversations-and-a-new-era-of-patient-care/index.html]
[www.ciklum.com/author/ivana-veljovic/index.html]
[www.ciklum.com/services/generative-ai-and-decision-science/indexe56f.html]
[www.ciklum.com/blog/building-trustworthy-and-scalable-ai-models-for-us-fintech-compliance/indexd41d.html]
[www.ciklum.com/wp-content/uploads/2025/08/H2_-What-Is-Agentic-RAG.png]
[www.ciklum.com/wp-content/uploads/2025/08/H2_-Why-Agentic-RAG-in-Banking-Matters.png]
[www.ciklum.com/wp-content/uploads/2025/08/H2_-5-Use-Cases-for-Agentic-RAG-and-AI-Fraud-Detection.png]
[www.ciklum.com/wp-content/uploads/2025/08/H2_-Future-Trends-in-AI-Driven-Compliance.png]
[www.ciklum.com/wp-content/uploads/2025/08/H2_-In-Summary_-Adopting-Agentic-RAG-for-Finance.png]
[www.ciklum.com/wp-content/uploads/2025/08/CTA-Banner_Agentic-AI-Blog.png]
[www.ciklum.com/blog/agentic-rag-in-banking-5-ai-use-cases-for-fraud-detection-and-regulatory-compliance/index.html]
[www.ciklum.com/wp-content/uploads/2025/08/H2_-The-Ethical-Dilemma-of-AI-Powered-Trend-Prediction.png]
[www.ciklum.com/wp-content/uploads/2025/08/H2_-What-Could-Happen-Without-Responsible-AI-Practices_Bullet1.png]
[www.ciklum.com/blog/from-insights-to-impact-data-driven-personalization-in-loyalty-programs/index.html]
[www.ciklum.com/wp-content/uploads/2025/08/H2_-What-Could-Happen-Without-Responsible-AI-Practices_Bullet2.png]
[www.ciklum.com/wp-content/uploads/2025/08/H2_-What-Could-Happen-Without-Responsible-AI-Practices_Bullet3.png]
[www.ciklum.com/wp-content/uploads/2025/08/H2_-What-Could-Happen-Without-Responsible-AI-Practices_Bullet4.png]
[www.ciklum.com/wp-content/uploads/2025/08/H2_-Responsible-Data-Usage_-The-Foundation-of-Ethical-Trend-Prediction.png]
[www.ciklum.com/wp-content/uploads/2025/08/H2_-Turning-Regulatory-Compliance-into-a-Competitive-Advantage-Opt2-1.png]
[www.ciklum.com/wp-content/uploads/2025/08/CTA-Banner_PumaEbook-2.png]
[www.ciklum.com/blog/the-ethics-of-trend-prediction-balancing-ai-insights-with-consumer-privacy/index.html]
[www.ciklum.com/wp-includes/blocks/heading/style.min.css]
[www.ciklum.com/industries/index.html]
[www.ciklum.com/wp-content/uploads/2025/08/Key-takeaways-1.png]
[www.ciklum.com/author/venkataramana-ramamurthy/index.html]
[www.ciklum.com/wp-content/uploads/2025/08/H3_-Improved-Transparency-Auditability-and-AI-Driven-Compliance.png]
[www.ciklum.com/wp-content/uploads/2025/08/H3_-Better-Customer-Experiences.png]
[www.ciklum.com/tag/robotic-process-automation/index.html]
[www.ciklum.com/wp-content/uploads/2025/08/H3_-Stronger-Security-and-Protection.png]
[www.ciklum.com/wp-content/uploads/2025/08/H3_-Smoother-Data-Processes.png]
[www.ciklum.com/wp-content/uploads/2025/08/H2_-What-Does-Hyper-Automation-in-Banking-Mean-for-the-Workforce.png]
[www.ciklum.com/wp-content/uploads/2025/08/H2_-Ethical-AI-and-Data-Privacy_-Building-Trust-in-Hyper-automation.png]
[www.ciklum.com/wp-content/uploads/2025/08/H2_-In-Summary_-Hyper-automation-in-Banking-Leading-the-Way_Bullet1.png]
[www.ciklum.com/wp-content/uploads/2025/08/H2_-In-Summary_-Hyper-automation-in-Banking-Leading-the-Way_Bullet2.png]
[www.ciklum.com/wp-content/uploads/2025/08/H2_-In-Summary_-Hyper-automation-in-Banking-Leading-the-Way_Bullet3.png]
[www.ciklum.com/wp-content/uploads/2025/08/Intelligent-Automation_banner_Contact-Us-1.png]
[www.ciklum.com/blog/how-is-hyper-automation-reshaping-the-future-of-banking/index.html]
[www.ciklum.com/wp-content/uploads/2025/08/Why-Multi-Channel-Operations-Are-Your-Next-Big-Win_BannerOpt2-1.png]
[www.ciklum.com/wp-content/uploads/2025/08/5-Ways-Celonis-Process-Mining-Boosts-Manufacturing-Efficiency.webp]
[www.ciklum.com/blog/why-multi-channel-operations-are-your-next-big-win/index.html]
[www.ciklum.com/wp-content/uploads/2025/08/Process-Mining-The-advantages-of-dynamic-process-analysis.webp]
[www.ciklum.com/category/automation/process-automation/index.html]
[www.ciklum.com/wp-content/uploads/2025/08/A-land-of-opportunity-a-new-era-for-digital-payments-1.webp]
[www.ciklum.com/blog/5-ways-celonis-process-mining-boosts-manufacturing-efficiency/index.html]
[www.ciklum.com/wp-content/uploads/2025/08/Buy-or-build-Securing-competitive-edge-for-ecommerce-businesses.webp]
[www.ciklum.com/wp-content/uploads/2025/08/How-is-finance-winning-the-automation-race-1.webp]
[www.ciklum.com/tag/digital-adoption-platforms/index.html]
[www.ciklum.com/blog/process-mining-the-advantages-of-dynamic-process-analysis/index.html]
[www.ciklum.com/wp-content/themes/ciklum/assets/img/logo.svg]
[www.ciklum.com/blog/a-land-of-opportunity-a-new-era-for-digital-payments/index.html]
[www.ciklum.com/blog/buy-or-build-securing-competitive-edge-for-ecommerce-businesses/index.html]
[www.ciklum.com/wp-content/uploads/2025/09/trusted-2.png]
[www.ciklum.com/blog/how-is-finance-winning-the-automation-race/index.html]
[www.ciklum.com/wp-content/uploads/2025/09/trusted-1.png]
[www.ciklum.com/wp-content/uploads/2025/09/trusted-6.png]
[www.ciklum.com/wp-content/uploads/2025/09/trusted-5.png]
[www.ciklum.com/wp-content/uploads/2025/09/trusted-4.png]
[www.ciklum.com/wp-content/uploads/2025/09/trusted-3.png]
[www.ciklum.com/wp-content/uploads/2025/09/partner-8.png]
[www.ciklum.com/wp-content/uploads/2025/10/direct_to_consumer_enablement-3.png]
[www.ciklum.com/wp-content/uploads/2025/10/ai_driven_smarter_travel_options-1.png]
[www.ciklum.com/wp-content/uploads/2025/10/low_code_solutions_to_streamline_manual_processes-2.png]
[www.ciklum.com/wp-content/uploads/2025/10/automated_merchant_onboarding-2.png]
[www.ciklum.com/wp-content/uploads/2025/10/compliance_in_digital_banking-1.png]
[www.ciklum.com/wp-content/uploads/2025/10/cloud_and_devops_enablement-1.png]
[www.ciklum.com/wp-content/uploads/2025/10/customer-1.png]
[www.ciklum.com/wp-content/uploads/2025/10/customer-logo1.png]
[www.ciklum.com/wp-content/uploads/2025/10/PG.webp]
[www.ciklum.com/wp-content/uploads/2025/10/2000x486-logos-png-04-scaled.png]
[www.ciklum.com/wp-content/uploads/2025/10/Alexi_2.png]
[www.ciklum.com/wp-content/uploads/2025/10/2000x486-logos-png-03-scaled.png]
[www.ciklum.com/wp-content/uploads/2025/10/IF.png]
[www.ciklum.com/wp-content/uploads/2025/10/2000x486-logos-png-01-scaled.png]
[www.ciklum.com/wp-content/uploads/2025/10/BFSI-1.png]
[www.ciklum.com/wp-content/uploads/2025/10/Healthcare-1.png]
[www.ciklum.com/wp-content/uploads/2025/10/Hitech.png]
[www.ciklum.com/wp-content/uploads/2025/10/Retail-and-Consumer-1.png]
[www.ciklum.com/wp-content/uploads/2025/10/Travel-and-Hospitality-1.png]
[www.ciklum.com/wp-content/uploads/2025/09/illus-1.png]
[www.ciklum.com/wp-content/uploads/2025/10/01-2.png]
[www.ciklum.com/wp-content/uploads/2025/10/02-2.png]
[www.ciklum.com/wp-content/uploads/2025/10/03-2.png]
[www.ciklum.com/wp-content/uploads/2025/10/04-2.png]
[www.ciklum.com/intelligent-automation-solutions-lp/index.html]
[www.ciklum.com/blog/changing-the-customer-service-landscape-with-hyper-automation/index.html]
[www.ciklum.com/services/agentic-automation-services/indexd41d.html]
[www.ciklum.com/wp-content/uploads/2025/08/header_1-12.png]
[www.ciklum.com/wp-content/uploads/2025/08/Is-your-business-fully-exploiting-data-Here-s-what-might-be-holding-you-back-1.webp]
[www.ciklum.com/blog/10-ways-to-monetize-data-in-retail-and-supply-chain/index.html]
[www.ciklum.com/category/data/modern-data-platforms/index.html]
[www.ciklum.com/blog/is-your-business-fully-exploiting-data-heres-what-might-be-holding-you-back-14/index.html]
[www.ciklum.com/wp-content/uploads/2025/08/Customer-experience_banner_service-page.png]
[www.ciklum.com/wp-content/uploads/2025/08/H2_-Why-Invest-in-Customer-Experience-in-Financial-Services.png]
[www.ciklum.com/wp-content/uploads/2025/08/H3_-Modernizing-Core-Infrastructure.png]
[www.ciklum.com/wp-content/uploads/2025/08/H3_-Modernizing-Core-Infrastructure-1.png]
[www.ciklum.com/wp-content/uploads/2025/08/H3_-Leveraging-Data-and-AI.png]
[www.ciklum.com/wp-content/uploads/2025/08/banner_Is-your-business-ready-for-Responsible-AI-1.png]
[www.ciklum.com/wp-content/uploads/2025/08/H3_-Embedding-Experience-Engineering-for-Competitive-Advantage.png]
[www.ciklum.com/blog/the-value-of-customer-experience-investment-in-financial-services/index.html]
[www.ciklum.com/tag/hi-tech/index.html]
[www.ciklum.com/author/david-janota/index.html]
[www.ciklum.com/wp-content/uploads/2025/08/The-Spotlight-is-ON-What-to-Expect-at-ICE-2023-1.webp]
[www.ciklum.com/tag/gaming-and-simulation/index.html]
[www.ciklum.com/wp-content/uploads/2025/08/quoteA.png]
[www.ciklum.com/wp-content/uploads/2025/08/infographic_2-1.png]
[www.ciklum.com/blog/the-spotlight-is-on-what-to-expect-at-ice-2023/index.html]
[www.ciklum.com/wp-content/uploads/2025/08/quoteB.png]
[www.ciklum.com/wp-content/uploads/2025/08/quoteC.png]
[www.ciklum.com/wp-content/uploads/2025/08/quoteD.png]
[www.ciklum.com/wp-content/uploads/2025/08/quoteE.png]
[www.ciklum.com/blog/4-tips-for-perfecting-your-omnichannel-strategy/index.html]
[www.ciklum.com/category/cloud-edge-tech/gaming-simulation/index.html]
[www.ciklum.com/wp-content/uploads/2025/08/Agile-and-deadlines-how-do-they-work-together.webp]
[www.ciklum.com/tag/scaled-agile-delivery/index.html]
[www.ciklum.com/wp-content/uploads/2025/08/graph_1.png]
[www.ciklum.com/wp-content/uploads/2025/08/Icon1_StandUps.png]
[www.ciklum.com/wp-content/uploads/2025/08/Icon2_Sustainable-pace-of-work.png]
[www.ciklum.com/wp-content/uploads/2025/08/Icon3_Transparency.png]
[www.ciklum.com/wp-content/uploads/2025/08/Icon4_Predictability.png]
[www.ciklum.com/wp-content/uploads/2025/08/Icon-5_Estimation-practices.png]
[www.ciklum.com/wp-content/uploads/2025/08/Case-study.png]
[www.ciklum.com/blog/agile-and-deadlines-how-do-they-work-together/index.html]
[www.ciklum.com/author/yannique-hecht/index.html]
[www.ciklum.com/wp-content/uploads/2025/08/How-do-RPA-and-AI-work-together-Benefits-Use-Cases.webp]
[www.ciklum.com/category/automation/ai-strategy-coe/index.html]
[www.ciklum.com/wp-content/uploads/2025/08/Ciklum-Partners-with-WalkMe-to-Enhance-Digital-Adoption-for-Customers.webp]
[www.ciklum.com/author/devin-kleu/index.html]
[www.ciklum.com/category/automation/ai-strategy-coe/page/2/index.html]
[www.ciklum.com/wp-content/uploads/2025/08/How-is-the-growth-in-GenAI-changing-low-code-and-no-code-development.webp]
[www.ciklum.com/wp-content/uploads/2025/08/App-development-outsourcing-how-to-make-it-work-1.webp]
[www.ciklum.com/wp-content/uploads/2025/08/How-Low-code-No-code-Can-Increase-Organisational-Agility.webp]
[www.ciklum.com/tag/low-code-applications/index.html]
[www.ciklum.com/blog/app-development-outsourcing-how-to-make-it-work/index.html]
[www.ciklum.com/wp-content/uploads/2025/08/16_9-Stats_1.jpg]
[www.ciklum.com/blog/how-low-code-no-code-can-increase-organisational-agility/index.html]
[www.ciklum.com/wp-content/uploads/2025/08/16_9-Inline-Image.jpg]
[www.ciklum.com/wp-content/uploads/2025/08/16_9-CTA-banner_1-1.png]
[www.ciklum.com/blog/5-ways-intelligent-automation-can-benefit-your-business/index.html]
[www.ciklum.com/ebook/supercharge-your-business-with-intelligent-automation-ebook/index.html]
[www.ciklum.com/wp-content/uploads/2025/08/RPA-vs-AI.jpg]
[www.ciklum.com/wp-content/uploads/2025/08/5-Key-Benefits-of-Combining-RPA-and-AI.jpg]
[www.ciklum.com/wp-content/uploads/2025/08/Icon-Financial-Services.png]
[www.ciklum.com/wp-content/uploads/2025/08/Icon-Insurance.png]
[www.ciklum.com/wp-content/uploads/2025/08/Icon-Retail.png]
[www.ciklum.com/blog/how-rpa-and-ai-work-together-benefits-use-cases/index.html]
[www.ciklum.com/wp-content/uploads/2025/08/From-Insights-to-Impact_-Data-Driven-Personalization-in-Loyalty-Programs_BannerOpt2.png]
[www.ciklum.com/wp-content/uploads/2025/08/AI-In-The-Real-World_-How-Does-It-Drive-Retail-Success__BannerOpt2-1.png]
[www.ciklum.com/wp-content/uploads/2025/08/I-Driven-Insights-for-Retail-Success-A-Data-Driven-Approach.webp]
[www.ciklum.com/blog/ai-in-the-real-world-how-does-it-drive-retail-success/index.html]
[www.ciklum.com/wp-content/uploads/2025/08/A-guide-to-AI-in-retail-Purpose-Benefits-Importance.webp]
[www.ciklum.com/wp-content/uploads/2025/08/Money20-20-top-trends-lead-the-way-in-payments.webp]
[www.ciklum.com/wp-content/uploads/2025/08/10-Ways-To-Monetise-Data-In-Retail-And-Supply-Chain-1.webp]
[www.ciklum.com/category/data/business-intelligence/index.html]
[www.ciklum.com/tag/big-data-platforms/index.html]
[www.ciklum.com/blog/ai-driven-insights-for-retail-success-a-data-driven-approach/index.html]
[www.ciklum.com/blog/money20-20-top-trends-lead-the-way-in-payments/index.html]
[www.ciklum.com/blog/a-guide-to-ai-in-retail-purpose-benefits-importance/index.html]
[www.ciklum.com/wp-content/uploads/2025/08/graph1-5.png]
[www.ciklum.com/blog/10-ways-to-monetise-data-in-retail-and-supply-chain/index.html]
[www.ciklum.com/wp-content/uploads/2025/08/graph2-3-1.png]
[www.ciklum.com/blog/how-bfsi-companies-are-winning-with-cloud-financial-services/index.html]
[www.ciklum.com/author/rishi-kathuria/index.html]
[www.ciklum.com/wp-content/uploads/2025/08/Icon1_Advances-in-machine-learning.png]
[www.ciklum.com/wp-content/uploads/2025/08/Icon2_Larger-data-volumes.png]
[www.ciklum.com/wp-content/uploads/2025/08/Icon3_Scale-of-potential-cost-efficiencies.png]
[www.ciklum.com/wp-content/uploads/2025/08/graph1-10.png]
[www.ciklum.com/wp-content/uploads/2025/08/Graph2_add-heading_Benefits-of-Using-Generative-AI-in-Banking.png]
[www.ciklum.com/blog/does-using-ai-in-finance-pave-the-way-for-other-industry-adoption/index.html]
[www.ciklum.com/wp-content/uploads/2025/08/generative-AI_banner_Service-page.png]
[www.ciklum.com/wp-content/uploads/2025/08/generative-AI_banner_contact-us.png]
[www.ciklum.com/blog/top-7-use-cases-of-generative-ai-in-finance-and-banking/index.html]
[www.ciklum.com/wp-content/uploads/2025/08/graph1-Sep-30-2024-07-44-00-8433-AM.png]
[www.ciklum.com/wp-content/uploads/2025/08/icon1_Encryption.png]
[www.ciklum.com/blog/how-payment-systems-can-make-or-break-the-customer-experience/index.html]
[www.ciklum.com/wp-content/uploads/2025/08/Icon2_Fraud-detection.png]
[www.ciklum.com/wp-content/uploads/2025/08/Icon3_PCI-DSS-compliance.png]
[www.ciklum.com/wp-content/uploads/2025/08/graph2-Sep-30-2024-07-44-00-8257-AM.png]
[www.ciklum.com/wp-content/uploads/2025/08/graph3-Sep-30-2024-07-44-00-8342-AM.png]
[www.ciklum.com/wp-content/uploads/2025/08/Customer-experience_banner_Contact-Us.png]
[www.ciklum.com/blog/a-comprehensive-guide-to-choosing-the-right-payment-gateway-integration-services/index.html]
[www.ciklum.com/wp-content/uploads/2025/08/Artboard-1-copy-2.png.webp]
[www.ciklum.com/wp-content/uploads/2025/08/Artboard-1-copy.png.webp]
[www.ciklum.com/wp-content/uploads/2025/08/Pros-And-Cons-Of-Big-Data_an.jpg.webp]
[www.ciklum.com/wp-content/uploads/2025/08/Artboard-1-copy-3.png.webp]
[www.ciklum.com/wp-content/uploads/2025/08/Artboard-1-copy-5.png.webp]
[www.ciklum.com/wp-content/uploads/2025/08/Artboard-1-copy-6.png.webp]
[www.ciklum.com/wp-content/uploads/2025/08/Artboard-1-copy-9.png.webp]
[www.ciklum.com/wp-content/uploads/2025/08/Artboard-1-copy-8-1.png.webp]
[www.ciklum.com/wp-content/uploads/2025/08/Artboard-1-copy-7-1.png.webp]
[www.ciklum.com/blog/pros-and-cons-of-big-data/index.html]
[www.ciklum.com/wp-content/uploads/2025/08/Graph-1.png]
[www.ciklum.com/tag/modern-data-technology/index.html]
[www.ciklum.com/wp-content/uploads/2025/08/Fully-understanding-demographics.png]
[www.ciklum.com/wp-content/uploads/2025/08/Enabling-greater-customer-loyalty.png]
[www.ciklum.com/wp-content/uploads/2025/08/Gaining-quicker-insights.png]
[www.ciklum.com/wp-content/uploads/2025/08/Driving-competitive-advantage.png]
[www.ciklum.com/wp-content/uploads/2025/08/Increasing-order-value.png]
[www.ciklum.com/wp-content/uploads/2025/08/Higher-satisfaction.png]
[www.ciklum.com/wp-content/uploads/2025/08/Delivery-options-that-appeal.png]
[www.ciklum.com/wp-content/uploads/2025/08/Trust-in-retailers.png]
[www.ciklum.com/wp-content/uploads/2025/08/Targeted-communications.png]
[www.ciklum.com/wp-content/uploads/2025/08/Graph-2.png]
[www.ciklum.com/wp-content/uploads/2025/08/Faster-Transactions.png]
[www.ciklum.com/wp-content/uploads/2025/08/Customer-insights-for-retargeting.png]
[www.ciklum.com/wp-content/uploads/2025/08/Aligning-search-results-with-recommendations.png]
[www.ciklum.com/wp-content/uploads/2025/08/Loyalty-rewards.png]
[www.ciklum.com/wp-content/uploads/2025/08/CTA-banner.png]
[www.ciklum.com/blog/the-importance-of-hyper-personalized-user-experience-in-ecommerce/index.html]
[www.ciklum.com/tag/automotive-and-manufacturing/index.html]
[www.ciklum.com/author/mark-westbrook/index.html]
[www.ciklum.com/wp-content/uploads/2025/08/H2_-The-Biggest-Challenges-to-Healthcare-Technology-Adoption.png]
[www.ciklum.com/wp-content/uploads/2025/08/H3_-Improved-Patient-Outcomes.png]
[www.ciklum.com/wp-content/uploads/2025/08/H2_-Ciklums-Implementation-Strategy-for-AI-Driven-Engineering-in-Healthcare_Bullet1.jpg]
[www.ciklum.com/wp-content/uploads/2025/08/H2_-Ciklums-Implementation-Strategy-for-AI-Driven-Engineering-in-Healthcare_Bullet2.jpg]
[www.ciklum.com/wp-content/uploads/2025/08/H2_-Ciklums-Implementation-Strategy-for-AI-Driven-Engineering-in-Healthcare_Bullet3.jpg]
[www.ciklum.com/wp-content/uploads/2025/08/H2_-Ciklums-Implementation-Strategy-for-AI-Driven-Engineering-in-Healthcare_Bullet4.jpg]
[www.ciklum.com/author/ganesh-prabhu/index.html]
[www.ciklum.com/wp-content/uploads/2025/08/H2_-Ciklums-Implementation-Strategy-for-AI-Driven-Engineering-in-Healthcare_Bullet5.jpg]
[www.ciklum.com/wp-content/uploads/2025/08/Product-engineering_banner_Contact-us-2.png]
[www.ciklum.com/blog/ai-driven-engineering-in-healthcare-cutting-development-time-without-compromising-care/index.html]
[www.ciklum.com/wp-content/uploads/2025/08/1_Gen-AI-for-Medical-Image-Analysis.png]
[www.ciklum.com/wp-content/uploads/2025/08/2_Personalized-Medicine-and-Treatment.png]
[www.ciklum.com/wp-content/uploads/2025/08/3_Medical-Research-Data-Analysis.png]
[www.ciklum.com/wp-content/uploads/2025/08/4_Administration-Work.png]
[www.ciklum.com/blog/the-role-of-generative-ai-in-shaping-the-future-of-healthcare/index.html]
[www.ciklum.com/tag/data-science-and-data-analytics/index.html]
[www.ciklum.com/wp-content/uploads/2025/08/Exploring-the-Power-of-Generative-AI-for-Enterprises-Application-and-Use-Cases-1.webp]
[www.ciklum.com/wp-content/uploads/2025/08/ciklum_blog_generative_ai_for_enterprises_imagery_01.png]
[www.ciklum.com/wp-content/uploads/2025/08/ciklum_blog_generative_ai_for_enterprises_icon_01_finance-1.png]
[www.ciklum.com/wp-content/uploads/2025/08/ciklum_blog_generative_ai_for_enterprises_icon_02_insurance-1.png]
[www.ciklum.com/wp-content/uploads/2025/08/ciklum_blog_generative_ai_for_enterprises_icon_03_retail.png]
[www.ciklum.com/wp-content/uploads/2025/08/ciklum_blog_generative_ai_for_enterprises_icon_04_igaming.png]
[www.ciklum.com/wp-content/uploads/2025/08/ciklum_blog_generative_ai_for_enterprises_icon_05_manufacturing.png]
[www.ciklum.com/wp-content/uploads/2025/08/ciklum_blog_generative_ai_for_enterprises_icon_06_healthcare.png]
[www.ciklum.com/blog/exploring-the-power-of-generative-ai-for-enterprises-application-and-use-cases/index.html]
[www.ciklum.com/wp-content/uploads/2025/08/Pandemic-creates-unique-opportunity-for-start-ups-to-empower-distributed-teams-1.webp]
[www.ciklum.com/category/engineering/scaled-agile-delivery/index.html]
[www.ciklum.com/blog/pandemic-creates-unique-opportunity-for-start-ups-to-empower-distributed-teams/index.html]
[www.ciklum.com/wp-content/uploads/2025/08/Digital-trends-that-reshape-our-travelling-experience-3.webp]
[www.ciklum.com/tag/travel/index.html]
[www.ciklum.com/blog/digital-trends-that-reshape-our-travelling-experience/index.html]
[www.ciklum.com/wp-content/uploads/2025/08/banner_Is-your-business-ready-for-Responsible-AI.png]
[www.ciklum.com/wp-content/uploads/2025/08/graph1-Oct-04-2024-10-37-25-9168-AM.png]
[www.ciklum.com/wp-content/uploads/2025/08/graph2-Oct-04-2024-10-37-26-2374-AM.png]
[www.ciklum.com/blog/responsible-ai-what-does-it-mean-for-you/index.html]
[www.ciklum.com/wp-content/uploads/2025/08/Icon_Understand-the-Landscape.jpg]
[www.ciklum.com/wp-content/uploads/2025/08/Icon-Start-small.jpg]
[www.ciklum.com/wp-content/uploads/2025/08/Icon-Experiment-now.jpg]
[www.ciklum.com/wp-content/uploads/2025/08/Icon_Integrate-Systems-Thoughtfully.jpg]
[www.ciklum.com/wp-content/uploads/2025/08/Icon_Focus-on-Accessibility.jpg]
[www.ciklum.com/ebook/gen-ai-cracking-the-code-to-business-growth-ebook/index.html]
[www.ciklum.com/wp-content/uploads/2025/08/Icon_Maintain-Data-Quality.jpg]
[www.ciklum.com/wp-content/uploads/2025/08/Icon_Emphasize-Personalization.jpg]
[www.ciklum.com/wp-content/uploads/2025/08/Icon_Gather-Feedback.jpg]
[www.ciklum.com/wp-content/uploads/2025/08/Icon_Scale-Gradually.jpg]
[www.ciklum.com/wp-content/uploads/2025/08/Icon_Educate-and-Train.jpg]
[www.ciklum.com/wp-content/uploads/2025/08/Icon_Stay-Updated.jpg]
[www.ciklum.com/wp-content/uploads/2025/08/Icon_Inaction-is-the-Greater-Hazard-1.jpg]
[www.ciklum.com/blog/12-steps-to-getting-started-with-genai/index.html]
[www.ciklum.com/tag/software-development/index.html]
[www.ciklum.com/wp-content/uploads/2025/10/ai_driven_smarter_travel_options-1-1.png]
[www.ciklum.com/wp-content/uploads/2025/10/compliance_in_digital_banking-1-1.png]
[www.ciklum.com/wp-content/uploads/2025/10/immersive_ar_vr_experiences-2.webp]
[www.ciklum.com/wp-content/uploads/2025/10/process_optimization-1.webp]
[www.ciklum.com/wp-content/uploads/2025/10/sustainable_solutions_for_modern_brands.png]
[www.ciklum.com/wp-content/uploads/2025/10/lifecycle_management.webp]
[www.ciklum.com/wp-content/uploads/2025/10/01-3.png]
[www.ciklum.com/wp-content/uploads/2025/10/02-3.png]
[www.ciklum.com/wp-content/uploads/2025/10/03-3.png]
[www.ciklum.com/wp-content/uploads/2025/10/04-3.png]
[www.ciklum.com/agentic-ai-solutions-lp/index.html]
[www.ciklum.com/author/daniel-jennings/index.html]
[www.ciklum.com/terms-of-use/index7133.html]
[www.ciklum.com/wp-content/uploads/2025/08/Header-Image-Nov-07-2024-12-54-51-0631-PM.png]
[www.ciklum.com/category/data/page/2/index.html]
[www.ciklum.com/wp-content/uploads/2025/08/An-Algorithm-to-Transcribe-Ancient-Kuzushiji-into-Сontemporary-Japanese-Characters.webp]
[www.ciklum.com/category/data/page/3/index.html]
[www.ciklum.com/category/data/data-science-analytics/page/2/index.html]
[www.ciklum.com/blog/big-techs-200-billion-ai-bet-growth-or-gamble/index.html]
[www.ciklum.com/blog/an-algorithm-to-transcribe-ancient-kuzushiji-into-сontemporary-japanese-characters/index.html]
[www.ciklum.com/wp-content/uploads/2025/08/graph1-Nov-14-2024-06-57-44-6538-AM.png]
[www.ciklum.com/wp-content/uploads/2025/08/Copy-of-digital-assurance_banner_contact-us-1.png]
[www.ciklum.com/wp-content/uploads/2025/08/graph2-Nov-14-2024-06-57-44-6558-AM.png]
[www.ciklum.com/wp-content/uploads/2025/08/Copy-of-digital-assurance_banner_Service-page-1.png]
[www.ciklum.com/wp-content/uploads/2025/08/Icon1_Employee-training-and-education.png]
[www.ciklum.com/wp-content/uploads/2025/08/Icon2_User-education.png]
[www.ciklum.com/wp-content/uploads/2025/08/Icon3_Security-audits-and-compliance-checks.png]
[www.ciklum.com/wp-content/uploads/2025/08/Product-engineering_banner_Contact-us.png]
[www.ciklum.com/blog/fintech-innovations-software-solutions-for-fraud-prevention-in-finance/index.html]
[www.ciklum.com/wp-content/uploads/2025/08/graph_1-5.png]
[www.ciklum.com/wp-content/uploads/2025/08/Icon1_AI-in-Recruitment.png]
[www.ciklum.com/wp-content/uploads/2025/08/Icon2_AI-Powered-Employee-Onboarding.png]
[www.ciklum.com/wp-content/uploads/2025/08/Icon3_AI-in-Performance-Management.png]
[www.ciklum.com/wp-content/uploads/2025/08/Icon4_AI-for-Employee-Engagement.png]
[www.ciklum.com/wp-content/uploads/2025/08/Icon5_Security-and-Data-Privacy-in-HR.png]
[www.ciklum.com/wp-content/uploads/2025/08/Icon6_Considerations-for-Ethical-AI-in-HR.png]
[www.ciklum.com/wp-content/uploads/2025/08/Icon7_Workforce-Challenges.png]
[www.ciklum.com/wp-content/uploads/2025/08/graph_2.png]
[www.ciklum.com/blog/exploring-data-ais-role-in-enhancing-hr-functions/index.html]
[www.ciklum.com/wp-content/uploads/2025/08/H2_-Who-Are-Digital-Natives-and-How-Do-They-Interact-With-Technology_.png]
[www.ciklum.com/wp-content/uploads/2025/08/Digital-natives-opt2.png]
[www.ciklum.com/wp-content/uploads/2025/08/H2_-What-Are-Digital-Natives-Consumer-Expectations-and-Trends.png]
[www.ciklum.com/wp-content/uploads/2025/08/H3_-Invest-in-Mobile-First-Infrastructure-opt1.png]
[www.ciklum.com/wp-content/uploads/2025/08/H3_-Transform-Physical-Stores.png]
[www.ciklum.com/wp-content/uploads/2025/08/H3_-Make-Meaningful-Commitments-to-Sustainability.png]
[www.ciklum.com/wp-content/uploads/2025/08/CTA-Banner_PumaEbook.png]
[www.ciklum.com/wp-content/uploads/2025/08/H2_-In-Summary_-Adapting-to-Tomorrows-Retail-Expectations_Bullet1.png]
[www.ciklum.com/wp-content/uploads/2025/08/H2_-In-Summary_-Adapting-to-Tomorrows-Retail-Expectations_Bullet2.png]
[www.ciklum.com/wp-content/uploads/2025/08/H2_-In-Summary_-Adapting-to-Tomorrows-Retail-Expectations_Bullet3.png]
[www.ciklum.com/wp-content/uploads/2025/08/AI_banner_Contact-us-Mar-24-2025-10-08-42-9956-AM.png]
[www.ciklum.com/blog/what-todays-digital-native-shopping-habits-reveal-about-tomorrows-retail/index.html]
[www.ciklum.com/wp-content/uploads/2025/08/Key-takeaways-1-1.png]
[www.ciklum.com/wp-content/uploads/2025/08/H2_-Why-Agentic-AI-is-the-Cornerstone-of-Unified-Commerce.png]
[www.ciklum.com/wp-content/uploads/2025/08/H3_-Integrating-Siloed-Data.png]
[www.ciklum.com/wp-content/uploads/2025/08/H3_-Change-Management-in-the-Workforce.png]
[www.ciklum.com/wp-content/uploads/2025/08/CTA-Banner_Smart-Travel-Blog.png]
[www.ciklum.com/wp-content/uploads/2025/08/H2_-AI-in-Travel-Retail-Technology_-A-Blueprint-for-Success.png]
[www.ciklum.com/wp-content/uploads/2025/08/H2_-Future-Proofing-Retail-with-AI-Agentic-Networks.png]
[www.ciklum.com/wp-content/uploads/2025/08/AI_banner_Contact-us-1.png]
[www.ciklum.com/blog/ai-powered-unified-commerce-transforming-retail-with-vertical-ai-agents/index.html]
[www.ciklum.com/category/engineering/page/2/index.html]
[www.ciklum.com/wp-content/uploads/2025/08/H1_-AI-in-Auto_-The-Tech-Revolution-Reshaping-Cars-in-2025_Opt2.png]
[www.ciklum.com/category/engineering/page/3/index.html]
[www.ciklum.com/wp-content/uploads/2025/08/CTA-Banner_Blog.png]
[www.ciklum.com/wp-content/uploads/2025/08/H1_-AI-in-Auto_-The-Tech-Revolution-Reshaping-Cars-in-2026_Opt2.png]
[www.ciklum.com/wp-content/uploads/2025/08/H3_-AI-in-automotive-businesses.png]
[www.ciklum.com/wp-content/uploads/2025/08/Icon-H2_-Challenges-in-Incorporating-AI_Bullet1.png]
[www.ciklum.com/wp-content/uploads/2025/08/Icon-H2_-Challenges-in-Incorporating-AI_Bullet2.png]
[www.ciklum.com/wp-content/uploads/2025/08/Icon-H2_-Challenges-in-Incorporating-AI_Bullet3.png]
[www.ciklum.com/wp-content/uploads/2025/08/Icon-H2_-Challenges-in-Incorporating-AI_Bullet4.png]
[www.ciklum.com/wp-content/uploads/2025/08/H2_-Tips-for-AI-Success-in-the-Automotive-Industry.png]
[www.ciklum.com/wp-content/uploads/2025/08/AI_banner_Contact-us-4.png]
[www.ciklum.com/blog/2025-beyond-transforming-the-automotive-industry-with-ai-powered-it-solutions/index.html]
[www.ciklum.com/wp-content/uploads/2025/08/H3_-1.-Widespread-Adoption-of-Autonomous-Vehicles-AVs.png]
[www.ciklum.com/wp-content/uploads/2025/08/H3_-2.-Enhanced-Driver-Assistance-Systems-ADAS.png]
[www.ciklum.com/wp-content/uploads/2025/08/H3_-3.-AI-Driven-Predictive-Maintenance.png]
[www.ciklum.com/wp-content/uploads/2025/08/H3_-5.-Integration-of-Multimodal-AI.png]
[www.ciklum.com/wp-content/uploads/2025/08/H3_-6.-AI-Powered-Supply-Chain-Optimization.png]
[www.ciklum.com/wp-content/uploads/2025/08/H3_-7.-Expansion-of-Electric-Vehicle-EV-Technologies.png]
[www.ciklum.com/wp-content/uploads/2025/08/generative-AI_banner_Service-page-2.png]
[www.ciklum.com/wp-content/uploads/2025/08/H3_-9.-Enhanced-Safety-Features-Through-Computer-Vision.png]
[www.ciklum.com/wp-content/uploads/2025/08/generative-AI_banner_contact-us-4.png]
[www.ciklum.com/blog/2025-automotive-predictions-ai-and-machine-learning-innovation/index.html]
[www.ciklum.com/wp-content/uploads/2025/08/H2_-Digital-Assurance_-Building-Trust-Into-Every-Line-of-Code.png]
[www.ciklum.com/wp-content/uploads/2025/08/digital-assurance_banner_Service-page.png]
[www.ciklum.com/wp-content/uploads/2025/08/H2_-SaMD-vs-SiMD-and-the-FDA-Rules-You-Need-to-Know.png]
[www.ciklum.com/wp-content/uploads/2025/08/H3_-Continue-Learning-After-Release.png]
[www.ciklum.com/wp-content/uploads/2025/08/digital-assurance_banner_Case-studies.png]
[www.ciklum.com/wp-content/uploads/2025/08/H3_-Personalized-Medicine.png]
[www.ciklum.com/wp-content/uploads/2025/08/digital-assurance_banner_contact-us-1.png]
[www.ciklum.com/blog/digital-assurance-in-medtech-building-safe-compliant-software-that-lasts/index.html]
[www.ciklum.com/category/engineering/ai-enabled-engineering/page/2/index.html]
[www.ciklum.com/wp-content/uploads/2025/08/graph1-Nov-12-2024-09-32-40-9768-AM.png]
[www.ciklum.com/wp-content/uploads/2025/08/graph2-Nov-12-2024-09-32-40-8615-AM.png]
[www.ciklum.com/wp-content/uploads/2025/08/Copy-of-Data-and-AI_banner_Service-page.png]
[www.ciklum.com/wp-content/uploads/2025/08/Icon1_Data-Privacy-and-Security.png]
[www.ciklum.com/wp-content/uploads/2025/08/Icon2_Changing-Skills-Demands.png]
[www.ciklum.com/wp-content/uploads/2025/08/Icon3_Consequences-on-Employment.png]
[www.ciklum.com/wp-content/uploads/2025/08/graph3-Nov-12-2024-09-32-41-0458-AM.png]
[www.ciklum.com/wp-content/uploads/2025/08/graph4-Nov-12-2024-09-32-40-7829-AM.png]
[www.ciklum.com/wp-content/uploads/2025/08/Copy-of-Data-and-AI_banner_Contact-us.png]
[www.ciklum.com/blog/future-of-ai-in-coding-and-software-development-trends-and-innovations/index.html]
[www.ciklum.com/wp-content/uploads/2025/08/H2_-Where-is-Customer-Experience-in-Travel-Currently_.png]
[www.ciklum.com/wp-content/uploads/2025/08/H3_-1.-Hyper-Personalized-Travel-Experiences.png]
[www.ciklum.com/wp-content/uploads/2025/08/H3_-2.-Rise-of-Contactless-and-Digital-Services.png]
[www.ciklum.com/wp-content/uploads/2025/08/H3_-5.-Expansion-of-Remote-Work-and-_Workcations_.png]
[www.ciklum.com/wp-content/uploads/2025/08/H3_-6.-Enhanced-Health-and-Safety-Protocols.png]
[www.ciklum.com/wp-content/uploads/2025/08/H2_-In-Summary_-The-Future-of-Customer-Experience-in-Travel-1.png]
[www.ciklum.com/wp-content/uploads/2025/08/Customer-experience_banner_Contact-Us-1.png]
[www.ciklum.com/blog/travel-predictions-2025-the-future-of-travel-and-customer-experience/index.html]
[www.ciklum.com/wp-content/uploads/2025/08/1.png]
[www.ciklum.com/wp-content/uploads/2025/08/2-1.png]
[www.ciklum.com/wp-content/uploads/2025/08/3.png]
[www.ciklum.com/wp-content/uploads/2025/08/4.png]
[www.ciklum.com/wp-content/uploads/2025/08/5.png]
[www.ciklum.com/wp-content/uploads/2025/08/6.png]
[www.ciklum.com/wp-content/uploads/2025/08/7.png]
[www.ciklum.com/wp-content/uploads/2025/08/8.png]
[www.ciklum.com/wp-content/uploads/2025/08/9.png]
[www.ciklum.com/wp-content/uploads/2025/08/10.png]
[www.ciklum.com/wp-content/uploads/2025/08/11.png]
[www.ciklum.com/wp-content/uploads/2025/08/12.png]
[www.ciklum.com/wp-content/uploads/2025/08/13.png]
[www.ciklum.com/blog/whats-next-for-retail-in-2025-ciklums-predictions/index.html]
[www.ciklum.com/blog/cyberattacks-in-australias-critical-infrastructure-the-growing-need-for-cybersecurity-awareness-and-resilience/index.html]
[www.ciklum.com/wp-content/uploads/2025/08/1_Ai-vs-GenAi.png]
[www.ciklum.com/wp-content/uploads/2025/08/Icon1_Fraud-Detection.png]
[www.ciklum.com/wp-content/uploads/2025/08/2_graphic.png]
[www.ciklum.com/wp-content/uploads/2025/08/Icon2_Loss-prevention.png]
[www.ciklum.com/wp-content/uploads/2025/08/Icon3_customer-satisfaction-improvement-1.png]
[www.ciklum.com/wp-content/uploads/2025/08/Icon4_Collaborate-with-experts.png]
[www.ciklum.com/wp-content/uploads/2025/08/Icon5_Understand-the-purpose-of-AI.png]
[www.ciklum.com/wp-content/uploads/2025/08/Icon6_Foresee-and-resolve-risks.png]
[www.ciklum.com/blog/mitigating-risk-with-the-help-of-generative-ai-in-finance/index.html]
[www.ciklum.com/wp-content/uploads/2025/08/CTA.png]
[www.ciklum.com/wp-content/uploads/2025/08/graphic1-1.png]
[www.ciklum.com/wp-content/uploads/2025/08/Pro_Assisting-with-time-consuming-tasks.png]
[www.ciklum.com/category/automation/low-code-apps/index.html]
[www.ciklum.com/wp-content/uploads/2025/08/Pro_Supporting-developers.png]
[www.ciklum.com/wp-content/uploads/2025/08/Pro_Improving-innovation.png]
[www.ciklum.com/wp-content/uploads/2025/08/pro_cost-savings.png]
[www.ciklum.com/wp-content/uploads/2025/08/Con_Reliance-on-accurate-prompts.png]
[www.ciklum.com/wp-content/uploads/2025/08/Con_Security-and-privacy-within-development.png]
[www.ciklum.com/wp-content/uploads/2025/08/con_Ongoing-maintenance-and-checks.png]
[www.ciklum.com/wp-content/uploads/2025/08/Con_Collaboration-with-other-platforms-and-systems.png]
[www.ciklum.com/wp-content/uploads/2025/08/graphic2.png]
[www.ciklum.com/wp-content/uploads/2025/08/graphic3.png]
[www.ciklum.com/wp-content/uploads/2025/08/contact-us-CTA-1-1.png]
[www.ciklum.com/blog/how-is-the-growth-in-genai-changing-low-code-and-no-code-development/index.html]
[www.ciklum.com/wp-content/uploads/2025/08/graphic1-2.png]
[www.ciklum.com/wp-content/uploads/2025/08/Icon-1-chatbot.png]
[www.ciklum.com/wp-content/uploads/2025/08/Icon-2-Content-creation.png]
[www.ciklum.com/wp-content/uploads/2025/08/Icon-3-Research-personalized-learning.png]
[www.ciklum.com/wp-content/uploads/2025/08/Icon-4-Data-analysis-and-forecasting.png]
[www.ciklum.com/wp-content/uploads/2025/08/graphic2-1.png]
[www.ciklum.com/blog/retrieval-augmented-generation-rag-a-leap-in-generative-ai/index.html]
[www.ciklum.com/category/automation/page/2/index.html]
[www.ciklum.com/wp-content/uploads/2025/08/Discover-the-power-of-AI-in-supply-chain-logistics_Header-Image_1-1-1.png]
[www.ciklum.com/category/automation/page/3/index.html]
[www.ciklum.com/blog/discover-the-power-of-ai-in-supply-chain-logistics/index.html]
[www.ciklum.com/wp-content/uploads/2025/08/Ciklum-and-RoBUTCHER-partner-to-revolutionize-the-food-industry-with-innovative-AI-solutions-1.webp]
[www.ciklum.com/category/automation/ai-agents-orchestration/page/2/index.html]
[www.ciklum.com/blog/ciklum-and-robutcher-partner-to-revolutionize-the-food-industry-with-innovative-ai-solutions/index.html]
[www.ciklum.com/wp-content/uploads/2025/08/graph1-Oct-31-2024-01-34-33-3839-PM.png]
[www.ciklum.com/wp-content/uploads/2025/08/graph2-Oct-31-2024-01-34-33-0525-PM.png]
[www.ciklum.com/wp-content/uploads/2025/08/Copy-of-generative-AI_banner_Service-page.png]
[www.ciklum.com/wp-content/uploads/2025/08/graph3-Oct-31-2024-01-34-33-1795-PM.png]
[www.ciklum.com/wp-content/uploads/2025/08/Icon1_Retail.png]
[www.ciklum.com/wp-content/uploads/2025/08/Icon2_Education.png]
[www.ciklum.com/wp-content/uploads/2025/08/Copy-of-generative-AI_banner_contact-us-1.png]
[www.ciklum.com/blog/understanding-llm-agents-types-and-applications-in-ai/index.html]
[www.ciklum.com/blog/anthropic-unveils-ai-models-to-automate-complex-tasks-marking-a-new-era-for-ai-agents/index.html]
[www.ciklum.com/wp-content/uploads/2025/08/H2_-The-Admin-Workload-Is-Breaking-Healthcare_1.png]
[www.ciklum.com/wp-content/uploads/2025/08/AI_banner_Service-page-4.png]
[www.ciklum.com/wp-content/uploads/2025/08/H2_-The-Admin-Workload-Is-Breaking-Healthcare_2.png]
[www.ciklum.com/wp-content/uploads/2025/08/H3_-Financial-Strain-and-Operational-Pressure.png]
[www.ciklum.com/wp-content/uploads/2025/08/H3_-EHR-Management.png]
[www.ciklum.com/wp-content/uploads/2025/08/AI_banner_Case-study-4.png]
[www.ciklum.com/wp-content/uploads/2025/08/Intelligent-Automation_banner_Contact-Us-4.png]
[www.ciklum.com/blog/applying-automation-to-every-step-of-hospital-administration/index.html]
[www.ciklum.com/wp-content/uploads/2025/08/1_Medical-Training-and-Education.png]
[www.ciklum.com/wp-content/uploads/2025/08/2_Practicing-Surgical-Practice-in-VR.png]
[www.ciklum.com/wp-content/uploads/2025/08/3_Pain-Management-Therapy.png]
[www.ciklum.com/blog/emergence-of-virtual-reality-vr-in-healthcare/index.html]
[www.ciklum.com/category/cloud-edge-tech/page/2/index.html]
[www.ciklum.com/wp-content/uploads/2025/08/graph1-Oct-22-2024-05-08-20-4911-AM.png]
[www.ciklum.com/category/cloud-edge-tech/page/3/index.html]
[www.ciklum.com/wp-content/uploads/2025/08/graph2-Oct-22-2024-05-08-20-3514-AM.png]
[www.ciklum.com/wp-content/uploads/2025/08/Icon1_finance.png]
[www.ciklum.com/wp-content/uploads/2025/08/Icon2_healthcare.png]
[www.ciklum.com/wp-content/uploads/2025/08/Icon3_education.png]
[www.ciklum.com/wp-content/uploads/2025/08/Icon4_regulation.png]
[www.ciklum.com/wp-content/uploads/2025/08/Icon5_Adoption-cost.png]
[www.ciklum.com/wp-content/uploads/2025/08/Icon6_roadmapping.png]
[www.ciklum.com/wp-content/uploads/2025/08/Icon7_Responsibility.png]
[www.ciklum.com/wp-content/uploads/2025/08/Copy-of-Data-Science-and-data-analytics_banner_Contact-us.png]
[www.ciklum.com/blog/web-5-0-the-next-evolution-in-internet-technology/index.html]
[www.ciklum.com/author/dhruv-manage/index.html]
[www.ciklum.com/wp-content/uploads/2025/08/Artificial-intelligence-AI-and-Machine-Learning.png]
[www.ciklum.com/wp-content/uploads/2025/08/Graph-01.png]
[www.ciklum.com/wp-content/uploads/2025/08/Digital-transformation-and-assurance.png]
[www.ciklum.com/wp-content/uploads/2025/08/Continuous-delivery-and-deployment.png]
[www.ciklum.com/wp-content/uploads/2025/08/Security-breach-detection-and-prevention.png]
[www.ciklum.com/wp-content/uploads/2025/08/Cloud-reliance-for-scalability-1.png]
[www.ciklum.com/wp-content/uploads/2025/08/Progressive-web-apps.png]
[www.ciklum.com/wp-content/uploads/2025/08/Low-code-and-no-code-development.png]
[www.ciklum.com/wp-content/uploads/2025/08/UX-through-web-applications.png]
[www.ciklum.com/wp-content/uploads/2025/08/Graph-02.png]
[www.ciklum.com/wp-content/uploads/2025/08/web-based-ui.png]
[www.ciklum.com/wp-content/uploads/2025/08/Tightened-data-privacy.png]
[www.ciklum.com/wp-content/uploads/2025/08/Sustainable-and-eco-friendly-practices.png]
[www.ciklum.com/blog/top-10-software-development-trends-for-2025/index.html]
[www.ciklum.com/wp-content/uploads/2025/08/Microservices-architecture-statistics.jpg]
[www.ciklum.com/wp-content/uploads/2025/08/Icon_Scalability.jpg]
[www.ciklum.com/wp-content/uploads/2025/08/Icon-Faster-Development.jpg]
[www.ciklum.com/wp-content/uploads/2025/08/Icon-Improved-Reliability.jpg]
[www.ciklum.com/wp-content/uploads/2025/08/Icon_Enhanced-Customer-Experience.jpg]
[www.ciklum.com/wp-content/uploads/2025/08/Icon_Cost-Efficiency.jpg]
[www.ciklum.com/wp-content/uploads/2025/08/Icon_Complexity.jpg]
[www.ciklum.com/wp-content/uploads/2025/08/Icon_Coordination.jpg]
[www.ciklum.com/wp-content/uploads/2025/08/Icon_Data-Management.jpg]
[www.ciklum.com/wp-content/uploads/2025/08/Icon_Testing.jpg]
[www.ciklum.com/wp-content/uploads/2025/08/Icon_Security.jpg]
[www.ciklum.com/blog/transitioning-from-monolithic-to-microservices-architecture-a-strategic-move-in-retail/index.html]
[www.ciklum.com/blog/how-start-ups-harness-the-power-of-re-platforming-for-value/index.html]
[www.ciklum.com/wp-content/uploads/2025/08/Artboard-41-copy-5-100-3.jpg.webp]
[www.ciklum.com/blog/7-evolving-trends-in-software-development/index.html]
[www.ciklum.com/wp-content/uploads/2025/08/1364-px-Which-Outsourcing-Model-Suits-Your-Business-Tasks-and-Values.jpg]
[www.ciklum.com/ebook/turbocharge-your-incremental-growth-through-offshoring-ebook/index.html]
[www.ciklum.com/blog/software-development-outsourcing-models-which-one-is-best/index.html]
[www.ciklum.com/wp-content/uploads/2025/08/ciklum_blog_outsourcing_trends_image_01.jpg]
[www.ciklum.com/wp-content/uploads/2025/08/ciklum_blog_outsourcing_trends_image_02.png]
[www.ciklum.com/blog/2023-software-outsourcing-trends-explained/index.html]
[www.ciklum.com/wp-content/uploads/2025/08/ciklum_blog_outsourcing_risks_image_01.jpg]
[www.ciklum.com/wp-content/uploads/2025/08/ciklum_blog_outsourcing_risks_image_02.png]
[www.ciklum.com/blog/how-to-mitigate-the-risks-of-outsourcing-software-development/index.html]
[www.ciklum.com/blog/the-hottest-topics-in-fintech-find-out-at-money20-20/index.html]
[www.ciklum.com/wp-content/uploads/2025/08/CTA-banner-2.png]
[www.ciklum.com/wp-content/uploads/2025/08/Understand-Software-Development-Methodologies-and-Processes-1.png]
[www.ciklum.com/wp-content/uploads/2025/08/Explore-Pricing-and-Engagement-Models-1.png]
[www.ciklum.com/wp-content/uploads/2025/08/Assess-the-Teams-Technical-Competencies-and-Cultural-Compatibility-1.png]
[www.ciklum.com/wp-content/uploads/2025/08/Affirm-Risk-Management-and-Quality-Assurance-1.png]
[www.ciklum.com/wp-content/uploads/2025/08/Graph-5-1.png]
[www.ciklum.com/blog/how-to-choose-the-best-software-product-engineering-services-company/index.html]
[www.ciklum.com/wp-content/uploads/2025/08/graph1.png]
[www.ciklum.com/wp-content/uploads/2025/08/01_Digital-innovation.png]
[www.ciklum.com/wp-content/uploads/2025/08/02_Customer-expectations.png]
[www.ciklum.com/wp-content/uploads/2025/08/03_Market-opportunities.png]
[www.ciklum.com/wp-content/uploads/2025/08/08_Enhanced-differentiation.png]
[www.ciklum.com/wp-content/uploads/2025/08/05_Monetization-strategies.png]
[www.ciklum.com/wp-content/uploads/2025/08/10_Navigating-regulatory-compliance.png]
[www.ciklum.com/wp-content/uploads/2025/08/11_Keeping-pace-with-technology-and-innovation.png]
[www.ciklum.com/wp-content/uploads/2025/08/contact-us-CTA-2.png]
[www.ciklum.com/blog/shaping-the-future-of-neobanking-challenges-and-pathways-to-success/index.html]
[www.ciklum.com/blog/how-to-transform-it-into-a-business-enabler/index.html]
[www.ciklum.com/blog/ciklum-partners-with-walkme-to-enhance-digital-adoption-for-customers/index.html]
[www.ciklum.com/wp-content/uploads/2025/08/graph1-Sep-18-2024-08-49-45-0979-AM.png]
[www.ciklum.com/tag/user-research/index.html]
[www.ciklum.com/wp-content/uploads/2025/08/graph2_zone-of-tolerance-mapping.png]
[www.ciklum.com/wp-content/uploads/2025/08/graph3-Maturity-Scorecard.png]
[www.ciklum.com/wp-content/uploads/2025/08/graph4-3.png]
[www.ciklum.com/wp-content/uploads/2025/08/graph5.png]
[www.ciklum.com/blog/unleashing-innovation-key-takeaways-from-ciklums-client-conference-2024/index.html]
[www.ciklum.com/wp-content/uploads/2025/08/1_graphic-4.png]
[www.ciklum.com/wp-content/uploads/2025/08/3_graphic-3.png]
[www.ciklum.com/blog/navigating-the-challenges-and-complexities-of-open-banking/index.html]
[www.ciklum.com/blog/navigating-payments-innovation-how-to-adapt-to-new-consumer-demands-industry-advancements/index.html]
[www.ciklum.com/category/experience/page/2/index.html]
[www.ciklum.com/wp-content/uploads/2025/08/Open-Wallets.png]
[www.ciklum.com/category/experience/page/3/index.html]
[www.ciklum.com/wp-content/uploads/2025/08/User-Experience-Enhancements.png]
[www.ciklum.com/wp-content/uploads/2025/08/Cost-Effectiveness.png]
[www.ciklum.com/blog/digital-wallets-and-beyond-the-future-of-financial-services-in-the-mobile-era/index.html]
[www.ciklum.com/wp-content/uploads/2025/08/Outdated-Payment-Systems_-Is-Your-Checkout-Costing-You-Customers_.png]
[www.ciklum.com/wp-content/uploads/2025/08/CTA-Banner_Blog-1.png]
[www.ciklum.com/wp-content/uploads/2025/08/H3_-Limited-Payment-Options.png]
[www.ciklum.com/wp-content/uploads/2025/08/H3_-Outdated-Technology.png]
[www.ciklum.com/wp-content/uploads/2025/08/H3_-Lack-of-Personalization.png]
[www.ciklum.com/wp-content/uploads/2025/08/H3_-Limited-Global-Support.png]
[www.ciklum.com/wp-content/uploads/2025/08/H3_-Digital-Wallets-and-Super-Apps.png]
[www.ciklum.com/wp-content/uploads/2025/08/H3_-Open-Banking-Payments.png]
[www.ciklum.com/wp-content/uploads/2025/08/Customer-experience_banner_Contact-Us-2.png]
[www.ciklum.com/blog/outdated-payment-systems-is-your-checkout-costing-you-customers/index.html]
[www.ciklum.com/wp-content/uploads/2025/08/AdobeStock_182272721-scaled.jpg]
[www.ciklum.com/blog/how-seamless-payments-experiences-can-power-customer-loyalty/index.html]
[www.ciklum.com/tag/digital-transformation/index.html]
[www.ciklum.com/tag/payments/index.html]
[www.ciklum.com/wp-content/uploads/2025/08/H2_-Principle-1_-Simplicity-and-Clarity.png]
[www.ciklum.com/wp-content/uploads/2025/08/Experience-Design_banner_Service-page.png]
[www.ciklum.com/wp-content/uploads/2025/08/H2_-Principle-2_-Security-and-Trust_3.png]
[www.ciklum.com/wp-content/uploads/2025/08/H2_-Principle-3_-Personalization-and-Customization.png]
[www.ciklum.com/wp-content/uploads/2025/08/Experience-Design_banner_Contact-Us.png]
[www.ciklum.com/wp-content/uploads/2025/08/H2_-Principle-4_-Accessibility-and-Inclusivity.png]
[www.ciklum.com/wp-content/uploads/2025/08/H2_-Principle-5_-Performance-and-Speed.png]
[www.ciklum.com/wp-content/uploads/2025/08/H2_-Principle-6_-Consistency-and-Seamless-Multi-Device-Experience.png]
[www.ciklum.com/wp-content/uploads/2025/08/H2_-Principle-7_-Engagement-through-Feedback-and-Guidance.png]
[www.ciklum.com/blog/user-experience-matters-7-ux-principles-for-modern-mobile-banking-apps/index.html]
[www.ciklum.com/wp-content/uploads/2025/08/Graph-01-2-1.jpg]
[www.ciklum.com/wp-content/uploads/2025/08/Graph-02.jpg]
[www.ciklum.com/wp-content/uploads/2025/08/User-exclusion.png]
[www.ciklum.com/wp-content/uploads/2025/08/Poor-brand-perception.png]
[www.ciklum.com/wp-content/uploads/2025/08/Non-compliance.png]
[www.ciklum.com/wp-content/uploads/2025/08/Loss-of-customers-and-revenue.png]
[www.ciklum.com/wp-content/uploads/2025/08/Lack-of-social-responsibility.png]
[www.ciklum.com/wp-content/uploads/2025/08/Competitive-disadvantage.png]
[www.ciklum.com/wp-content/uploads/2025/08/Lower-customer-loyalty.png]
[www.ciklum.com/wp-content/uploads/2025/08/Poorer-SEO-performance-1-1.png]
[www.ciklum.com/wp-content/uploads/2025/08/low-employee-morale.png]
[www.ciklum.com/wp-content/uploads/2025/08/Bullet-Points-2b.jpg]
[www.ciklum.com/blog/enhanced-ux-accessibility-to-recapture-90-of-bounced-visitors/index.html]
[www.ciklum.com/wp-content/uploads/2025/08/graph1-Nov-13-2024-09-06-41-6240-AM.png]
[www.ciklum.com/wp-content/uploads/2025/08/graph2-Nov-13-2024-09-06-41-7616-AM.png]
[www.ciklum.com/wp-content/uploads/2025/08/banner-to-VR-case-study.png]
[www.ciklum.com/wp-content/uploads/2025/08/graph3-Nov-13-2024-09-06-42-5586-AM.png]
[www.ciklum.com/wp-content/uploads/2025/08/graph4-Nov-13-2024-09-06-41-6972-AM.png]
[www.ciklum.com/blog/experience-engineering-the-key-to-advanced-product-development-and-user-centered-innovation/index.html]
[www.ciklum.com/blog/softbank-and-nvidia-join-forces-to-revolutionize-ai-in-telecommunications/index.html]
[www.ciklum.com/wp-content/uploads/2025/08/graph1-2-1.png]
[www.ciklum.com/wp-content/uploads/2025/08/graph2-1-1.png]
[www.ciklum.com/wp-content/uploads/2025/08/graph3-4.png]
[www.ciklum.com/wp-content/uploads/2025/08/graph4-4.png]
[www.ciklum.com/wp-content/uploads/2025/08/Customer-experience_banner_Contact-Us-3.png]
[www.ciklum.com/blog/ai-and-experience-engineering-transforming-customer-interactions/index.html]
[www.ciklum.com/wp-content/uploads/2025/08/01.png]
[www.ciklum.com/blog/experience-engineering-and-building-products-users-love/index.html]
[www.ciklum.com/wp-content/uploads/2025/08/Case-Study-Banner.png]
[www.ciklum.com/wp-content/uploads/2025/08/02.png]
[www.ciklum.com/wp-content/uploads/2025/08/Product-engineering_banner_Contact-us-4.png]
[www.ciklum.com/blog/how-experience-engineering-drives-retail-innovation-and-growth/index.html]
[www.ciklum.com/wp-content/uploads/2025/08/Reatil.png]
[www.ciklum.com/wp-content/uploads/2025/08/AI-in-finance.png]
[www.ciklum.com/wp-content/uploads/2025/08/Healthcare.png]
[www.ciklum.com/wp-content/uploads/2025/08/Finace.png]
[www.ciklum.com/wp-content/uploads/2025/08/2.png]
[www.ciklum.com/wp-content/uploads/2025/08/Travel.png]
[www.ciklum.com/blog/application-of-ai-and-experience-engineering-across-industries/index.html]
[www.ciklum.com/wp-content/uploads/2025/08/H2_-How-Has-AI-in-Financial-Services-Evolved-So-Far_.png]
[www.ciklum.com/wp-content/uploads/2025/08/Customer-experience_banner_service-page-1.png]
[www.ciklum.com/wp-content/uploads/2025/08/H3_-Risk-Management-and-Fraud-Detection.png]
[www.ciklum.com/wp-content/uploads/2025/08/H3_-Operational-Efficiency.png]
[www.ciklum.com/wp-content/uploads/2025/08/H3_-Automated-Trading-and-Underwriting.png]
[www.ciklum.com/wp-content/uploads/2025/08/H3_-1.-Data-Privacy-and-Security.png]
[www.ciklum.com/wp-content/uploads/2025/08/banner_Is-your-business-ready-for-Responsible-AI-2.png]
[www.ciklum.com/wp-content/uploads/2025/08/H3_-5.-Technical-Issues.png]
[www.ciklum.com/wp-content/uploads/2025/08/H2_-Embracing-the-Complex-Role-of-AI-in-Cybersecurity.png]
[www.ciklum.com/wp-content/uploads/2025/08/H2_-In-Summary_-Overcoming-Cultural-and-Strategic-Challenges-for-AI-in-Finance.png]
[www.ciklum.com/wp-content/uploads/2025/08/CTA-Banner_Contact-us.png]
[www.ciklum.com/blog/how-is-ai-reshaping-the-future-of-the-financial-services-industry/index.html]
[www.ciklum.com/wp-content/uploads/2025/08/H2_-1.-Hyper-Personalized-Banking_1_Opt2-1-scaled.png]
[www.ciklum.com/wp-content/uploads/2025/08/H2_-1.-Hyper-Personalized-Banking_2.png]
[www.ciklum.com/wp-content/uploads/2025/08/H2_-2.-Automation-and-AI-in-Customer-Service_1.png]
[www.ciklum.com/wp-content/uploads/2025/08/H2_-2.-Automation-and-AI-in-Customer-Service_2.png]
[www.ciklum.com/wp-content/uploads/2025/08/H2_-3.-Open-Banking-and-Ecosystem-Integration_1.png]
[www.ciklum.com/wp-content/uploads/2025/08/H2_-4.-Enhancing-Security-and-Trust-in-Digital-Banking_1.png]
[www.ciklum.com/wp-content/uploads/2025/08/H2_-4.-Enhancing-Security-and-Trust-in-Digital-Banking_2.png]
[www.ciklum.com/wp-content/uploads/2025/08/H2_-5.-The-Evolution-of-Payment-Experiences.png]
[www.ciklum.com/wp-content/uploads/2025/08/CTA-Banner_Ebook_v2.png]
[www.ciklum.com/blog/banking-experience-2025-trends-shaping-customer-expectations/index.html]
[www.ciklum.com/author/rishi-nayak/index.html]
[www.ciklum.com/wp-content/uploads/2025/08/Digital-Transformation.jpg]
[www.ciklum.com/wp-content/uploads/2025/08/IoT-and-retail-AI.jpg]
[www.ciklum.com/blog/integrating-iot-with-ai-for-next-gen-retail-solutions/index.html]
[www.ciklum.com/wp-content/uploads/2025/08/Graph-1-3.png]
[www.ciklum.com/wp-content/uploads/2025/08/Graph-2-2.png]
[www.ciklum.com/wp-content/uploads/2025/08/Enhanced-Product-Design-and-Development.png]
[www.ciklum.com/wp-content/uploads/2025/08/Optimizing-Manufacturing-Processes.png]
[www.ciklum.com/wp-content/uploads/2025/08/Predictive-Maintenance.png]
[www.ciklum.com/wp-content/uploads/2025/08/Improved-Quality-Control.png]
[www.ciklum.com/wp-content/uploads/2025/08/Supply-Chain-Management-1.png]
[www.ciklum.com/wp-content/uploads/2025/08/Enhancing-IoT-Data-Utilization-1.png]
[www.ciklum.com/wp-content/uploads/2025/08/Energy-Efficiency-and-Sustainability.png]
[www.ciklum.com/wp-content/uploads/2025/08/Worker-Safety-and-Training.png]
[www.ciklum.com/wp-content/uploads/2025/08/Customizing-Products-to-Customer-Needs.png]
[www.ciklum.com/wp-content/uploads/2025/08/Facilitating-Remote-Operations-and-Maintenance.png]
[www.ciklum.com/wp-content/uploads/2025/08/Graph-4-1.png]
[www.ciklum.com/blog/10-ways-digital-twin-software-is-transforming-industry-4-0/index.html]
[www.ciklum.com/author/aaron-jones/index.html]
[www.ciklum.com/wp-content/uploads/2025/08/header_1-29.png]
[www.ciklum.com/wp-content/uploads/2025/08/header_1-24.png]
[www.ciklum.com/blog/10-ways-product-discovery-fuels-tech-innovation/index.html]
[www.ciklum.com/blog/4-ways-product-discovery-can-benefit-your-business/index.html]
[www.ciklum.com/wp-content/uploads/2025/08/4-ways-Product-Discovery-can-benefit-your-business-1.webp]
[www.ciklum.com/wp-content/uploads/2025/08/Building-industry-re-defining-products.-Part-1-1.webp]
[www.ciklum.com/category/experience/product-discovery/page/2/index.html]
[www.ciklum.com/blog/building-industry-re-defining-products-part-1/index.html]
[www.ciklum.com/wp-content/uploads/2025/08/How-fashion-brands-can-tap-into-the-circular-economy-through-recommerce.webp]
[www.ciklum.com/wp-content/uploads/2025/08/The-New-Consumer-Behaviour-Paradigm-and-Retail-Technology-Transformation.webp]
[www.ciklum.com/category/experience/product-management/page/2/index.html]
[www.ciklum.com/blog/how-fashion-brands-can-tap-into-the-circular-economy-through-recommerce/index.html]
[www.ciklum.com/author/myroslav-kravchenko/index.html]
[www.ciklum.com/wp-content/uploads/2025/08/graph1-11.png]
[www.ciklum.com/case-studies/transforming-product-lifecycle-management-system-with-ciklum/index.html]
[www.ciklum.com/wp-content/uploads/2025/08/Product-management_banner_service-page2-1.png]
[www.ciklum.com/wp-content/uploads/2025/08/icon1_Rapidly-Changing-Consumer-Preferences-1.png]
[www.ciklum.com/wp-content/uploads/2025/08/icon2_Managing-Complex-Supply-Chains-1.png]
[www.ciklum.com/wp-content/uploads/2025/08/icon1_Ensuring-Sustainability-and-Ethical-Sourcing-1.png]
[www.ciklum.com/wp-content/uploads/2025/08/graph2-7.png]
[www.ciklum.com/wp-content/uploads/2025/08/Product-management_banner_contact-us2-1.png]
[www.ciklum.com/blog/product-lifecycle-management-for-consumer-retail/index.html]
[www.ciklum.com/wp-content/uploads/2025/08/Statistics.jpg]
[www.ciklum.com/wp-content/uploads/2025/08/Customer-Lifetime-Value.jpg]
[www.ciklum.com/wp-content/uploads/2025/08/Icon_Poor-Customer-Feedback.jpg]
[www.ciklum.com/wp-content/uploads/2025/08/Icon_Lack-of-social-media-brand-advocacy.jpg]
[www.ciklum.com/wp-content/uploads/2025/08/Icon-Lack-of-consistent-communication.jpg]
[www.ciklum.com/wp-content/uploads/2025/08/Icon_Poor-offers.jpg]
[www.ciklum.com/wp-content/uploads/2025/08/Icon-Lack-of-loyalty-schemes.jpg]
[www.ciklum.com/wp-content/uploads/2025/08/Icon_Improving-customer-data-storage.jpg]
[www.ciklum.com/wp-content/uploads/2025/08/Icon_Omnichannel-support.jpg]
[www.ciklum.com/wp-content/uploads/2025/08/Icon_Digital-transformation-strategy.jpg]
[www.ciklum.com/wp-content/uploads/2025/08/Icon_Scalable-loyalty-schemes.jpg]
[www.ciklum.com/wp-content/uploads/2025/08/Icon_Resource-for-supporting-brand-advocacy.jpg]
[www.ciklum.com/wp-content/uploads/2025/08/Icon-Hyperpersonalization.jpg]
[www.ciklum.com/wp-content/uploads/2025/08/Diagram-Challenges-vs-Benefits.webp]
[www.ciklum.com/blog/evolving-cx-the-challenges-of-achieving-customer-loyalty-in-a-digital-age/index.html]
[www.ciklum.com/wp-content/uploads/2025/08/CTA-Image.jpg]
[www.ciklum.com/wp-content/uploads/2025/08/Checkout-conversion.png]
[www.ciklum.com/wp-content/uploads/2025/08/Payment-methods.png]
[www.ciklum.com/wp-content/uploads/2025/08/Mobile-optimization.png]
[www.ciklum.com/wp-content/uploads/2025/08/Subscriptions.png]
[www.ciklum.com/blog/enhance-your-checkout-experience-with-ciklum-and-stripe/index.html]
[www.ciklum.com/wp-content/uploads/2025/08/DTX-Europe-Stat.jpg]
[www.ciklum.com/wp-content/uploads/2025/08/Icon-The-Zone-of-Delight.png]
[www.ciklum.com/wp-content/uploads/2025/08/Icon-The-Zone-of-Tolerance.png]
[www.ciklum.com/wp-content/uploads/2025/08/Icon-The-Zone-of-Unacceptability.png]
[www.ciklum.com/blog/dtx-europe-top-3-takeaways/index.html]
[www.ciklum.com/wp-content/uploads/2025/08/Customer-experience_stats.jpg]
[www.ciklum.com/wp-content/uploads/2025/08/Icon-The-Zone-of-Delight-1.png]
[www.ciklum.com/wp-content/uploads/2025/08/Icon-The-Zone-of-Tolerance-1.png]
[www.ciklum.com/wp-content/uploads/2025/08/Icon-The-Zone-of-Unacceptability-1.png]
[www.ciklum.com/wp-content/uploads/2025/08/Uber-Taxi-Timeline.jpg]
[www.ciklum.com/wp-content/uploads/2025/08/Map-each-moment-with-Ciklum.jpg]
[www.ciklum.com/blog/are-you-ready-for-a-new-world-of-customer-experience/index.html]
[www.ciklum.com/wp-content/uploads/2025/08/Image-1.png]
[www.ciklum.com/wp-content/uploads/2025/08/Image-2.png]
[www.ciklum.com/wp-content/uploads/2025/08/Image-3.png]
[www.ciklum.com/wp-content/uploads/2025/08/Image-4.png]
[www.ciklum.com/wp-content/uploads/2025/08/Image-5.png]
[www.ciklum.com/blog/the-increasing-role-of-virtual-assistants-and-chatbots-in-revolutionizing-automotive-industry/index.html]
[www.ciklum.com/wp-content/uploads/2025/08/graph1-3.png]
[www.ciklum.com/wp-content/uploads/2025/08/graph2-3.png]
[www.ciklum.com/wp-content/uploads/2025/08/graph3-2.png]
[www.ciklum.com/wp-content/uploads/2025/08/no-1-1.png]
[www.ciklum.com/wp-content/uploads/2025/08/no-2-1.png]
[www.ciklum.com/wp-content/uploads/2025/08/graph4-1.png]
[www.ciklum.com/blog/discover-the-power-of-conversational-ai-solutions-for-business-success/index.html]
[www.ciklum.com/wp-content/uploads/2025/08/optimotive-1-1024x536.jpg]
[www.ciklum.com/blog/ciklum-and-kore-ai-announce-partnership-to-enhance-customer-experience/index.html]
[www.ciklum.com/tag/ciklum-news/index.html]
[www.ciklum.com/wp-content/uploads/2025/08/Icon-Better-decision-making.png]
[www.ciklum.com/tag/press-centre/index.html]
[www.ciklum.com/tag/partnerships/index.html]
[www.ciklum.com/wp-content/uploads/2025/08/Icon-Faster-task-execution.png]
[www.ciklum.com/wp-content/uploads/2025/08/Icon-More-intuitive-customer-experiences.png]
[www.ciklum.com/wp-content/uploads/2025/08/Icon-Lower-rates-of-errors.png]
[www.ciklum.com/wp-content/uploads/2025/08/What-is-Intelligent-Automation_infographic.jpg]
[www.ciklum.com/wp-content/uploads/2025/08/Icon-Reducing-costs.png]
[www.ciklum.com/wp-content/uploads/2025/08/Icon-Faster-processing.png]
[www.ciklum.com/wp-content/uploads/2025/08/Icon-Reduced-demand-on-staff.png]
[www.ciklum.com/wp-content/uploads/2025/08/Icon-Maximised-data-value.png]
[www.ciklum.com/wp-content/uploads/2025/08/Combining-Artificial-Intelligence-and-Intelligent-Automation-1.jpg]
[www.ciklum.com/blog/intelligent-automation-vs-artificial-intelligence-whats-the-difference/index.html]
[www.ciklum.com/wp-content/uploads/2025/08/graph1-Oct-28-2024-12-45-08-7422-PM.png]
[www.ciklum.com/wp-content/uploads/2025/08/graph2-Oct-28-2024-12-45-08-5707-PM.png]
[www.ciklum.com/wp-content/uploads/2025/08/graph3-Oct-28-2024-12-45-08-3960-PM.png]
[www.ciklum.com/wp-content/uploads/2025/08/graph4-Oct-28-2024-12-45-08-6908-PM.png]
[www.ciklum.com/wp-content/uploads/2025/08/Copy-of-AI_banner_Service-page-1.png]
[www.ciklum.com/wp-content/uploads/2025/08/graph5-2.png]
[www.ciklum.com/wp-content/uploads/2025/08/01_Limited-customization-options.png]
[www.ciklum.com/wp-content/uploads/2025/08/02_Limited-scalability.png]
[www.ciklum.com/wp-content/uploads/2025/08/03_Integration-challenges.png]
[www.ciklum.com/wp-content/uploads/2025/08/04_AI-integration.png]
[www.ciklum.com/wp-content/uploads/2025/08/05_Blockchain.png]
[www.ciklum.com/wp-content/uploads/2025/08/06_Domain-expansion.png]
[www.ciklum.com/wp-content/uploads/2025/08/Copy-of-AI_banner_Contact-us-1.png]
[www.ciklum.com/blog/no-code-artificial-intelligence-6-game-changing-advantages-for-developers/index.html]
[www.ciklum.com/wp-content/uploads/2025/08/graphic1-3.png]
[www.ciklum.com/wp-content/uploads/2025/08/1_Accelerated-Development-and-Faster-Time-to-Market.png]
[www.ciklum.com/wp-content/uploads/2025/08/2_Increased-Productivity-and-Efficiency.png]
[www.ciklum.com/wp-content/uploads/2025/08/3_Cost-Savings-and-Resource-Optimization.png]
[www.ciklum.com/author/aaron-patel/index.html]
[www.ciklum.com/wp-content/uploads/2025/08/4_Improved-Collaboration-and-Agility.png]
[www.ciklum.com/wp-content/uploads/2025/08/5_Seamless-Integration-and-Interoperability.png]
[www.ciklum.com/wp-content/uploads/2025/08/6_Enhanced-User-Experience-and-Customer-Satisfaction.png]
[www.ciklum.com/wp-content/uploads/2025/08/7_Increased-Security-and-Compliance.png]
[www.ciklum.com/wp-content/uploads/2025/08/8_Future-Proofing-and-Scalability.png]
[www.ciklum.com/wp-content/uploads/2025/08/9_Fostering-Innovation-and-Digital-Transformation.png]
[www.ciklum.com/blog/9-ways-low-code-applications-are-transforming-businesses/index.html]
[www.ciklum.com/wp-content/uploads/2025/08/Graph_1-2.png]
[www.ciklum.com/wp-content/uploads/2025/08/Graph2-2-1.png]
[www.ciklum.com/wp-content/uploads/2025/08/Icon1_Automated-Booking-Systems.png]
[www.ciklum.com/wp-content/uploads/2025/08/Icon2_-Enhancing-Customer-Service-Response-Times.png]
[www.ciklum.com/wp-content/uploads/2025/08/Icon3_Personalization-of-Customer-Experience.png]
[www.ciklum.com/wp-content/uploads/2025/08/Icon4_Managing-Cancellations-and-Refunds.png]
[www.ciklum.com/wp-content/uploads/2025/08/Icon5_Inventory-and-Pricing-Management.png]
[www.ciklum.com/blog/5-ways-rpa-streamlines-customer-service-in-the-travel-industry/index.html]
[www.ciklum.com/wp-content/uploads/2025/08/Digital-adoption-vs-digital-transformation.jpg]
[www.ciklum.com/author/adam-clayton/index.html]
[www.ciklum.com/wp-content/uploads/2025/08/Benefits-of-investing-in-digital-adoption-platforms-1.png]
[www.ciklum.com/wp-content/uploads/2025/08/Icon_Unexpected-ROI.jpg]
[www.ciklum.com/wp-content/uploads/2025/08/Icon_Employee-Attrition.jpg]
[www.ciklum.com/wp-content/uploads/2025/08/Icon_Insufficient-and-inadequate-software.jpg]
[www.ciklum.com/wp-content/uploads/2025/08/Icon_Lack-of-agility-from-internal-staff.jpg]
[www.ciklum.com/wp-content/uploads/2025/08/Icon_Poor-culture-or-lack-of-motivation.jpg]
[www.ciklum.com/blog/when-is-the-right-time-to-invest-in-digital-adoption/index.html]
[www.ciklum.com/wp-content/uploads/2025/08/graph1-2.png]
[www.ciklum.com/wp-content/uploads/2025/08/1_Onboarding.png]
[www.ciklum.com/wp-content/uploads/2025/08/2_Payments-Processing.png]
[www.ciklum.com/tag/process-mining/index.html]
[www.ciklum.com/wp-content/uploads/2025/08/3_fraud-detection.png]
[www.ciklum.com/wp-content/uploads/2025/08/4_Compliance-Managemen.png]
[www.ciklum.com/wp-content/uploads/2025/08/5_Dispute-Resolution.png]
[www.ciklum.com/blog/celonis-and-process-minings-role-in-transforming-payments/index.html]
[www.ciklum.com/wp-content/uploads/2025/08/02_Automate_systems.svg]
[www.ciklum.com/wp-content/uploads/2025/08/01_Deliver-superior-customer-experiences.svg]
[www.ciklum.com/wp-content/uploads/2025/08/01_Liberate-Capacity.svg]
[www.ciklum.com/blog/the-new-consumer-behaviour-paradigm-and-retail-technology-transformation/index.html]
[www.ciklum.com/wp-content/uploads/2025/08/Inline-Image_-AI-implementation_option1.jpg]
[www.ciklum.com/blog/getting-to-grips-with-the-real-costs-of-ai-implementation/index.html]
[www.ciklum.com/category/automation/gen-ai-decision-science/page/2/index.html]
[www.ciklum.com/author/irina-vasilenko/index.html]
[www.ciklum.com/wp-content/uploads/2025/08/How-Can-GenAI-Improve-the-Payments-Lifecycle_.png]
[www.ciklum.com/wp-content/uploads/2025/08/Service-Providers.png]
[www.ciklum.com/wp-content/uploads/2025/08/End-Users.png]
[www.ciklum.com/wp-content/uploads/2025/08/Icon_Challenges-in-Applying-GenAI-in-the-Payments-Lifecycle_Training.jpg]
[www.ciklum.com/wp-content/uploads/2025/08/Icon_Challenges-in-Applying-GenAI-in-the-Payments-Lifecycle_Cyberattacks.jpg]
[www.ciklum.com/wp-content/uploads/2025/08/Icon_Challenges-in-Applying-GenAI-in-the-Payments-Lifecycle_Money.jpg]
[www.ciklum.com/wp-content/uploads/2025/08/generative-AI_banner_contact-us-3.png]
[www.ciklum.com/blog/genai-and-the-payments-lifecycle-innovative-strategies-for-the-future/index.html]
[www.ciklum.com/blog/addressing-the-rising-threat-of-e-kyc-deepfakes-in-finance-and-banking/index.html]
[www.ciklum.com/wp-content/uploads/2025/08/graph_1-3.png]
[www.ciklum.com/wp-content/uploads/2025/08/1_Data-collection.png]
[www.ciklum.com/wp-content/uploads/2025/08/2_Customer-support.png]
[www.ciklum.com/wp-content/uploads/2025/08/3_e-commerce.png]
[www.ciklum.com/wp-content/uploads/2025/08/4_healthcare.png]
[www.ciklum.com/wp-content/uploads/2025/08/5_banking.png]
[www.ciklum.com/wp-content/uploads/2025/08/6_human-resources.png]
[www.ciklum.com/wp-content/uploads/2025/08/7_business-process-automation.png]
[www.ciklum.com/wp-content/uploads/2025/08/8_Content-creation.png]
[www.ciklum.com/wp-content/uploads/2025/08/9_media.png]
[www.ciklum.com/wp-content/uploads/2025/08/10_Software-development.png]
[www.ciklum.com/wp-content/uploads/2025/08/11_Education.png]
[www.ciklum.com/wp-content/uploads/2025/08/12_finance.png]
[www.ciklum.com/wp-content/uploads/2025/08/13_RD.png]
[www.ciklum.com/blog/conversational-ai-vs-generative-ai-choosing-the-right-ai-strategy-for-your-business/index.html]
[www.ciklum.com/wp-content/uploads/2025/02/info-image-copy-1.webp]
[www.ciklum.com/wp-content/uploads/2025/02/image-01-1.webp]
[www.ciklum.com/wp-content/uploads/2025/02/image-02-1.webp]
[www.ciklum.com/wp-content/uploads/2025/02/01_automation.png]
[www.ciklum.com/wp-content/uploads/2025/02/02_data-aggregation.png]
[www.ciklum.com/wp-content/uploads/2025/02/02_improve_data_accuracy-2.png]
[www.ciklum.com/wp-content/uploads/2025/02/04_collaboration-1.png]
[www.ciklum.com/wp-content/uploads/2025/02/01_data_driven_decision_making.png]
[www.ciklum.com/wp-content/uploads/2025/02/Frame-3-1.png]
[www.ciklum.com/wp-content/uploads/2025/02/Frame-2-2.png]
[www.ciklum.com/wp-content/uploads/2025/02/Frame-1.png]
[www.ciklum.com/wp-content/uploads/2025/02/Frame-4.png]
[www.ciklum.com/case-studies/streamlined-healthcare-automation/index.html]
[www.ciklum.com/blog/a-bold-step-into-the-future-as-meta-unveils-its-ar-glasses-prototype-orion/index.html]
[www.ciklum.com/wp-content/uploads/2025/08/Icon1_Increased-Customer-Engagement.png]
[www.ciklum.com/wp-content/uploads/2025/08/Icon2_Reduced-Returns.png]
[www.ciklum.com/wp-content/uploads/2025/08/Icon3_Enhanced-Personalization.png]
[www.ciklum.com/wp-content/uploads/2025/08/Icon4_-Improved-In-Store-Navigation.png]
[www.ciklum.com/wp-content/uploads/2025/08/Icon5_Cost-effective-showrooms.png]
[www.ciklum.com/wp-content/uploads/2025/08/Icon6_healthcare.png]
[www.ciklum.com/wp-content/uploads/2025/08/Icon7_Education.png]
[www.ciklum.com/wp-content/uploads/2025/08/Icon8_Real-estate.png]
[www.ciklum.com/wp-content/uploads/2025/08/Icon9_manufacturing.png]
[www.ciklum.com/wp-content/uploads/2025/08/Icon10_entertainment.png]
[www.ciklum.com/blog/transforming-retail-harnessing-the-power-of-augmented-reality/index.html]
[www.ciklum.com/blog/ciklum-sites-development-centre-in-belarus/index.html]
[www.ciklum.com/wp-content/uploads/2025/08/graph.png]
[www.ciklum.com/category/engineering/enterprise-ready-ai/index.html]
[www.ciklum.com/wp-content/uploads/2025/08/text1.png]
[www.ciklum.com/wp-content/uploads/2025/08/text2.png]
[www.ciklum.com/wp-content/uploads/2025/08/text3.png]
[www.ciklum.com/wp-content/uploads/2025/08/text4.png]
[www.ciklum.com/wp-content/uploads/2025/08/text5.png]
[www.ciklum.com/wp-content/uploads/2025/08/contact-us-CTA-1.png]
[www.ciklum.com/blog/five-challenges-of-embedded-technology-systems-why-experts-are-the-key-to-success/index.html]
[www.ciklum.com/category/cloud-edge-tech/edge-tech/index.html]
[www.ciklum.com/author/tomas-kliment/index.html]
[www.ciklum.com/wp-content/uploads/2025/08/04_AI-assisted-code.png]
[www.ciklum.com/wp-content/uploads/2025/08/Better-testing-and-governance.png]
[www.ciklum.com/wp-content/uploads/2025/08/Cloud-reliance-for-scalability.png]
[www.ciklum.com/wp-content/uploads/2025/08/05_AI-driven-CI-CD.png]
[www.ciklum.com/wp-content/uploads/2025/08/01_automation.png]
[www.ciklum.com/blog/ai-influence-on-the-daily-job-of-devops-engineers/index.html]
[www.ciklum.com/wp-content/uploads/2025/08/graph1-Sep-18-2024-01-08-42-2862-PM.png]
[www.ciklum.com/wp-content/uploads/2025/08/01_Monitoring-and-tracking-cloud-spend-1.png]
[www.ciklum.com/wp-content/uploads/2025/08/02_Implementing-cost-optimization-strategies-1.png]
[www.ciklum.com/wp-content/uploads/2025/08/03_Automating-cloud-cost-management-1.png]
[www.ciklum.com/wp-content/uploads/2025/08/Cloud-Platforms_banner_Service-page.png]
[www.ciklum.com/wp-content/uploads/2025/08/Cloud-Platforms_banner_Contact-us.png]
[www.ciklum.com/blog/how-finops-can-help-businesses-optimize-cloud-costs/index.html]
[www.ciklum.com/author/vladyslav-gram/index.html]
[www.ciklum.com/tag/salesforce/index.html]
[www.ciklum.com/solutions/cloud-platforms/salesforce/indexad75.html]
[www.ciklum.com/wp-content/uploads/2025/08/digital-payments-2.jpg]
[www.ciklum.com/blog/5-key-actions-when-deploying-new-payment-systems/index.html]
[www.ciklum.com/blog/scandinavian-tech-scene-trends-opportunities-in-the-it-market/index.html]
[www.ciklum.com/wp-content/uploads/2025/08/Quicker-Market-Entry-Flow-Chart-1.jpg]
[www.ciklum.com/wp-content/uploads/2025/08/Role-of-AI-Tools-1.jpg]
[www.ciklum.com/wp-content/uploads/2025/08/02_deploy-1.svg]
[www.ciklum.com/wp-content/uploads/2025/08/03_standardise_processes-1.svg]
[www.ciklum.com/wp-content/uploads/2025/08/04_manage_data_pipelines-1.svg]
[www.ciklum.com/wp-content/uploads/2025/08/01_enhance_experiences-1.svg]
[www.ciklum.com/wp-content/uploads/2025/08/02_gain_new_insights-1.svg]
[www.ciklum.com/wp-content/uploads/2025/08/03_embrace_analytics-1.svg]
[www.ciklum.com/wp-content/uploads/2025/08/04_reduce_your_risk-2.svg]
[www.ciklum.com/wp-content/uploads/2025/08/06_scalability_and_flexibility.svg]
[www.ciklum.com/wp-content/uploads/2025/08/02_improve_data_accuracy-1.svg]
[www.ciklum.com/wp-content/uploads/2025/08/03_cut_costs_and_waste-1.svg]
[www.ciklum.com/wp-content/uploads/2025/08/04_reduce_your_risk-1.svg]
[www.ciklum.com/wp-content/uploads/2025/08/03_scale_and_save-1.svg]
[www.ciklum.com/blog/leveraging-ai-tools-to-enhance-product-engineer-performance/index.html]
[www.ciklum.com/wp-content/uploads/2025/08/AI-in-the-workplace-statistics.jpg]
[www.ciklum.com/wp-content/uploads/2025/08/How-is-AI-being-used-in-the-workplace_-Opt-2.jpg]
[www.ciklum.com/wp-content/uploads/2025/08/Icon_Security-and-data-protection.jpg]
[www.ciklum.com/wp-content/uploads/2025/08/Icon_Increased-productivity.jpg]
[www.ciklum.com/wp-content/uploads/2025/08/Icon-Resource-management.jpg]
[www.ciklum.com/wp-content/uploads/2025/08/Icon_Faster-data-and-insights.jpg]
[www.ciklum.com/wp-content/uploads/2025/08/Icon-Routine-task-management.jpg]
[www.ciklum.com/blog/ai-in-the-workplace-is-there-a-place-for-humans-and-technology/index.html]
[www.ciklum.com/wp-content/uploads/2025/08/Salesforce_banner_Service-page-1.png]
[www.ciklum.com/wp-content/uploads/2025/08/Why-Data-Quality-Matters_1.png]
[www.ciklum.com/wp-content/uploads/2025/08/Why-Data-Quality-Matters_2.png]
[www.ciklum.com/wp-content/uploads/2025/08/Best-Practices-to-Maintain-Data-Quality.png]
[www.ciklum.com/wp-content/uploads/2025/08/Salesforce_banner_Contact-us-1.png]
[www.ciklum.com/blog/enhancing-data-quality-in-salesforce-tips-for-accurate-and-reliable-data/index.html]
[www.ciklum.com/wp-content/uploads/2025/08/ciklum_article_product_development_tough_economic_times_image_01.jpg]
[www.ciklum.com/blog/product-development-priorities-in-tough-economic-times/index.html]
[www.ciklum.com/blog/ftc-cracks-down-on-deceptive-ai-the-urgent-need-for-ethical-ai/index.html]
[www.ciklum.com/wp-content/uploads/2025/09/card-image-2-1.png]
[www.ciklum.com/wp-content/uploads/2024/07/infoimage-14.png]
[www.ciklum.com/wp-content/uploads/2024/07/image-01-4.png]
[www.ciklum.com/wp-content/uploads/2024/07/image-02-4.png]
[www.ciklum.com/case-studies/revolutionizing-apparel-shopping-with-lidar-powered-technology/index.html]
[www.ciklum.com/wp-content/uploads/2025/09/card-image-8.png]
[www.ciklum.com/wp-content/uploads/2024/07/infoimage-23-1.png]
[www.ciklum.com/wp-content/uploads/2024/07/image-01-13-1.png]
[www.ciklum.com/wp-content/uploads/2024/07/image-02-13-1.png]
[www.ciklum.com/case-studies/development-of-innovative-expense-management-application/index.html]
[www.ciklum.com/blog/ciklum-to-drive-igaming-personalization-with-optimove-partnership/index.html]
[www.ciklum.com/wp-content/uploads/2025/08/graph2-Sep-19-2024-09-05-53-3159-AM.png]
[www.ciklum.com/wp-content/uploads/2025/08/graph1-Sep-19-2024-09-05-53-4528-AM.png]
[www.ciklum.com/wp-content/uploads/2025/08/Icon1_technical-skills.png]
[www.ciklum.com/wp-content/uploads/2025/08/Icon_project-goals.png]
[www.ciklum.com/wp-content/uploads/2025/08/Product-engineering_banner_Contact-us-5.png]
[www.ciklum.com/blog/how-to-choose-the-right-nearshore-software-development-partner-a-step-by-step-guide/index.html]
[www.ciklum.com/wp-content/uploads/2025/08/16_9-Integrated-vs-Dedicated.jpg]
[www.ciklum.com/wp-content/uploads/2025/08/Pros-Cons.jpg]
[www.ciklum.com/blog/what-is-nearshore-software-development-and-why-is-it-important/index.html]
[www.ciklum.com/blog/the-next-marketplaces-wave-b2b-and-vertical-online-marketplaces/index.html]
[www.ciklum.com/wp-content/uploads/2025/08/H3_-Direct.png]
[www.ciklum.com/wp-content/uploads/2025/08/CTA-Banner_Blog-2.png]
[www.ciklum.com/wp-content/uploads/2025/08/H2_-Benefits-of-Data-Driven-Personalisation-in-Loyalty-Programs.png]
[www.ciklum.com/wp-content/uploads/2025/08/H2_-Benefits-of-Data-Driven-Personalisation-in-Loyalty-Programs_Bullet1.jpg]
[www.ciklum.com/wp-content/uploads/2025/08/H2_-Benefits-of-Data-Driven-Personalisation-in-Loyalty-Programs_Bullet2.jpg]
[www.ciklum.com/wp-content/uploads/2025/08/H2_-Benefits-of-Data-Driven-Personalisation-in-Loyalty-Programs_Bullet3.jpg]
[www.ciklum.com/wp-content/uploads/2025/08/H2_-Challenges-in-Retail-Customer-Data-Usage.png]
[www.ciklum.com/wp-content/uploads/2025/08/H2_-Challenges-in-Retail-Customer-Data-Usage_Bullet1.jpg]
[www.ciklum.com/wp-content/uploads/2025/08/H2_-Challenges-in-Retail-Customer-Data-Usage_Bullet2.jpg]
[www.ciklum.com/wp-content/uploads/2025/08/H2_-Challenges-in-Retail-Customer-Data-Usage_Bullet3.jpg]
[www.ciklum.com/wp-content/uploads/2025/08/H2_-Notable-Success-Stories-of-Data-Driven-Personalisation-in-Customer-Loyalty-Programs.png]
[www.ciklum.com/wp-content/uploads/2025/08/Data-and-AI_banner_Contact-us-1.png]
[www.ciklum.com/blog/from-insights-to-impact-data-driven-personalization-in-loyalty-programs/index.html]
[www.ciklum.com/author/venkataramana-ramamurthy/index.html]
[www.ciklum.com/tag/robotic-process-automation/index.html]
[www.ciklum.com/wp-content/uploads/2025/08/Multi-channel-eCommerce.png]
[www.ciklum.com/wp-content/uploads/2025/08/H3_-Increased-Sales-and-Market-Reach.png]
[www.ciklum.com/wp-content/uploads/2025/08/H2_-Strategies-for-Preparing-Your-Business-for-Multi-Channel-Selling.png]
[www.ciklum.com/wp-content/uploads/2025/08/H2_-Creating-a-Unified-Brand-Experience-Across-Channels.png]
[www.ciklum.com/wp-content/uploads/2025/08/H2_-Expanding-and-Scaling-Your-Multi-Channel-Strategy.png]
[www.ciklum.com/wp-content/uploads/2025/08/Intelligent-Automation_banner_Service-page-1.png]
[www.ciklum.com/blog/why-multi-channel-operations-are-your-next-big-win/index.html]
[www.ciklum.com/wp-content/uploads/2025/08/graph1-1-2.png]
[www.ciklum.com/wp-content/uploads/2025/08/1_engineering.png]
[www.ciklum.com/wp-content/uploads/2025/08/2_supply-chain-and-logistics.png]
[www.ciklum.com/wp-content/uploads/2025/08/3_manufacturing.png]
[www.ciklum.com/wp-content/uploads/2025/08/4_Commercial-and-Finance.png]
[www.ciklum.com/wp-content/uploads/2025/08/5_quality.png]
[www.ciklum.com/blog/5-ways-celonis-process-mining-boosts-manufacturing-efficiency/index.html]
[www.ciklum.com/wp-content/uploads/2025/08/16_9-Stats.jpg]
[www.ciklum.com/wp-content/uploads/2025/08/16_9-Inline-Image-1-1.jpg]
[www.ciklum.com/wp-content/uploads/2025/08/16_9-CTA-banner.png]
[www.ciklum.com/blog/process-mining-the-advantages-of-dynamic-process-analysis/index.html]
[www.ciklum.com/wp-content/uploads/2025/08/Digital-payments-blog_Stats.jpg]
[www.ciklum.com/category/cloud-edge-tech/media-content-creation/index.html]
[www.ciklum.com/wp-content/uploads/2025/08/Icon-Open-banking.png]
[www.ciklum.com/wp-content/uploads/2025/08/Icon-Alternative-payment-methods.png]
[www.ciklum.com/wp-content/uploads/2025/08/Icon-Verification-and-Anti-fraud.png]
[www.ciklum.com/blog/a-land-of-opportunity-a-new-era-for-digital-payments/index.html]
[www.ciklum.com/wp-content/uploads/2025/08/Screenshot-2022-10-10-at-08.09.46.png]
[www.ciklum.com/blog/buy-or-build-securing-competitive-edge-for-ecommerce-businesses/index.html]
[www.ciklum.com/blog/how-is-finance-winning-the-automation-race/index.html]
[www.ciklum.com/wp-content/themes/ciklum/assets/img/logo.svg]
[www.ciklum.com/wp-content/uploads/2025/08/graph1-4.png]
[www.ciklum.com/wp-content/uploads/2025/08/graph2-1-2.png]
[www.ciklum.com/blog/what-does-a-data-driven-retail-organization-look-like/index.html]
[www.ciklum.com/wp-content/uploads/2025/08/graph3.png]
[www.ciklum.com/wp-content/uploads/2025/08/graph4.png]
[www.ciklum.com/blog/10-ways-to-monetize-data-in-retail-and-supply-chain/index.html]
[www.ciklum.com/blog/is-your-business-fully-exploiting-data-heres-what-might-be-holding-you-back-14/index.html]
[www.ciklum.com/blog/the-spotlight-is-on-what-to-expect-at-ice-2023/index.html]
[www.ciklum.com/wp-content/uploads/2025/08/Three-ways-to-extend-your-runway-and-free-up-your-best-R-D-talent.webp]
[www.ciklum.com/wp-content/uploads/2025/08/What-does-a-data-driven-retail-organization-look-like.webp]
[www.ciklum.com/wp-content/uploads/2025/08/Identify-the-best-technologies-for-your-business-with-Ciklum-s-new-tool.webp]
[www.ciklum.com/category/automation/ai-strategy-coe/page/2/index.html]
[www.ciklum.com/blog/three-ways-to-extend-your-runway-and-free-up-your-best-rd-talent/index.html]
[www.ciklum.com/wp-content/uploads/2025/08/2023-07-28-03-33-24___App-development-outsourcing-Stats-updated.jpg]
[www.ciklum.com/blog/identify-the-best-technologies-for-your-business-with-ciklums-new-tool/index.html]
[www.ciklum.com/wp-content/uploads/2025/08/16_9-how-to-outsource-app-development-6-steps.jpg]
[www.ciklum.com/blog/app-development-outsourcing-how-to-make-it-work/index.html]
[www.ciklum.com/blog/how-low-code-no-code-can-increase-organisational-agility/index.html]
[www.ciklum.com/wp-content/uploads/2025/09/ciklum_ebook_intelligent_automation_landing_page_header-1-1.jpg]
[www.ciklum.com/ebook/supercharge-your-business-with-intelligent-automation-ebook/index.html]
[www.ciklum.com/wp-content/uploads/2023/07/ciklum_ebook_intelligent_automation_1080x1920px.pdf]
[www.ciklum.com/wp-content/uploads/2025/08/Icon-H2_-How-Did-Retail-Work_Bullet1-1.png]
[www.ciklum.com/wp-content/uploads/2025/08/Icon-H2_-How-Did-Retail-Work_Bullet2-1.png]
[www.ciklum.com/wp-content/uploads/2025/08/Icon-H2_-How-Did-Retail-Work_Bullet3-1.png]
[www.ciklum.com/wp-content/uploads/2025/08/Icon-H2_-How-Did-Retail-Work_Bullet4-1.png]
[www.ciklum.com/wp-content/uploads/2025/08/H2_-AI-in-Action_-How-Its-Changing-Retail-Today-1.png]
[www.ciklum.com/wp-content/uploads/2025/08/H2_-Why-Retailers-Love-AI-1.png]
[www.ciklum.com/wp-content/uploads/2025/08/H2_-Leading-Case-Studies-on-AI-in-Retail-1.png]
[www.ciklum.com/wp-content/uploads/2025/08/H2_-In-Summary_-Whats-Next-for-AI-in-Retail_-1.png]
[www.ciklum.com/wp-content/uploads/2025/08/AI_banner_Contact-us-3.png]
[www.ciklum.com/blog/ai-in-the-real-world-how-does-it-drive-retail-success/index.html]
[www.ciklum.com/wp-content/uploads/2025/08/01_Automated-inventory-management-and-demand-forecasting.png]
[www.ciklum.com/wp-content/uploads/2025/08/02_Customer-segmentation.png]
[www.ciklum.com/wp-content/uploads/2025/08/03_Real-time-hyper-personalization.png]
[www.ciklum.com/wp-content/uploads/2025/08/04_Risk-management.png]
[www.ciklum.com/blog/ai-driven-insights-for-retail-success-a-data-driven-approach/index.html]
[www.ciklum.com/wp-content/uploads/2025/08/Graph-01.jpg]
[www.ciklum.com/wp-content/uploads/2025/08/Forecasting-and-inventory-management.png]
[www.ciklum.com/wp-content/uploads/2025/08/Graph-02-1.jpg]
[www.ciklum.com/wp-content/uploads/2025/08/Cashierless-technology.png]
[www.ciklum.com/wp-content/uploads/2025/08/Creating-slick-customer-experiences.png]
[www.ciklum.com/wp-content/uploads/2025/08/Synchronizing-online-and-offline-retail.png]
[www.ciklum.com/wp-content/uploads/2025/08/Enabling-interactive-chat.png]
[www.ciklum.com/wp-content/uploads/2025/08/Improved-customer-satisfaction.png]
[www.ciklum.com/wp-content/uploads/2025/08/Stock-efficiency.png]
[www.ciklum.com/wp-content/uploads/2025/08/Reduced-overheads.png]
[www.ciklum.com/wp-content/uploads/2025/08/Better-security.png]
[www.ciklum.com/wp-content/uploads/2025/08/keeping-up-with-the-compitition.png]
[www.ciklum.com/wp-content/uploads/2025/08/related-industry-implementation.png]
[www.ciklum.com/wp-content/uploads/2025/08/ai-with-parcel-delivery.png]
[www.ciklum.com/wp-content/uploads/2025/08/Graph-3.jpg]
[www.ciklum.com/blog/a-guide-to-ai-in-retail-purpose-benefits-importance/index.html]
[www.ciklum.com/wp-content/uploads/2025/08/ciklum_money2020_blogpost_image.jpg]
[www.ciklum.com/blog/money20-20-top-trends-lead-the-way-in-payments/index.html]
[www.ciklum.com/blog/10-ways-to-monetise-data-in-retail-and-supply-chain/index.html]
[www.ciklum.com/author/rishi-kathuria/index.html]
[www.ciklum.com/wp-content/uploads/2025/08/Does-using-AI-in-finance-pave-the-way-for-other-industry-adoption.webp]
[www.ciklum.com/wp-content/uploads/2025/08/1_graph.png]
[www.ciklum.com/category/data/ai-ops/index.html]
[www.ciklum.com/wp-content/uploads/2025/08/2_graph.png]
[www.ciklum.com/wp-content/uploads/2025/08/3_teaser-for-case-study.png]
[www.ciklum.com/wp-content/uploads/2025/08/4_graph.png]
[www.ciklum.com/wp-content/uploads/2025/08/Icon1_healthcare.png]
[www.ciklum.com/wp-content/uploads/2025/08/Icon2_eCommerce.png]
[www.ciklum.com/wp-content/uploads/2025/08/Icon3_plane.png]
[www.ciklum.com/wp-content/uploads/2025/08/Icon4_manufacturing.png]
[www.ciklum.com/wp-content/uploads/2025/08/03_security.svg]
[www.ciklum.com/wp-content/uploads/2025/08/Icon3_customer-satisfaction-improvement.png]
[www.ciklum.com/wp-content/uploads/2025/08/IconB_Employee-experience.png]
[www.ciklum.com/blog/does-using-ai-in-finance-pave-the-way-for-other-industry-adoption/index.html]
[www.ciklum.com/wp-content/uploads/2025/08/How-payment-systems-can-make-or-break-the-customer-experience.webp]
[www.ciklum.com/blog/how-payment-systems-can-make-or-break-the-customer-experience/index.html]
[www.ciklum.com/tag/modern-data-technology/index.html]
[www.ciklum.com/author/ganesh-prabhu/index.html]
[www.ciklum.com/wp-content/uploads/2025/08/Businessman-doing-online-banking-making-a-payment-or-purchasing-goods-on-the-internet-entering-his-credit-card-details-on-a-laptop-close-up-view-of-his-hand]
[www.ciklum.com/category/experience/user-research/index.html]
[www.ciklum.com/blog/pandemic-creates-unique-opportunity-for-start-ups-to-empower-distributed-teams/index.html]
[www.ciklum.com/wp-content/uploads/2025/08/Travel-Predictions-2025_-The-Future-of-Travel-and-Customer-Experience_BannerOpt1-1-1024x697.png]
[www.ciklum.com/blog/digital-trends-that-reshape-our-travelling-experience/index.html]
[www.ciklum.com/wp-content/uploads/2025/09/ciklum_ebook_generative_ai_website_tile-1-1.jpg]
[www.ciklum.com/wp-content/uploads/2023/10/ciklum_ebook_generative_ai_1080x1920px.pdf]
[www.ciklum.com/ebook/gen-ai-cracking-the-code-to-business-growth-ebook/index.html]
[www.ciklum.com/category/data/page/3/index.html]
[www.ciklum.com/blog/big-techs-200-billion-ai-bet-growth-or-gamble/index.html]
[www.ciklum.com/blog/an-algorithm-to-transcribe-ancient-kuzushiji-into-сontemporary-japanese-characters/index.html]
[www.ciklum.com/wp-content/uploads/2025/08/The-4-Transformative-Benefits-of-Offshore-Outsourcing.webp]
[www.ciklum.com/category/engineering/page/3/index.html]
[www.ciklum.com/category/data/page/4/index.html]
[www.ciklum.com/category/automation/low-code-apps/index.html]
[www.ciklum.com/category/automation/page/3/index.html]
[www.ciklum.com/category/engineering/page/4/index.html]
[www.ciklum.com/blog/the-4-transformative-benefits-of-offshore-outsourcing/index.html]
[www.ciklum.com/category/automation/page/4/index.html]
[www.ciklum.com/wp-content/uploads/2025/08/How-to-use-AI-in-logistics-Option-2-1-1.png]
[www.ciklum.com/wp-content/uploads/2025/08/Icon-Risk-identification-1-1.png]
[www.ciklum.com/wp-content/uploads/2025/08/Icon-Resource-management-1-1.png]
[www.ciklum.com/wp-content/uploads/2025/08/Icon-Insight-generation-1-1.png]
[www.ciklum.com/wp-content/uploads/2025/08/Icon-Smarter-decision-making-1-1.png]
[www.ciklum.com/wp-content/uploads/2025/08/Discover-the-power-of-AI-in-supply-chain-logistics_CTA-banner_1-1-1.png]
[www.ciklum.com/wp-content/uploads/2025/08/How-to-prepare-your-business-for-AI-1-1.png]
[www.ciklum.com/blog/discover-the-power-of-ai-in-supply-chain-logistics/index.html]
[www.ciklum.com/blog/ciklum-and-robutcher-partner-to-revolutionize-the-food-industry-with-innovative-ai-solutions/index.html]
[www.ciklum.com/category/cloud-edge-tech/page/3/index.html]
[www.ciklum.com/wp-content/uploads/2025/09/ciklum_ebook_israel_landing_page_header-1.jpg]
[www.ciklum.com/wp-content/uploads/2023/05/ciklum_ebook_israel_offshoring_1080x1920px.pdf]
[www.ciklum.com/ebook/turbocharge-your-incremental-growth-through-offshoring-ebook/index.html]
[www.ciklum.com/tag/user-research/index.html]
[www.ciklum.com/category/experience/page/3/index.html]
[www.ciklum.com/tag/digital-transformation/index.html]
[www.ciklum.com/tag/payments/index.html]
[www.ciklum.com/wp-content/uploads/2025/08/1_graphic-5.png]
[www.ciklum.com/wp-content/uploads/2025/08/2_graphic-4.png]
[www.ciklum.com/category/experience/page/4/index.html]
[www.ciklum.com/wp-content/uploads/2025/08/3_graphic-4.png]
[www.ciklum.com/wp-content/uploads/2025/08/4_graphic-1.png]
[www.ciklum.com/blog/experience-engineering-and-building-products-users-love/index.html]
[www.ciklum.com/wp-content/uploads/2025/08/graph1-6.png]
[www.ciklum.com/tag/product-discovery/index.html]
[www.ciklum.com/wp-content/uploads/2025/08/01_Identifying-Customer-Needs.png]
[www.ciklum.com/wp-content/uploads/2025/08/02_Fostering-Creativity.png]
[www.ciklum.com/wp-content/uploads/2025/08/03_Enabling-Real-World-Validation.png]
[www.ciklum.com/wp-content/uploads/2025/08/04_Reducing-Risk.png]
[www.ciklum.com/wp-content/uploads/2025/08/05_Refining-Solutions.png]
[www.ciklum.com/wp-content/uploads/2025/08/06_Supporting-Data-Driven-Decision-Making.png]
[www.ciklum.com/wp-content/uploads/2025/08/07_Encouraging-Collaboration.png]
[www.ciklum.com/wp-content/uploads/2025/08/08_Maximizing-Agility.png]
[www.ciklum.com/wp-content/uploads/2025/08/09_Enhancing-User-Experiences.png]
[www.ciklum.com/wp-content/uploads/2025/08/10_Driving-Competitive-Advantage.png]
[www.ciklum.com/blog/10-ways-product-discovery-fuels-tech-innovation/index.html]
[www.ciklum.com/wp-content/uploads/2025/08/ciklum_blog_4_ways_product_discovery_can_benefit_your_business_imagery_01.png]
[www.ciklum.com/blog/4-ways-product-discovery-can-benefit-your-business/index.html]
[www.ciklum.com/blog/building-industry-re-defining-products-part-1/index.html]
[www.ciklum.com/wp-content/uploads/2025/08/pexels-liza-summer-6347920-scaled.jpg]
[www.ciklum.com/blog/how-fashion-brands-can-tap-into-the-circular-economy-through-recommerce/index.html]
[www.ciklum.com/author/myroslav-kravchenko/index.html]
[www.ciklum.com/wp-content/uploads/2025/09/adidas.png]
[www.ciklum.com/wp-content/uploads/2024/04/infoimage-1.png]
[www.ciklum.com/wp-content/uploads/2024/04/the-problem.png]
[www.ciklum.com/wp-content/uploads/2024/04/how-we-helped-them-5.png]
[www.ciklum.com/wp-content/uploads/2024/04/System-Integration-1.webp]
[www.ciklum.com/wp-content/uploads/2024/04/Staff-Coordination-and-training-1.png]
[www.ciklum.com/wp-content/uploads/2024/04/Delivery-1.png]
[www.ciklum.com/wp-content/uploads/2024/04/UXUI-1.webp]
[www.ciklum.com/wp-content/uploads/2024/04/xray-plugin-for-jira.png]
[www.ciklum.com/wp-content/uploads/2024/04/react-redux.png]
[www.ciklum.com/wp-content/uploads/2024/04/TS.png]
[www.ciklum.com/case-studies/transforming-product-lifecycle-management-system-with-ciklum/index.html]
[www.ciklum.com/solutions/intelligent-automation/index.html]
[www.ciklum.com/tag/ciklum-news/index.html]
[www.ciklum.com/tag/partnerships/index.html]
[www.ciklum.com/tag/press-centre/index.html]
[www.ciklum.com/author/aaron-patel/index.html]
[www.ciklum.com/author/adam-clayton/index.html]
[www.ciklum.com/tag/process-mining/index.html]
[www.ciklum.com/author/irina-vasilenko/index.html]
[www.ciklum.com/wp-content/uploads/2025/08/Two-decades-of-Ciklum-success-1.webp]
[www.ciklum.com/wp-content/uploads/2025/08/Are-you-coming-to-Europe-s-biggest-FinTech-event.webp]
[www.ciklum.com/blog/two-decades-of-ciklum-success/index.html]
[www.ciklum.com/wp-content/uploads/2025/08/Ciklum-sites-Development-centre-in-Ukraine.webp]
[www.ciklum.com/wp-content/uploads/2025/08/Ciklum-sites-Development-centre-in-Poland.webp]
[www.ciklum.com/wp-content/uploads/2025/08/Ciklum-sites-Development-centre-in-Spain.webp]
[www.ciklum.com/category/engineering/enterprise-ready-ai/index.html]
[www.ciklum.com/blog/are-you-coming-to-europes-biggest-fintech-event/index.html]
[www.ciklum.com/wp-content/uploads/2025/08/02_deploy-1.svg]
[www.ciklum.com/wp-content/uploads/2025/08/03_standardise_processes-1.svg]
[www.ciklum.com/wp-content/uploads/2025/08/04_manage_data_pipelines-1.svg]
[www.ciklum.com/wp-content/uploads/2025/08/01_enhance_experiences-1.svg]
[www.ciklum.com/wp-content/uploads/2025/08/02_gain_new_insights-1.svg]
[www.ciklum.com/wp-content/uploads/2025/08/03_embrace_analytics-1.svg]
[www.ciklum.com/wp-content/uploads/2025/08/04_reduce_your_risk-2.svg]
[www.ciklum.com/wp-content/uploads/2025/08/06_scalability_and_flexibility.svg]
[www.ciklum.com/wp-content/uploads/2025/08/02_improve_data_accuracy-1.svg]
[www.ciklum.com/wp-content/uploads/2025/08/03_cut_costs_and_waste-1.svg]
[www.ciklum.com/wp-content/uploads/2025/08/04_reduce_your_risk-1.svg]
[www.ciklum.com/wp-content/uploads/2025/08/03_scale_and_save-1.svg]
[www.ciklum.com/category/cloud-edge-tech/media-content-creation/index.html]
[www.ciklum.com/blog/ciklum-sites-development-centre-in-poland/index.html]
[www.ciklum.com/blog/ciklum-sites-development-centre-in-ukraine/index.html]
[www.ciklum.com/blog/ciklum-sites-development-centre-in-spain/index.html]
[www.ciklum.com/wp-content/uploads/2025/08/AdobeStock_568744254-scaled.jpg]
[www.ciklum.com/blog/what-does-a-data-driven-retail-organization-look-like/index.html]
[www.ciklum.com/data-analytics/index.html]
[www.ciklum.com/wp-content/uploads/2025/08/AdobeStock_162943505-scaled.jpg]
[www.ciklum.com/blog/three-ways-to-extend-your-runway-and-free-up-your-best-rd-talent/index.html]
[www.ciklum.com/blog/identify-the-best-technologies-for-your-business-with-ciklums-new-tool/index.html]
[www.ciklum.com/our-expertise/robotic-process-automation/index.html]
[www.ciklum.com/category/data/ai-ops/index.html]
[www.ciklum.com/wp-content/uploads/2025/08/03_security.svg]
[www.ciklum.com/category/experience/user-research/index.html]
[www.ciklum.com/category/data/page/4/index.html]
[www.ciklum.com/wp-content/uploads/2025/08/Ciklum-sites-Development-centre-in-Pakistan.webp]
[www.ciklum.com/category/engineering/page/4/index.html]
[www.ciklum.com/author/shay-avrahamov/index.html]
[www.ciklum.com/category/engineering/page/5/index.html]
[www.ciklum.com/author/james-lennon/index.html]
[www.ciklum.com/wp-content/uploads/2025/08/Offshore-Outsourcing-blog_Stats.jpg]
[www.ciklum.com/blog/ciklum-sites-development-centre-in-pakistan/index.html]
[www.ciklum.com/wp-content/uploads/2025/08/Offshore-Outsourcing-blog_qualities.jpg]
[www.ciklum.com/wp-content/uploads/2025/08/Offshore-Outsourcing-blog-CTA-banner.png]
[www.ciklum.com/blog/the-4-transformative-benefits-of-offshore-outsourcing/index.html]
[www.ciklum.com/category/automation/page/4/index.html]
[www.ciklum.com/category/experience/page/4/index.html]
[www.ciklum.com/tag/product-discovery/index.html]
[www.ciklum.com/wp-content/uploads/2025/08/ciklum_20years_carousel_01-2-scaled.png]
[www.ciklum.com/wp-content/uploads/2025/08/ciklum_20years_carousel_02-2-scaled.png]
[www.ciklum.com/blog/two-decades-of-ciklum-success/index.html]
[www.ciklum.com/blog/are-you-coming-to-europes-biggest-fintech-event/index.html]
[www.ciklum.com/blog/ciklum-sites-development-centre-in-ukraine/index.html]
[www.ciklum.com/blog/ciklum-sites-development-centre-in-poland/index.html]
[www.ciklum.com/blog/ciklum-sites-development-centre-in-spain/index.html]
[www.ciklum.com/author/shay-avrahamov/index.html]
[www.ciklum.com/author/james-lennon/index.html]
[www.ciklum.com/category/engineering/page/5/index.html]
[www.ciklum.com/category/automation/page/5/index.html]
[www.ciklum.com/category/experience/page/5/index.html]
[www.ciklum.com/blog/ciklum-sites-development-centre-in-pakistan/index.html]
[www.ciklum.com/category/automation/page/5/index.html]
[www.ciklum.com/category/experience/page/5/index.html]
[www.ciklum.com/category/engineering/runops/index.html]
[www.ciklum.com/category/engineering/runops/index.html]
[www.ciklum.com/category/automation/page/6/index.html]
[www.ciklum.com/category/automation/page/6/index.html]
